gbifID,species,decimalLongitude,decimalLatitude,year,bio1_mean_temp_c,bio4_mean_temp_c,bio14_mean_temp_c,bio6_mean_temp_c,bio4_seasonality_temp_c,bio14_driest_precip_mm,bio6_cold_max_c
6520718655,Lithobates pipiens,-68.788851,44.990948,2026,6.2838335037231445,1025.2115478515625,68.0,-14.415999412536621,1025.2115478515625,68.0,-14.415999412536621
6520714657,Dryophytes versicolor,-68.773346,44.61565,2026,6.803500175476074,979.0145263671875,80.0,-12.819999694824219,979.0145263671875,80.0,-12.819999694824219
6520678362,Dryophytes versicolor,-68.720969,44.611887,2026,6.809333324432373,984.707275390625,80.0,-12.911999702453613,984.707275390625,80.0,-12.911999702453613
6520667379,Anaxyrus americanus,-69.794576,44.203264,2026,7.080666542053223,993.8464965820312,75.0,-12.668000221252441,993.8464965820312,75.0,-12.668000221252441
6520635129,Lithobates pipiens,-67.845134,46.222778,2026,4.332333564758301,1104.598876953125,59.0,-17.775999069213867,1104.598876953125,59.0,-17.775999069213867
6520596403,Anaxyrus americanus,-70.456821,43.994143,2026,6.875500202178955,987.4703979492188,84.0,-13.395999908447266,987.4703979492188,84.0,-13.395999908447266
6520578080,Dryophytes versicolor,-70.589287,43.319987,2026,8.071000099182129,922.8304443359375,82.0,-10.260000228881836,922.8304443359375,82.0,-10.260000228881836
6520566821,Anaxyrus americanus,-70.684983,44.393545,2026,5.877166748046875,1023.9049682617188,70.0,-15.144000053405762,1023.9049682617188,70.0,-15.144000053405762
6520466321,Anaxyrus americanus,-68.459563,44.685825,2026,6.565499782562256,994.3069458007812,82.0,-13.45199966430664,994.3069458007812,82.0,-13.45199966430664
6520444555,Dryophytes versicolor,-68.695588,44.787616,2026,6.63433313369751,1008.2554931640625,73.0,-13.624000549316406,1008.2554931640625,73.0,-13.624000549316406
6520430365,Dryophytes versicolor,-68.624256,44.766248,2026,6.500999927520752,1007.5053100585938,76.0,-13.708000183105469,1007.5053100585938,76.0,-13.708000183105469
6520413611,Anaxyrus americanus,-69.822108,43.874055,2026,7.694675922393799,915.9007568359375,77.0,-10.088889122009277,915.9007568359375,77.0,-10.088889122009277
6520373789,Anaxyrus americanus,-67.7031,44.5182,2026,,,,,,,
6520292427,Dryophytes versicolor,-68.614112,44.681114,2026,6.5269999504089355,997.1307373046875,82.0,-13.4399995803833,997.1307373046875,82.0,-13.4399995803833
6520268523,Anaxyrus americanus,-69.017731,44.389835,2026,7.017666816711426,955.3396606445312,82.0,-11.9399995803833,955.3396606445312,82.0,-11.9399995803833
6520168034,Anaxyrus americanus,-68.857452,45.924545,2026,2.86299991607666,1079.739013671875,64.0,-18.31999969482422,1079.739013671875,64.0,-18.31999969482422
6520120810,Anaxyrus americanus,-69.07424,44.967292,2026,6.005833148956299,1037.4207763671875,70.0,-15.104000091552734,1037.4207763671875,70.0,-15.104000091552734
6520085960,Dryophytes versicolor,-70.105592,44.023175,2026,7.176833152770996,977.0897827148438,81.0,-12.144000053405762,977.0897827148438,81.0,-12.144000053405762
6520035317,Anaxyrus americanus,-70.19337,43.919476,2026,7.1551666259765625,966.578369140625,81.0,-12.079999923706055,966.578369140625,81.0,-12.079999923706055
6520016517,Lithobates pipiens,-67.89379,45.973465,2026,4.691999912261963,1082.0723876953125,62.0,-17.236000061035156,1082.0723876953125,62.0,-17.236000061035156
6520011303,Dryophytes versicolor,-68.646951,44.69542,2026,6.4651665687561035,995.5755615234375,81.0,-13.484000205993652,995.5755615234375,81.0,-13.484000205993652
6520008254,Anaxyrus americanus,-68.869061,45.947991,2026,2.86299991607666,1079.739013671875,64.0,-18.31999969482422,1079.739013671875,64.0,-18.31999969482422
6520008079,Dryophytes versicolor,-68.674273,44.604653,2026,6.751500129699707,989.9302368164062,82.0,-13.01200008392334,989.9302368164062,82.0,-13.01200008392334
6519970770,Dryophytes versicolor,-68.624912,44.733852,2026,6.309000015258789,1001.7885131835938,82.0,-13.732000350952148,1001.7885131835938,82.0,-13.732000350952148
6519963331,Dryophytes versicolor,-68.705702,44.652506,2026,6.632166862487793,992.1956176757812,81.0,-13.227999687194824,992.1956176757812,81.0,-13.227999687194824
6519959693,Anaxyrus americanus,-69.058489,45.872915,2026,4.078500270843506,1091.1790771484375,54.0,-17.76799964904785,1091.1790771484375,54.0,-17.76799964904785
6519957344,Anaxyrus americanus,-68.823222,45.90585,2026,4.039999961853027,1083.252197265625,58.0,-17.56800079345703,1083.252197265625,58.0,-17.56800079345703
6519938178,Dryophytes versicolor,-70.293153,43.732925,2026,7.481333255767822,953.4989624023438,82.0,-11.704000473022461,953.4989624023438,82.0,-11.704000473022461
6519918581,Dryophytes versicolor,-68.771458,44.697923,2026,6.512666702270508,997.424560546875,79.0,-13.491999626159668,997.424560546875,79.0,-13.491999626159668
6519869753,Anaxyrus americanus,-70.055255,43.822046,2026,,,,,,,
6519864453,Dryophytes versicolor,-68.723648,44.619733,2026,6.809333324432373,984.707275390625,80.0,-12.911999702453613,984.707275390625,80.0,-12.911999702453613
6519844782,Anaxyrus americanus,-68.632728,44.659653,2026,6.339666843414307,993.2438354492188,84.0,-13.503999710083008,993.2438354492188,84.0,-13.503999710083008
6519825159,Anaxyrus americanus,-69.0507,44.2315,2023,6.89965295791626,935.4232177734375,83.0,-11.337499618530273,935.4232177734375,83.0,-11.337499618530273
6519819272,Dryophytes versicolor,-70.151217,44.670449,2024,5.76633358001709,1037.781982421875,73.0,-15.859999656677246,1037.781982421875,73.0,-15.859999656677246
6519785122,Dryophytes versicolor,-70.270815,43.73662,2026,7.567666530609131,948.2005004882812,81.0,-11.359999656677246,948.2005004882812,81.0,-11.359999656677246
6519776993,Dryophytes versicolor,-68.632401,44.678287,2026,6.4651665687561035,995.5755615234375,81.0,-13.484000205993652,995.5755615234375,81.0,-13.484000205993652
6519776725,Dryophytes versicolor,-68.788621,44.624541,2026,6.803500175476074,979.0145263671875,80.0,-12.819999694824219,979.0145263671875,80.0,-12.819999694824219
6519752011,Anaxyrus americanus,-69.821145,43.944028,2026,,,,,,,
6519732655,Dryophytes versicolor,-68.648478,44.665029,2026,6.339666843414307,993.2438354492188,84.0,-13.503999710083008,993.2438354492188,84.0,-13.503999710083008
6519689712,Anaxyrus americanus,-70.391735,44.109451,2026,6.769166469573975,998.0711059570312,79.0,-13.54800033569336,998.0711059570312,79.0,-13.54800033569336
6519645591,Anaxyrus americanus,-70.924378,44.043911,2026,6.67383337020874,1023.0392456054688,83.0,-14.67199993133545,1023.0392456054688,83.0,-14.67199993133545
6519625576,Anaxyrus americanus,-70.809915,44.538637,2026,5.333499908447266,1024.16259765625,65.0,-15.656000137329102,1024.16259765625,65.0,-15.656000137329102
6519619786,Anaxyrus americanus,-68.8463,46.155048,2026,3.7266666889190674,1110.92822265625,53.0,-18.871999740600586,1110.92822265625,53.0,-18.871999740600586
6519608648,Dryophytes versicolor,-68.707439,44.630856,2026,6.632166862487793,992.1956176757812,81.0,-13.227999687194824,992.1956176757812,81.0,-13.227999687194824
6519582566,Dryophytes versicolor,-70.293137,43.732942,2026,7.481333255767822,953.4989624023438,82.0,-11.704000473022461,953.4989624023438,82.0,-11.704000473022461
6519518347,Dryophytes versicolor,-70.45662,43.484097,2026,7.889999866485596,928.1427001953125,81.0,-10.684000015258789,928.1427001953125,81.0,-10.684000015258789
6519515940,Lithobates pipiens,-68.765251,44.823985,2026,7.00333309173584,1028.0465087890625,72.0,-13.616000175476074,1028.0465087890625,72.0,-13.616000175476074
6519489216,Anaxyrus americanus,-70.562578,43.846362,2026,7.311166763305664,941.655517578125,83.0,-11.883999824523926,941.655517578125,83.0,-11.883999824523926
6519467601,Dryophytes versicolor,-70.293145,43.732912,2026,7.481333255767822,953.4989624023438,82.0,-11.704000473022461,953.4989624023438,82.0,-11.704000473022461
6519465424,Dryophytes versicolor,-68.623338,44.78206,2026,6.500999927520752,1007.5053100585938,76.0,-13.708000183105469,1007.5053100585938,76.0,-13.708000183105469
6519444341,Dryophytes versicolor,-68.603394,44.776355,2026,6.500999927520752,1007.5053100585938,76.0,-13.708000183105469,1007.5053100585938,76.0,-13.708000183105469
6519433803,Anaxyrus americanus,-67.592828,44.479875,2026,,,,,,,
6519403598,Dryophytes versicolor,-68.743059,44.69428,2026,6.60366678237915,996.2638549804688,78.0,-13.399999618530273,996.2638549804688,78.0,-13.399999618530273
6519361706,Anaxyrus americanus,-68.798637,45.915662,2026,4.039999961853027,1083.252197265625,58.0,-17.56800079345703,1083.252197265625,58.0,-17.56800079345703
6519267516,Anaxyrus americanus,-70.843056,43.912842,2026,6.638166427612305,1001.8033447265625,85.0,-14.572000503540039,1001.8033447265625,85.0,-14.572000503540039
6519251146,Dryophytes versicolor,-68.665998,44.66033,2026,6.339666843414307,993.2438354492188,84.0,-13.503999710083008,993.2438354492188,84.0,-13.503999710083008
6519230486,Anaxyrus americanus,-70.024261,44.30593,2026,6.668833255767822,1011.173828125,75.0,-13.612000465393066,1011.173828125,75.0,-13.612000465393066
6519205738,Dryophytes versicolor,-68.701317,44.688451,2026,6.56516695022583,994.3455200195312,79.0,-13.395999908447266,994.3455200195312,79.0,-13.395999908447266
6519174616,Dryophytes versicolor,-68.70587,44.617738,2026,6.751500129699707,989.9302368164062,82.0,-13.01200008392334,989.9302368164062,82.0,-13.01200008392334
6519143553,Anaxyrus americanus,-70.550936,43.735593,2026,7.041500091552734,972.0524291992188,85.0,-13.072000503540039,972.0524291992188,85.0,-13.072000503540039
6519137324,Anaxyrus americanus,-69.475339,44.562832,2026,6.668166637420654,1007.4907836914062,70.0,-13.748000144958496,1007.4907836914062,70.0,-13.748000144958496
6519120401,Anaxyrus americanus,-70.826163,44.180919,2026,6.274666786193848,1005.5418090820312,79.0,-14.732000350952148,1005.5418090820312,79.0,-14.732000350952148
6519109429,Dryophytes versicolor,-68.76555,44.668314,2026,6.512666702270508,997.424560546875,79.0,-13.491999626159668,997.424560546875,79.0,-13.491999626159668
6519064465,Dryophytes versicolor,-67.454955,44.706425,2026,6.328000068664551,943.397216796875,78.0,-12.87600040435791,943.397216796875,78.0,-12.87600040435791
6519054735,Dryophytes versicolor,-68.71837,44.713319,2026,6.654333114624023,1004.6091918945312,76.0,-13.539999961853027,1004.6091918945312,76.0,-13.539999961853027
6519027642,Anaxyrus americanus,-69.622238,45.451728,2026,3.9206666946411133,1083.189453125,63.0,-17.911998748779297,1083.189453125,63.0,-17.911998748779297
6519020785,Dryophytes versicolor,-68.662022,44.615456,2026,6.58050012588501,989.641357421875,82.0,-13.187999725341797,989.641357421875,82.0,-13.187999725341797
6519019456,Dryophytes versicolor,-68.783949,44.766339,2026,6.9691667556762695,1020.7234497070312,73.0,-13.532000541687012,1020.7234497070312,73.0,-13.532000541687012
6518985045,Anaxyrus americanus,-68.819586,45.929519,2026,3.6440000534057617,1084.0391845703125,61.0,-17.86400032043457,1084.0391845703125,61.0,-17.86400032043457
6518974594,Anaxyrus americanus,-70.184801,44.220931,2026,6.722833156585693,1005.3626098632812,76.0,-13.447999954223633,1005.3626098632812,76.0,-13.447999954223633
6518953620,Anaxyrus americanus,-69.050786,44.265956,2026,6.795333385467529,941.8868408203125,84.0,-11.631999969482422,941.8868408203125,84.0,-11.631999969482422
6518944846,Anaxyrus americanus,-70.456365,43.994765,2026,6.875500202178955,987.4703979492188,84.0,-13.395999908447266,987.4703979492188,84.0,-13.395999908447266
6518936004,Dryophytes versicolor,-69.331602,43.997888,2026,,,,,,,
6518907915,Dryophytes versicolor,-68.768775,44.766322,2026,6.9691667556762695,1020.7234497070312,73.0,-13.532000541687012,1020.7234497070312,73.0,-13.532000541687012
6518881576,Dryophytes versicolor,-68.931705,44.919513,2026,6.230833053588867,1027.0938720703125,69.0,-14.564000129699707,1027.0938720703125,69.0,-14.564000129699707
6518867291,Anaxyrus americanus,-68.832797,45.903563,2026,4.039999961853027,1083.252197265625,58.0,-17.56800079345703,1083.252197265625,58.0,-17.56800079345703
6518862272,Dryophytes versicolor,-68.654696,44.632051,2026,6.339666843414307,993.2438354492188,84.0,-13.503999710083008,993.2438354492188,84.0,-13.503999710083008
6518859615,Anaxyrus americanus,-68.852097,45.919045,2026,2.86299991607666,1079.739013671875,64.0,-18.31999969482422,1079.739013671875,64.0,-18.31999969482422
6518857383,Dryophytes versicolor,-68.69626,44.67515,2026,6.56516695022583,994.3455200195312,79.0,-13.395999908447266,994.3455200195312,79.0,-13.395999908447266
6518836380,Dryophytes versicolor,-68.712087,44.784996,2026,6.7813334465026855,1015.2465209960938,73.0,-13.644000053405762,1015.2465209960938,73.0,-13.644000053405762
6518824716,Anaxyrus americanus,-69.889241,44.798325,2026,5.895999908447266,1044.8614501953125,66.0,-15.899999618530273,1044.8614501953125,66.0,-15.899999618530273
6518789304,Dryophytes versicolor,-68.70709,44.711508,2026,6.362666606903076,1001.3154907226562,79.0,-13.736000061035156,1001.3154907226562,79.0,-13.736000061035156
6518773326,Anaxyrus americanus,-69.47232,45.36195,2026,4.363999843597412,1070.8551025390625,65.0,-17.29199981689453,1070.8551025390625,65.0,-17.29199981689453
6518735562,Dryophytes versicolor,-68.744704,44.722085,2026,6.654333114624023,1004.6091918945312,76.0,-13.539999961853027,1004.6091918945312,76.0,-13.539999961853027
6518718392,Dryophytes versicolor,-68.643517,44.630745,2026,6.339666843414307,993.2438354492188,84.0,-13.503999710083008,993.2438354492188,84.0,-13.503999710083008
6518710727,Dryophytes versicolor,-68.720914,44.669874,2026,6.60366678237915,996.2638549804688,78.0,-13.399999618530273,996.2638549804688,78.0,-13.399999618530273
6518673658,Dryophytes versicolor,-68.609189,44.743776,2026,6.309000015258789,1001.7885131835938,82.0,-13.732000350952148,1001.7885131835938,82.0,-13.732000350952148
6518659827,Dryophytes versicolor,-70.739426,43.300667,2026,8.016666412353516,942.5143432617188,84.0,-10.871999740600586,942.5143432617188,84.0,-10.871999740600586
6518657345,Anaxyrus americanus,-70.691206,43.435818,2026,7.795666694641113,955.4168090820312,85.0,-11.592000007629395,955.4168090820312,85.0,-11.592000007629395
6518643589,Anaxyrus americanus,-70.214417,43.831167,2026,7.369333267211914,956.81689453125,81.0,-11.763999938964844,956.81689453125,81.0,-11.763999938964844
6518628302,Dryophytes versicolor,-69.98658,43.902155,2026,7.499833106994629,951.3106079101562,79.0,-11.196000099182129,951.3106079101562,79.0,-11.196000099182129
6518573024,Dryophytes versicolor,-69.276209,44.113515,2026,7.324833393096924,937.2228393554688,80.0,-10.803999900817871,937.2228393554688,80.0,-10.803999900817871
6518562187,Dryophytes versicolor,-70.270792,43.736613,2026,7.567666530609131,948.2005004882812,81.0,-11.359999656677246,948.2005004882812,81.0,-11.359999656677246
6518532148,Dryophytes versicolor,-68.61987,44.785451,2026,6.500999927520752,1007.5053100585938,76.0,-13.708000183105469,1007.5053100585938,76.0,-13.708000183105469
6518516073,Anaxyrus americanus,-70.896072,44.408975,2025,5.713666915893555,1019.891357421875,68.0,-15.199999809265137,1019.891357421875,68.0,-15.199999809265137
6518483710,Anaxyrus americanus,-69.253753,44.287728,2026,7.014666557312012,962.6718139648438,82.0,-11.956000328063965,962.6718139648438,82.0,-11.956000328063965
6518482927,Anaxyrus americanus,-70.662104,43.338275,2026,7.925666809082031,937.5431518554688,84.0,-10.899999618530273,937.5431518554688,84.0,-10.899999618530273
6518481092,Anaxyrus americanus,-69.552952,43.8812,2026,7.741666316986084,877.7926025390625,77.0,-9.208333969116211,877.7926025390625,77.0,-9.208333969116211
6518451668,Anaxyrus americanus,-69.876384,44.003055,2026,7.3427534103393555,965.2699584960938,80.0,-11.686956405639648,965.2699584960938,80.0,-11.686956405639648
6518433340,Anaxyrus americanus,-68.498069,44.792566,2026,6.180500030517578,1005.5964965820312,82.0,-14.0,1005.5964965820312,82.0,-14.0
6518432747,Anaxyrus americanus,-68.823741,45.917047,2026,3.6440000534057617,1084.0391845703125,61.0,-17.86400032043457,1084.0391845703125,61.0,-17.86400032043457
6518420962,Dryophytes versicolor,-70.293158,43.732945,2026,7.481333255767822,953.4989624023438,82.0,-11.704000473022461,953.4989624023438,82.0,-11.704000473022461
6518399973,Dryophytes versicolor,-69.01458,44.423937,2026,7.00121545791626,958.5623779296875,83.0,-12.133333206176758,958.5623779296875,83.0,-12.133333206176758
6518381786,Dryophytes versicolor,-68.572272,44.439358,2026,6.809999942779541,957.6420288085938,78.0,-12.220000267028809,957.6420288085938,78.0,-12.220000267028809
6518359878,Dryophytes versicolor,-68.644454,44.674226,2026,6.4651665687561035,995.5755615234375,81.0,-13.484000205993652,995.5755615234375,81.0,-13.484000205993652
6518356678,Lithobates pipiens,-68.806008,44.930442,2026,6.328499794006348,1025.414794921875,68.0,-14.34000015258789,1025.414794921875,68.0,-14.34000015258789
6518349577,Dryophytes versicolor,-70.603028,43.501422,2026,7.540333271026611,952.433349609375,84.0,-11.984000205993652,952.433349609375,84.0,-11.984000205993652
6518347098,Dryophytes versicolor,-70.546372,43.802047,2026,7.1875,952.9636840820312,83.0,-12.399999618530273,952.9636840820312,83.0,-12.399999618530273
6518346804,Anaxyrus americanus,-69.742562,43.815667,2026,7.661309242248535,883.58984375,77.0,-9.428571701049805,883.58984375,77.0,-9.428571701049805
6518342817,Anaxyrus americanus,-70.956956,43.848822,2026,6.61133337020874,994.781005859375,89.0,-14.32800006866455,994.781005859375,89.0,-14.32800006866455
6500384476,Dryophytes versicolor,-68.777172,44.604638,2026,6.803500175476074,979.0145263671875,80.0,-12.819999694824219,979.0145263671875,80.0,-12.819999694824219
6500349660,Lithobates pipiens,-68.614906,45.908233,2026,4.756999969482422,1090.1136474609375,59.0,-17.18000030517578,1090.1136474609375,59.0,-17.18000030517578
6500298354,Anaxyrus americanus,-69.878927,44.3582,2026,6.676166534423828,1008.33154296875,72.0,-13.552000045776367,1008.33154296875,72.0,-13.552000045776367
6500288040,Anaxyrus americanus,-68.824535,45.921266,2026,3.6440000534057617,1084.0391845703125,61.0,-17.86400032043457,1084.0391845703125,61.0,-17.86400032043457
6500258636,Anaxyrus americanus,-69.809515,45.655256,2026,3.6654999256134033,1099.5775146484375,58.0,-18.2760009765625,1099.5775146484375,58.0,-18.2760009765625
6500251806,Dryophytes versicolor,-69.930375,43.966063,2026,7.389999866485596,964.047119140625,80.0,-11.595999717712402,964.047119140625,80.0,-11.595999717712402
6500234855,Dryophytes versicolor,-68.70498,44.68574,2026,6.56516695022583,994.3455200195312,79.0,-13.395999908447266,994.3455200195312,79.0,-13.395999908447266
6500228797,Dryophytes versicolor,-68.253236,44.378989,2026,6.910666465759277,945.4031372070312,75.0,-11.907999992370605,945.4031372070312,75.0,-11.907999992370605
6500223721,Lithobates pipiens,-68.788333,44.890332,2026,6.487833023071289,1021.14892578125,68.0,-14.032000541687012,1021.14892578125,68.0,-14.032000541687012
6500220362,Dryophytes versicolor,-68.246368,44.550322,2026,6.719791889190674,959.634521484375,76.0,-12.699999809265137,959.634521484375,76.0,-12.699999809265137
6500207563,Dryophytes versicolor,-68.787982,44.613042,2026,6.803500175476074,979.0145263671875,80.0,-12.819999694824219,979.0145263671875,80.0,-12.819999694824219
6500129698,Anaxyrus americanus,-69.00703,45.877012,2026,3.693333387374878,1090.853271484375,55.0,-18.148000717163086,1090.853271484375,55.0,-18.148000717163086
6500128885,Lithobates pipiens,-67.89811,45.973246,2026,4.691999912261963,1082.0723876953125,62.0,-17.236000061035156,1082.0723876953125,62.0,-17.236000061035156
6500084552,Dryophytes versicolor,-68.220311,44.332584,2026,6.842187404632568,919.6708984375,75.0,-11.387499809265137,919.6708984375,75.0,-11.387499809265137
6500082157,Lithobates pipiens,-68.954239,45.248262,2026,5.605999946594238,1052.94580078125,68.0,-15.784000396728516,1052.94580078125,68.0,-15.784000396728516
6500073147,Anaxyrus americanus,-70.92086,44.049538,2026,6.67383337020874,1023.0392456054688,83.0,-14.67199993133545,1023.0392456054688,83.0,-14.67199993133545
6500047284,Anaxyrus americanus,-70.814347,44.420644,2026,5.888333320617676,1025.17626953125,65.0,-15.263999938964844,1025.17626953125,65.0,-15.263999938964844
6500040503,Anaxyrus americanus,-70.367325,45.085708,2026,3.8416666984558105,1052.4803466796875,65.0,-17.328001022338867,1052.4803466796875,65.0,-17.328001022338867
6500038895,Anaxyrus americanus,-69.193831,46.300838,2026,3.297333240509033,1123.705078125,52.0,-19.420000076293945,1123.705078125,52.0,-19.420000076293945
6500014036,Anaxyrus americanus,-69.189053,45.19928,2026,5.429500102996826,1057.1693115234375,71.0,-16.20400047302246,1057.1693115234375,71.0,-16.20400047302246
6500006495,Dryophytes versicolor,-70.256997,44.03692,2026,7.0256667137146,984.649169921875,80.0,-12.67199993133545,984.649169921875,80.0,-12.67199993133545
6499994405,Anaxyrus americanus,-70.477578,43.544555,2026,7.53849983215332,945.0792846679688,82.0,-11.65999984741211,945.0792846679688,82.0,-11.65999984741211
6499985659,Lithobates pipiens,-68.417894,44.923215,2026,6.067500114440918,1017.3220825195312,76.0,-14.472000122070312,1017.3220825195312,76.0,-14.472000122070312
6499968709,Lithobates pipiens,-69.390893,44.814155,2026,6.164000034332275,1030.1405029296875,68.0,-14.907999992370605,1030.1405029296875,68.0,-14.907999992370605
6499964348,Dryophytes versicolor,-68.323094,44.28129,2026,,,,,,,
6499951682,Lithobates pipiens,-68.7612,44.92196,2026,6.360666751861572,1024.862060546875,68.0,-14.260000228881836,1024.862060546875,68.0,-14.260000228881836
6499929841,Anaxyrus americanus,-68.594093,47.25201,2026,,,,,,,
6499927654,Anaxyrus americanus,-69.37422,45.368385,2026,4.887333393096924,1067.793212890625,66.0,-16.90399932861328,1067.793212890625,66.0,-16.90399932861328
6499911749,Anaxyrus americanus,-69.995158,44.103592,2026,6.922499656677246,982.4824829101562,80.0,-12.496000289916992,982.4824829101562,80.0,-12.496000289916992
6499900428,Anaxyrus americanus,-69.146648,46.366884,2026,3.0783333778381348,1125.1103515625,54.0,-19.663999557495117,1125.1103515625,54.0,-19.663999557495117
6499879741,Dryophytes versicolor,-68.623545,44.615079,2026,6.517666816711426,987.9100341796875,82.0,-13.263999938964844,987.9100341796875,82.0,-13.263999938964844
6499875387,Anaxyrus americanus,-68.793097,46.135667,2026,3.8475000858306885,1115.0443115234375,54.0,-18.775999069213867,1115.0443115234375,54.0,-18.775999069213867
6499847477,Anaxyrus americanus,-70.369248,44.080405,2024,6.886666774749756,993.9820556640625,80.0,-13.236000061035156,993.9820556640625,80.0,-13.236000061035156
6499845628,Lithobates pipiens,-68.750432,44.974618,2026,6.2838335037231445,1025.2115478515625,68.0,-14.415999412536621,1025.2115478515625,68.0,-14.415999412536621
6499796847,Anaxyrus americanus,-69.325165,45.487045,2026,4.0908331871032715,1068.1163330078125,64.0,-17.43199920654297,1068.1163330078125,64.0,-17.43199920654297
6499785388,Anaxyrus americanus,-69.160651,45.770571,2026,4.167500019073486,1088.0792236328125,55.0,-17.700000762939453,1088.0792236328125,55.0,-17.700000762939453
6499784592,Dryophytes versicolor,-70.814214,44.4206,2026,5.888333320617676,1025.17626953125,65.0,-15.263999938964844,1025.17626953125,65.0,-15.263999938964844
6499764427,Dryophytes versicolor,-68.637041,44.611487,2026,6.58050012588501,989.641357421875,82.0,-13.187999725341797,989.641357421875,82.0,-13.187999725341797
6499748828,Lithobates pipiens,-68.764139,44.827087,2026,7.00333309173584,1028.0465087890625,72.0,-13.616000175476074,1028.0465087890625,72.0,-13.616000175476074
6499730402,Anaxyrus americanus,-69.124979,46.252413,2026,3.5226666927337646,1120.7581787109375,51.0,-19.224000930786133,1120.7581787109375,51.0,-19.224000930786133
6499729030,Anaxyrus americanus,-69.50032,44.443133,2026,6.851833343505859,1001.3907470703125,71.0,-13.260000228881836,1001.3907470703125,71.0,-13.260000228881836
6499721032,Dryophytes versicolor,-68.66982,44.721476,2026,6.362666606903076,1001.3154907226562,79.0,-13.736000061035156,1001.3154907226562,79.0,-13.736000061035156
6499707324,Dryophytes versicolor,-69.620551,44.135145,2026,7.195333003997803,965.7000122070312,77.0,-11.776000022888184,965.7000122070312,77.0,-11.776000022888184
6499700278,Anaxyrus americanus,-70.306463,43.683212,2026,7.831333160400391,959.189208984375,81.0,-11.355999946594238,959.189208984375,81.0,-11.355999946594238
6499698412,Dryophytes versicolor,-70.279595,43.73338,2026,7.567666530609131,948.2005004882812,81.0,-11.359999656677246,948.2005004882812,81.0,-11.359999656677246
6499697683,Anaxyrus americanus,-67.756839,44.721995,2026,6.234833240509033,982.2291870117188,78.0,-13.859999656677246,982.2291870117188,78.0,-13.859999656677246
6499689341,Anaxyrus americanus,-70.307701,43.682616,2026,7.831333160400391,959.189208984375,81.0,-11.355999946594238,959.189208984375,81.0,-11.355999946594238
6499622487,Anaxyrus americanus,-70.222717,43.88568,2026,7.198333263397217,965.715087890625,81.0,-12.124000549316406,965.715087890625,81.0,-12.124000549316406
6499617140,Anaxyrus americanus,-69.317558,45.461345,2026,4.0908331871032715,1068.1163330078125,64.0,-17.43199920654297,1068.1163330078125,64.0,-17.43199920654297
6499615483,Anaxyrus americanus,-70.790681,43.851892,2026,6.64466667175293,993.9296264648438,85.0,-14.324000358581543,993.9296264648438,85.0,-14.324000358581543
6499608273,Anaxyrus americanus,-70.930006,44.172067,2026,6.549833297729492,1008.40576171875,77.0,-14.515999794006348,1008.40576171875,77.0,-14.515999794006348
6499600649,Dryophytes versicolor,-70.56636,43.912201,2026,7.2804999351501465,947.5828247070312,83.0,-12.067999839782715,947.5828247070312,83.0,-12.067999839782715
6499584346,Anaxyrus americanus,-70.46283,43.974986,2026,6.802999973297119,990.3799438476562,85.0,-13.628000259399414,990.3799438476562,85.0,-13.628000259399414
6499575793,Dryophytes versicolor,-70.057224,43.999524,2026,7.223833084106445,967.0440063476562,82.0,-11.880000114440918,967.0440063476562,82.0,-11.880000114440918
6499547432,Dryophytes versicolor,-70.455999,43.833239,2026,7.138999938964844,976.42626953125,82.0,-12.776000022888184,976.42626953125,82.0,-12.776000022888184
6499527450,Anaxyrus americanus,-70.301649,43.684989,2026,7.831333160400391,959.189208984375,81.0,-11.355999946594238,959.189208984375,81.0,-11.355999946594238
6499521128,Anaxyrus americanus,-69.309333,45.643862,2026,3.181000232696533,1091.679931640625,65.0,-18.483999252319336,1091.679931640625,65.0,-18.483999252319336
6499500799,Anaxyrus americanus,-70.733949,43.750358,2026,6.852333068847656,984.5442504882812,84.0,-13.880000114440918,984.5442504882812,84.0,-13.880000114440918
6499478523,Anaxyrus americanus,-68.965645,45.581728,2026,4.757166862487793,1071.7371826171875,63.0,-16.836000442504883,1071.7371826171875,63.0,-16.836000442504883
6499461850,Dryophytes versicolor,-68.964047,45.873619,2026,4.191666603088379,1085.787841796875,56.0,-17.615999221801758,1085.787841796875,56.0,-17.615999221801758
6499399721,Dryophytes versicolor,-70.50048,43.843912,2026,7.247499942779541,947.6463012695312,83.0,-12.0600004196167,947.6463012695312,83.0,-12.0600004196167
6499337634,Dryophytes versicolor,-68.649165,44.72527,2026,6.496500015258789,1000.5967407226562,78.0,-13.564000129699707,1000.5967407226562,78.0,-13.564000129699707
6499331712,Anaxyrus americanus,-70.890617,43.203697,2026,,,,,,,
6499319902,Dryophytes versicolor,-67.205661,44.94175,2026,6.165333271026611,964.0193481445312,78.0,-13.236000061035156,964.0193481445312,78.0,-13.236000061035156
6499311810,Dryophytes versicolor,-70.246416,43.671933,2026,7.707639217376709,930.7933349609375,80.0,-10.75,930.7933349609375,80.0,-10.75
6499260765,Lithobates pipiens,-68.746732,44.983528,2026,6.284333229064941,1024.705322265625,68.0,-14.359999656677246,1024.705322265625,68.0,-14.359999656677246
6499258062,Dryophytes versicolor,-68.767818,44.72134,2026,6.747833251953125,1006.8766479492188,75.0,-13.479999542236328,1006.8766479492188,75.0,-13.479999542236328
6499257264,Dryophytes versicolor,-68.496469,44.539503,2026,6.792500019073486,967.4005737304688,78.0,-12.564000129699707,967.4005737304688,78.0,-12.564000129699707
6499244509,Anaxyrus americanus,-69.690989,45.475492,2026,3.429499864578247,1081.62158203125,65.0,-18.191999435424805,1081.62158203125,65.0,-18.191999435424805
6499238900,Dryophytes versicolor,-68.685987,44.615447,2026,6.751500129699707,989.9302368164062,82.0,-13.01200008392334,989.9302368164062,82.0,-13.01200008392334
6499224359,Anaxyrus americanus,-68.317736,45.487495,2026,5.528500080108643,1060.2255859375,68.0,-16.027999877929688,1060.2255859375,68.0,-16.027999877929688
6499223773,Dryophytes versicolor,-70.536855,43.545603,2026,7.5329999923706055,950.1115112304688,82.0,-11.86400032043457,950.1115112304688,82.0,-11.86400032043457
6499214736,Anaxyrus americanus,-68.46587,44.403423,2026,7.260648250579834,888.0692138671875,76.0,-10.566666603088379,888.0692138671875,76.0,-10.566666603088379
6499153529,Anaxyrus americanus,-69.097436,46.303473,2026,3.3568334579467773,1124.1265869140625,53.0,-19.447999954223633,1124.1265869140625,53.0,-19.447999954223633
6499151524,Dryophytes versicolor,-70.612117,43.946733,2026,6.918499946594238,980.228759765625,83.0,-13.456000328063965,980.228759765625,83.0,-13.456000328063965
6499135843,Anaxyrus americanus,-70.768958,44.760687,2026,2.75166654586792,1040.3187255859375,89.0,-17.76799964904785,1040.3187255859375,89.0,-17.76799964904785
6499132579,Anaxyrus americanus,-68.82061,45.930309,2026,3.6440000534057617,1084.0391845703125,61.0,-17.86400032043457,1084.0391845703125,61.0,-17.86400032043457
6499130168,Anaxyrus americanus,-70.532007,43.549782,2026,7.5329999923706055,950.1115112304688,82.0,-11.86400032043457,950.1115112304688,82.0,-11.86400032043457
6499117904,Dryophytes versicolor,-68.630477,44.734611,2026,6.496500015258789,1000.5967407226562,78.0,-13.564000129699707,1000.5967407226562,78.0,-13.564000129699707
6499089920,Dryophytes versicolor,-68.706335,44.739537,2026,6.362666606903076,1001.3154907226562,79.0,-13.736000061035156,1001.3154907226562,79.0,-13.736000061035156
6499067474,Anaxyrus americanus,-69.31472,45.453225,2026,3.805333375930786,1068.4505615234375,69.0,-17.555999755859375,1068.4505615234375,69.0,-17.555999755859375
6499060346,Dryophytes versicolor,-70.603019,43.501625,2026,7.540333271026611,952.433349609375,84.0,-11.984000205993652,952.433349609375,84.0,-11.984000205993652
6499045393,Anaxyrus americanus,-67.154603,44.69257,2026,6.150781154632568,923.06884765625,78.0,-12.231249809265137,923.06884765625,78.0,-12.231249809265137
6499026375,Lithobates pipiens,-68.615185,45.90843,2026,4.756999969482422,1090.1136474609375,59.0,-17.18000030517578,1090.1136474609375,59.0,-17.18000030517578
6499023372,Anaxyrus americanus,-70.259688,44.177905,2026,6.716500282287598,1000.6909790039062,77.0,-13.435999870300293,1000.6909790039062,77.0,-13.435999870300293
6498998392,Dryophytes versicolor,-68.399241,44.267995,2026,7.122499942779541,887.8829956054688,75.0,-10.600000381469727,887.8829956054688,75.0,-10.600000381469727
6498956630,Anaxyrus americanus,-69.281881,46.242796,2026,3.4778335094451904,1113.67236328125,52.0,-18.97599983215332,1113.67236328125,52.0,-18.97599983215332
6498935457,Dryophytes versicolor,-68.778361,44.700553,2026,6.512666702270508,997.424560546875,79.0,-13.491999626159668,997.424560546875,79.0,-13.491999626159668
6498930811,Anaxyrus americanus,-69.065065,46.267736,2026,3.560833215713501,1119.1519775390625,51.0,-19.284000396728516,1119.1519775390625,51.0,-19.284000396728516
6498911777,Dryophytes versicolor,-68.683028,44.750639,2026,6.63433313369751,1008.2554931640625,73.0,-13.624000549316406,1008.2554931640625,73.0,-13.624000549316406
6498910540,Dryophytes versicolor,-68.735456,44.618432,2026,6.809333324432373,984.707275390625,80.0,-12.911999702453613,984.707275390625,80.0,-12.911999702453613
6498909679,Anaxyrus americanus,-69.182167,45.77768,2026,4.081666946411133,1091.0943603515625,54.0,-17.803998947143555,1091.0943603515625,54.0,-17.803998947143555
6498869871,Dryophytes versicolor,-68.646699,44.628239,2026,6.339666843414307,993.2438354492188,84.0,-13.503999710083008,993.2438354492188,84.0,-13.503999710083008
6498860818,Dryophytes versicolor,-69.516244,44.480432,2026,6.810333251953125,1004.0145874023438,70.0,-13.4399995803833,1004.0145874023438,70.0,-13.4399995803833
6498853898,Lithobates pipiens,-68.792168,44.972552,2026,6.293333053588867,1027.582275390625,68.0,-14.48799991607666,1027.582275390625,68.0,-14.48799991607666
6498819338,Dryophytes versicolor,-68.620092,44.68492,2026,6.5269999504089355,997.1307373046875,82.0,-13.4399995803833,997.1307373046875,82.0,-13.4399995803833
6498811686,Dryophytes versicolor,-68.643172,44.696883,2026,6.4651665687561035,995.5755615234375,81.0,-13.484000205993652,995.5755615234375,81.0,-13.484000205993652
6498787661,Dryophytes versicolor,-70.814214,44.4206,2026,5.888333320617676,1025.17626953125,65.0,-15.263999938964844,1025.17626953125,65.0,-15.263999938964844
6498783158,Dryophytes versicolor,-68.319345,44.384471,2026,7.011833190917969,935.604248046875,75.0,-11.715999603271484,935.604248046875,75.0,-11.715999603271484
6498773206,Dryophytes versicolor,-68.784272,44.643797,2026,6.589333534240723,991.220703125,80.0,-13.263999938964844,991.220703125,80.0,-13.263999938964844
6498756480,Anaxyrus americanus,-70.953497,44.225442,2026,6.256666660308838,1004.6489868164062,77.0,-14.628000259399414,1004.6489868164062,77.0,-14.628000259399414
6498748903,Anaxyrus americanus,-68.884071,45.921051,2026,1.9283332824707031,1081.6168212890625,72.0,-19.04400062561035,1081.6168212890625,72.0,-19.04400062561035
6498744163,Anaxyrus americanus,-69.228338,45.565822,2026,2.820500135421753,1072.4681396484375,72.0,-18.27199935913086,1072.4681396484375,72.0,-18.27199935913086
6498743031,Anaxyrus americanus,-69.034745,46.308911,2026,3.4679999351501465,1121.10888671875,52.0,-19.444000244140625,1121.10888671875,52.0,-19.444000244140625
6498702752,Dryophytes versicolor,-68.613442,44.702789,2026,6.5269999504089355,997.1307373046875,82.0,-13.4399995803833,997.1307373046875,82.0,-13.4399995803833
6498693720,Anaxyrus americanus,-69.09548,46.2808,2026,3.5226666927337646,1120.7581787109375,51.0,-19.224000930786133,1120.7581787109375,51.0,-19.224000930786133
6498622092,Anaxyrus americanus,-69.307938,45.448587,2026,3.805333375930786,1068.4505615234375,69.0,-17.555999755859375,1068.4505615234375,69.0,-17.555999755859375
6498597925,Dryophytes versicolor,-68.240513,44.222212,2026,,,,,,,
6498573869,Anaxyrus americanus,-69.09692,46.303839,2026,3.3568334579467773,1124.1265869140625,53.0,-19.447999954223633,1124.1265869140625,53.0,-19.447999954223633
6498555552,Anaxyrus americanus,-68.534388,44.495516,2026,6.797833442687988,961.708740234375,78.0,-12.35200023651123,961.708740234375,78.0,-12.35200023651123
6498555411,Dryophytes versicolor,-68.613905,44.645616,2026,6.305500030517578,992.35791015625,84.0,-13.555999755859375,992.35791015625,84.0,-13.555999755859375
6498552509,Dryophytes versicolor,-67.205893,44.941785,2026,6.165333271026611,964.0193481445312,78.0,-13.236000061035156,964.0193481445312,78.0,-13.236000061035156
6498536574,Anaxyrus americanus,-70.896739,44.802058,2026,4.053833484649658,1062.24951171875,55.0,-17.668001174926758,1062.24951171875,55.0,-17.668001174926758
6498525328,Dryophytes versicolor,-68.64057,44.626109,2026,6.339666843414307,993.2438354492188,84.0,-13.503999710083008,993.2438354492188,84.0,-13.503999710083008
6498464827,Dryophytes versicolor,-69.731815,44.370335,2026,7.04116678237915,1005.2614135742188,69.0,-13.100000381469727,1005.2614135742188,69.0,-13.100000381469727
6498447802,Anaxyrus americanus,-68.924338,46.206078,2026,3.752333402633667,1108.9078369140625,51.0,-18.90799903869629,1108.9078369140625,51.0,-18.90799903869629
6498398953,Anaxyrus americanus,-70.377291,43.517766,2026,7.800347328186035,931.6404418945312,80.0,-10.804166793823242,931.6404418945312,80.0,-10.804166793823242
6498386430,Dryophytes versicolor,-68.200492,44.284718,2026,,,,,,,
6498374830,Dryophytes versicolor,-70.270829,43.736678,2026,7.567666530609131,948.2005004882812,81.0,-11.359999656677246,948.2005004882812,81.0,-11.359999656677246
6498351858,Dryophytes versicolor,-70.312866,44.060418,2026,6.9730000495910645,990.9039306640625,79.0,-12.967999458312988,990.9039306640625,79.0,-12.967999458312988
6498343764,Anaxyrus americanus,-69.356721,45.51697,2026,3.7071666717529297,1073.601806640625,65.0,-17.803998947143555,1073.601806640625,65.0,-17.803998947143555
6498308050,Anaxyrus americanus,-69.065873,46.241413,2026,3.615666627883911,1116.3004150390625,51.0,-19.152000427246094,1116.3004150390625,51.0,-19.152000427246094
6498302098,Anaxyrus americanus,-69.340438,45.427362,2026,3.694000005722046,1072.50927734375,69.0,-17.719999313354492,1072.50927734375,69.0,-17.719999313354492
6498297878,Anaxyrus americanus,-70.212128,43.881925,2026,7.198333263397217,965.715087890625,81.0,-12.124000549316406,965.715087890625,81.0,-12.124000549316406
6498297488,Dryophytes versicolor,-70.628624,43.774114,2026,7.005499839782715,982.6925048828125,83.0,-13.579999923706055,982.6925048828125,83.0,-13.579999923706055
6498284595,Anaxyrus americanus,-70.74578,44.526267,2026,5.0886664390563965,1024.4342041015625,69.0,-15.883999824523926,1024.4342041015625,69.0,-15.883999824523926
6498278201,Dryophytes versicolor,-70.449505,43.532934,2026,7.809833526611328,939.0907592773438,82.0,-11.027999877929688,939.0907592773438,82.0,-11.027999877929688
6498267928,Dryophytes versicolor,-70.534377,43.367032,2026,8.057539939880371,912.259765625,81.0,-10.09523868560791,912.259765625,81.0,-10.09523868560791
6498266672,Anaxyrus americanus,-69.005968,46.228496,2026,3.7091667652130127,1117.4620361328125,50.0,-19.11600112915039,1117.4620361328125,50.0,-19.11600112915039
6498238297,Anaxyrus americanus,-69.031892,46.30351,2026,3.4679999351501465,1121.10888671875,52.0,-19.444000244140625,1121.10888671875,52.0,-19.444000244140625
6498200019,Dryophytes versicolor,-70.603019,43.501625,2026,7.540333271026611,952.433349609375,84.0,-11.984000205993652,952.433349609375,84.0,-11.984000205993652
6498187618,Dryophytes versicolor,-70.879143,43.115135,2026,,,,,,,
6498185518,Dryophytes versicolor,-68.711498,44.70558,2026,6.60366678237915,996.2638549804688,78.0,-13.399999618530273,996.2638549804688,78.0,-13.399999618530273
6498180822,Anaxyrus americanus,-69.782197,43.832405,2026,7.709920406341553,891.7317504882812,77.0,-9.576190948486328,891.7317504882812,77.0,-9.576190948486328
6498167062,Anaxyrus americanus,-68.41352,44.341205,2024,7.1307291984558105,902.8276977539062,75.0,-10.987500190734863,902.8276977539062,75.0,-10.987500190734863
6498154027,Anaxyrus americanus,-68.113425,44.605417,2026,6.313333511352539,971.3552856445312,79.0,-13.251999855041504,971.3552856445312,79.0,-13.251999855041504
6498153361,Dryophytes versicolor,-69.603309,44.029851,2026,7.549801349639893,934.3531494140625,78.0,-10.685714721679688,934.3531494140625,78.0,-10.685714721679688
6498145979,Anaxyrus americanus,-69.189638,46.866495,2026,2.763166666030884,1127.818115234375,56.0,-19.95599937438965,1127.818115234375,56.0,-19.95599937438965
6498129065,Anaxyrus americanus,-68.922813,45.91667,2026,0.8833333849906921,1081.3975830078125,84.0,-19.944000244140625,1081.3975830078125,84.0,-19.944000244140625
6498119783,Anaxyrus americanus,-70.360994,43.81178,2026,7.0916666984558105,964.0057373046875,84.0,-12.399999618530273,964.0057373046875,84.0,-12.399999618530273
6498119313,Anaxyrus americanus,-69.150281,46.260362,2026,3.4010000228881836,1123.1337890625,52.0,-19.29199981689453,1123.1337890625,52.0,-19.29199981689453
6498118748,Dryophytes versicolor,-70.162719,44.085031,2026,7.135166645050049,1000.1526489257812,79.0,-12.684000015258789,1000.1526489257812,79.0,-12.684000015258789
6498112058,Lithobates pipiens,-68.615185,45.90843,2026,4.756999969482422,1090.1136474609375,59.0,-17.18000030517578,1090.1136474609375,59.0,-17.18000030517578
6481405520,Anaxyrus americanus,-69.534172,45.331353,2026,4.414000034332275,1068.3089599609375,66.0,-17.256000518798828,1068.3089599609375,66.0,-17.256000518798828
6481386861,Dryophytes versicolor,-70.600142,43.915908,2026,7.1623334884643555,958.4794311523438,83.0,-12.604000091552734,958.4794311523438,83.0,-12.604000091552734
6481367344,Dryophytes versicolor,-68.68981,44.685228,2026,6.56516695022583,994.3455200195312,79.0,-13.395999908447266,994.3455200195312,79.0,-13.395999908447266
6481264012,Dryophytes versicolor,-70.624176,43.906422,2026,7.1623334884643555,958.4794311523438,83.0,-12.604000091552734,958.4794311523438,83.0,-12.604000091552734
6481262877,Anaxyrus americanus,-68.954775,46.184048,2026,3.752333402633667,1108.9078369140625,51.0,-18.90799903869629,1108.9078369140625,51.0,-18.90799903869629
6481246630,Dryophytes versicolor,-68.630479,44.770283,2026,6.499166488647461,1005.537353515625,75.0,-13.687999725341797,1005.537353515625,75.0,-13.687999725341797
6481196621,Anaxyrus americanus,-68.534766,46.931707,2026,2.806666612625122,1147.6317138671875,59.0,-20.59200096130371,1147.6317138671875,59.0,-20.59200096130371
6481133626,Anaxyrus americanus,-68.877883,44.449088,2026,,,,,,,
6481126061,Dryophytes versicolor,-68.704495,44.642706,2026,6.632166862487793,992.1956176757812,81.0,-13.227999687194824,992.1956176757812,81.0,-13.227999687194824
6481107268,Anaxyrus americanus,-69.766196,43.825107,2026,7.709920406341553,891.7317504882812,77.0,-9.576190948486328,891.7317504882812,77.0,-9.576190948486328
6481006914,Anaxyrus americanus,-69.814926,43.812327,2026,7.709868431091309,900.6714477539062,77.0,-9.77368450164795,900.6714477539062,77.0,-9.77368450164795
6480962887,Anaxyrus americanus,-70.599411,43.916519,2026,7.1623334884643555,958.4794311523438,83.0,-12.604000091552734,958.4794311523438,83.0,-12.604000091552734
6480903622,Anaxyrus americanus,-68.261717,44.259538,2026,,,,,,,
6480891500,Anaxyrus americanus,-68.907662,45.83742,2026,3.7321667671203613,1079.7442626953125,59.0,-17.77199935913086,1079.7442626953125,59.0,-17.77199935913086
6480874415,Dryophytes versicolor,-68.782906,44.661384,2026,6.589333534240723,991.220703125,80.0,-13.263999938964844,991.220703125,80.0,-13.263999938964844
6480860695,Anaxyrus americanus,-70.087865,44.017323,2023,7.176833152770996,977.0897827148438,81.0,-12.144000053405762,977.0897827148438,81.0,-12.144000053405762
6480857557,Anaxyrus americanus,-70.827165,44.314054,2026,5.793333530426025,1009.2984619140625,74.0,-15.027999877929688,1009.2984619140625,74.0,-15.027999877929688
6480838422,Lithobates pipiens,-68.791539,44.90038,2026,6.487833023071289,1021.14892578125,68.0,-14.032000541687012,1021.14892578125,68.0,-14.032000541687012
6480804822,Anaxyrus americanus,-68.844588,45.891443,2026,3.36899995803833,1076.9083251953125,60.0,-17.871999740600586,1076.9083251953125,60.0,-17.871999740600586
6480778348,Dryophytes versicolor,-68.792237,44.690163,2026,6.709666728973389,998.0462036132812,75.0,-13.312000274658203,998.0462036132812,75.0,-13.312000274658203
6480764024,Dryophytes versicolor,-69.775472,44.186782,2026,7.2170000076293945,990.8151245117188,73.0,-12.527999877929688,990.8151245117188,73.0,-12.527999877929688
6480742933,Dryophytes versicolor,-68.670387,44.653493,2026,6.632166862487793,992.1956176757812,81.0,-13.227999687194824,992.1956176757812,81.0,-13.227999687194824
6480719292,Dryophytes versicolor,-68.620563,44.747557,2026,6.309000015258789,1001.7885131835938,82.0,-13.732000350952148,1001.7885131835938,82.0,-13.732000350952148
6480698086,Anaxyrus americanus,-70.668037,43.175342,2026,8.284333229064941,915.4771118164062,82.0,-9.784000396728516,915.4771118164062,82.0,-9.784000396728516
6480682365,Anaxyrus americanus,-67.933572,44.459619,2026,6.672826290130615,918.2078857421875,75.0,-12.017391204833984,918.2078857421875,75.0,-12.017391204833984
6480681797,Anaxyrus americanus,-70.201478,43.916174,2026,7.204833030700684,960.4813842773438,81.0,-11.916000366210938,960.4813842773438,81.0,-11.916000366210938
6480663297,Dryophytes versicolor,-69.383033,44.44725,2026,6.376500129699707,987.0676879882812,78.0,-13.303999900817871,987.0676879882812,78.0,-13.303999900817871
6480648523,Dryophytes versicolor,-68.319185,44.4911,2026,6.888999938964844,951.5165405273438,76.0,-12.208000183105469,951.5165405273438,76.0,-12.208000183105469
6480562387,Anaxyrus americanus,-70.13889,44.673308,2026,5.76633358001709,1037.781982421875,73.0,-15.859999656677246,1037.781982421875,73.0,-15.859999656677246
6480556858,Dryophytes versicolor,-70.909318,43.775697,2026,6.7813334465026855,992.4959106445312,86.0,-14.100000381469727,992.4959106445312,86.0,-14.100000381469727
6480553611,Dryophytes versicolor,-69.888022,44.517558,2026,6.616833209991455,1021.6112060546875,68.0,-14.267999649047852,1021.6112060546875,68.0,-14.267999649047852
6480501875,Anaxyrus americanus,-69.88858,43.933858,2026,7.6147918701171875,956.69775390625,78.0,-11.114999771118164,956.69775390625,78.0,-11.114999771118164
6480457897,Anaxyrus americanus,-70.517601,44.85922,2026,4.261499881744385,1050.3211669921875,67.0,-17.0,1050.3211669921875,67.0,-17.0
6480453757,Dryophytes versicolor,-68.782294,44.773012,2026,6.9691667556762695,1020.7234497070312,73.0,-13.532000541687012,1020.7234497070312,73.0,-13.532000541687012
6480431785,Dryophytes versicolor,-68.716965,44.608437,2026,6.809333324432373,984.707275390625,80.0,-12.911999702453613,984.707275390625,80.0,-12.911999702453613
6480413827,Dryophytes versicolor,-68.711709,44.678959,2026,6.60366678237915,996.2638549804688,78.0,-13.399999618530273,996.2638549804688,78.0,-13.399999618530273
6480409084,Dryophytes versicolor,-68.778167,44.778977,2026,6.9691667556762695,1020.7234497070312,73.0,-13.532000541687012,1020.7234497070312,73.0,-13.532000541687012
6480381526,Dryophytes versicolor,-68.748649,44.758389,2026,6.7813334465026855,1015.2465209960938,73.0,-13.644000053405762,1015.2465209960938,73.0,-13.644000053405762
6480328898,Dryophytes versicolor,-68.72385,44.646847,2026,6.552666664123535,991.43896484375,81.0,-13.303999900817871,991.43896484375,81.0,-13.303999900817871
6480267350,Dryophytes versicolor,-68.663994,44.618687,2026,6.58050012588501,989.641357421875,82.0,-13.187999725341797,989.641357421875,82.0,-13.187999725341797
6480224228,Lithobates pipiens,-68.764468,44.893982,2026,6.487833023071289,1021.14892578125,68.0,-14.032000541687012,1021.14892578125,68.0,-14.032000541687012
6480217397,Anaxyrus americanus,-70.636362,43.820778,2026,6.920333385467529,979.8250732421875,84.0,-13.588000297546387,979.8250732421875,84.0,-13.588000297546387
6480177565,Dryophytes versicolor,-70.808972,43.235272,2026,8.292166709899902,947.2133178710938,81.0,-10.619999885559082,947.2133178710938,81.0,-10.619999885559082
6480171085,Lithobates pipiens,-67.454147,45.18718,2026,5.983166694641113,1011.84228515625,76.0,-14.796000480651855,1011.84228515625,76.0,-14.796000480651855
6480168774,Anaxyrus americanus,-69.925253,43.892559,2026,7.652651786804199,950.5384521484375,78.0,-10.940909385681152,950.5384521484375,78.0,-10.940909385681152
6480159801,Anaxyrus americanus,-70.264983,44.075711,2026,7.060500144958496,993.5248413085938,79.0,-12.803999900817871,993.5248413085938,79.0,-12.803999900817871
6480130673,Anaxyrus americanus,-70.143227,44.667233,2026,5.76633358001709,1037.781982421875,73.0,-15.859999656677246,1037.781982421875,73.0,-15.859999656677246
6480081641,Dryophytes versicolor,-68.683211,44.733697,2026,6.362666606903076,1001.3154907226562,79.0,-13.736000061035156,1001.3154907226562,79.0,-13.736000061035156
6480052751,Anaxyrus americanus,-68.835953,45.902803,2026,3.36899995803833,1076.9083251953125,60.0,-17.871999740600586,1076.9083251953125,60.0,-17.871999740600586
6480011573,Anaxyrus americanus,-70.588158,43.915077,2023,7.1623334884643555,958.4794311523438,83.0,-12.604000091552734,958.4794311523438,83.0,-12.604000091552734
6480009171,Anaxyrus americanus,-70.317453,43.692529,2026,7.831333160400391,959.189208984375,81.0,-11.355999946594238,959.189208984375,81.0,-11.355999946594238
6479952907,Dryophytes versicolor,-70.153564,44.098545,2026,7.135166645050049,1000.1526489257812,79.0,-12.684000015258789,1000.1526489257812,79.0,-12.684000015258789
6479887601,Anaxyrus americanus,-70.879719,43.879736,2026,6.578000068664551,998.2607421875,87.0,-14.5,998.2607421875,87.0,-14.5
6479845375,Anaxyrus americanus,-70.82428,44.022428,2026,6.287166595458984,1002.5038452148438,87.0,-14.680000305175781,1002.5038452148438,87.0,-14.680000305175781
6479841383,Anaxyrus americanus,-70.81347,44.143425,2026,6.347833156585693,1004.0897216796875,81.0,-14.684000015258789,1004.0897216796875,81.0,-14.684000015258789
6479760838,Dryophytes versicolor,-68.671088,44.772978,2026,6.63433313369751,1008.2554931640625,73.0,-13.624000549316406,1008.2554931640625,73.0,-13.624000549316406
6479678278,Anaxyrus americanus,-70.855805,44.005042,2026,6.497499942779541,1006.6713256835938,84.0,-14.631999969482422,1006.6713256835938,84.0,-14.631999969482422
6479672857,Dryophytes versicolor,-68.719752,44.744586,2026,6.654333114624023,1004.6091918945312,76.0,-13.539999961853027,1004.6091918945312,76.0,-13.539999961853027
6479662041,Dryophytes versicolor,-68.709627,44.779383,2026,6.7813334465026855,1015.2465209960938,73.0,-13.644000053405762,1015.2465209960938,73.0,-13.644000053405762
6479643807,Anaxyrus americanus,-69.275903,44.232403,2026,7.163333415985107,959.0667114257812,81.0,-11.680000305175781,959.0667114257812,81.0,-11.680000305175781
6479610282,Anaxyrus americanus,-68.87835,44.4454,2026,,,,,,,
6479599760,Dryophytes versicolor,-68.743167,44.632465,2026,6.552666664123535,991.43896484375,81.0,-13.303999900817871,991.43896484375,81.0,-13.303999900817871
6479542801,Anaxyrus americanus,-70.49153,43.79337,2026,7.08483362197876,964.0740356445312,83.0,-12.65999984741211,964.0740356445312,83.0,-12.65999984741211
6479482839,Dryophytes versicolor,-68.753976,44.650907,2026,6.589333534240723,991.220703125,80.0,-13.263999938964844,991.220703125,80.0,-13.263999938964844
6479477778,Anaxyrus americanus,-70.179333,44.1471,2026,6.987166881561279,1003.2106323242188,77.0,-13.003999710083008,1003.2106323242188,77.0,-13.003999710083008
6479364994,Anaxyrus americanus,-69.369217,44.29072,2026,6.95883321762085,966.0692138671875,80.0,-12.084000587463379,966.0692138671875,80.0,-12.084000587463379
6479355635,Dryophytes versicolor,-68.627424,44.888881,2026,6.609499931335449,1018.5863647460938,68.0,-13.807999610900879,1018.5863647460938,68.0,-13.807999610900879
6479297021,Anaxyrus americanus,-70.356963,43.808955,2026,7.0916666984558105,964.0057373046875,84.0,-12.399999618530273,964.0057373046875,84.0,-12.399999618530273
6479272282,Anaxyrus americanus,-68.639405,44.916887,2026,6.517666816711426,1025.43017578125,68.0,-14.072000503540039,1025.43017578125,68.0,-14.072000503540039
6479236542,Anaxyrus americanus,-69.36718,46.367447,2026,3.3893332481384277,1121.4140625,52.0,-19.148000717163086,1121.4140625,52.0,-19.148000717163086
6479210330,Dryophytes versicolor,-70.600342,43.916125,2026,7.1623334884643555,958.4794311523438,83.0,-12.604000091552734,958.4794311523438,83.0,-12.604000091552734
6479192748,Anaxyrus americanus,-70.207949,44.408969,2026,6.378333568572998,1016.9803466796875,74.0,-14.291999816894531,1016.9803466796875,74.0,-14.291999816894531
6479175692,Dryophytes versicolor,-68.786997,44.608699,2026,6.803500175476074,979.0145263671875,80.0,-12.819999694824219,979.0145263671875,80.0,-12.819999694824219
6479168167,Anaxyrus americanus,-70.606453,43.506805,2026,7.540333271026611,952.433349609375,84.0,-11.984000205993652,952.433349609375,84.0,-11.984000205993652
6479165023,Anaxyrus americanus,-68.776047,44.811277,2026,7.00333309173584,1028.0465087890625,72.0,-13.616000175476074,1028.0465087890625,72.0,-13.616000175476074
6479157444,Anaxyrus americanus,-69.8476,43.722527,2026,7.704807758331299,862.8372192382812,76.0,-8.992307662963867,862.8372192382812,76.0,-8.992307662963867
6479134366,Anaxyrus americanus,-70.979217,44.385637,2026,5.6504998207092285,1017.6448364257812,67.0,-15.251999855041504,1017.6448364257812,67.0,-15.251999855041504
6479133590,Anaxyrus americanus,-68.578219,47.206543,2026,2.864833354949951,1158.338134765625,62.0,-20.700000762939453,1158.338134765625,62.0,-20.700000762939453
6479131608,Dryophytes versicolor,-69.662575,43.872906,2026,7.671229839324951,873.7918701171875,77.0,-9.295238494873047,873.7918701171875,77.0,-9.295238494873047
6479101367,Anaxyrus americanus,-68.365622,44.299972,2026,6.921166896820068,925.7542724609375,76.0,-11.420000076293945,925.7542724609375,76.0,-11.420000076293945
6479083327,Anaxyrus americanus,-69.071556,44.232708,2026,6.89965295791626,935.4232177734375,83.0,-11.337499618530273,935.4232177734375,83.0,-11.337499618530273
6470784756,Dryophytes versicolor,-68.612475,44.624483,2026,6.517666816711426,987.9100341796875,82.0,-13.263999938964844,987.9100341796875,82.0,-13.263999938964844
6470716044,Dryophytes versicolor,-68.660374,44.671646,2026,6.4651665687561035,995.5755615234375,81.0,-13.484000205993652,995.5755615234375,81.0,-13.484000205993652
6470671018,Anaxyrus americanus,-68.635465,45.932251,2026,4.843166351318359,1087.99169921875,56.0,-17.07200050354004,1087.99169921875,56.0,-17.07200050354004
6470623803,Anaxyrus americanus,-68.630048,44.650405,2026,6.339666843414307,993.2438354492188,84.0,-13.503999710083008,993.2438354492188,84.0,-13.503999710083008
6470603696,Anaxyrus americanus,-68.599187,47.252052,2026,,,,,,,
6470573118,Anaxyrus americanus,-69.067646,46.626819,2026,2.4765000343322754,1130.94140625,56.0,-20.29599952697754,1130.94140625,56.0,-20.29599952697754
6470562580,Dryophytes versicolor,-68.770882,44.675242,2026,6.512666702270508,997.424560546875,79.0,-13.491999626159668,997.424560546875,79.0,-13.491999626159668
6470516866,Anaxyrus americanus,-70.64492,44.960063,2026,3.7065000534057617,1073.615478515625,64.0,-18.148000717163086,1073.615478515625,64.0,-18.148000717163086
6470494097,Dryophytes versicolor,-68.653658,44.782908,2026,6.499166488647461,1005.537353515625,75.0,-13.687999725341797,1005.537353515625,75.0,-13.687999725341797
6470391706,Anaxyrus americanus,-70.909845,43.306903,2024,7.94083309173584,960.4606323242188,82.0,-11.527999877929688,960.4606323242188,82.0,-11.527999877929688
6470383143,Dryophytes versicolor,-68.634566,44.741248,2026,6.496500015258789,1000.5967407226562,78.0,-13.564000129699707,1000.5967407226562,78.0,-13.564000129699707
6470375975,Lithobates pipiens,-68.733925,44.8665,2026,6.577000141143799,1016.5341796875,70.0,-13.859999656677246,1016.5341796875,70.0,-13.859999656677246
6470357727,Dryophytes versicolor,-68.299737,44.306042,2026,,,,,,,
6470350594,Anaxyrus americanus,-70.813216,43.363217,2026,7.714166641235352,948.2498168945312,87.0,-11.48799991607666,948.2498168945312,87.0,-11.48799991607666
6470344036,Dryophytes versicolor,-68.722994,44.653607,2026,6.552666664123535,991.43896484375,81.0,-13.303999900817871,991.43896484375,81.0,-13.303999900817871
6470324894,Anaxyrus americanus,-70.59479,44.376135,2026,5.426167011260986,1016.5548095703125,77.0,-15.315999984741211,1016.5548095703125,77.0,-15.315999984741211
6470282029,Dryophytes versicolor,-70.794107,44.413209,2026,5.92549991607666,1023.2007446289062,67.0,-15.156000137329102,1023.2007446289062,67.0,-15.156000137329102
6470209510,Dryophytes versicolor,-70.342803,43.690645,2026,7.69350004196167,959.7823486328125,81.0,-11.640000343322754,959.7823486328125,81.0,-11.640000343322754
6470208667,Anaxyrus americanus,-70.659865,43.40011,2026,7.875333309173584,946.164306640625,84.0,-11.248000144958496,946.164306640625,84.0,-11.248000144958496
6470184019,Anaxyrus americanus,-69.190155,45.264737,2026,5.2870001792907715,1057.7650146484375,68.0,-16.375999450683594,1057.7650146484375,68.0,-16.375999450683594
6470171100,Anaxyrus americanus,-69.758771,44.28157,2026,7.212166786193848,1002.9437866210938,71.0,-12.808000564575195,1002.9437866210938,71.0,-12.808000564575195
6470149498,Anaxyrus americanus,-68.781382,44.812022,2026,7.00333309173584,1028.0465087890625,72.0,-13.616000175476074,1028.0465087890625,72.0,-13.616000175476074
6470128430,Dryophytes versicolor,-68.727447,44.750041,2026,6.7813334465026855,1015.2465209960938,73.0,-13.644000053405762,1015.2465209960938,73.0,-13.644000053405762
6470124062,Dryophytes versicolor,-68.62088,44.760046,2026,6.500999927520752,1007.5053100585938,76.0,-13.708000183105469,1007.5053100585938,76.0,-13.708000183105469
6469981833,Anaxyrus americanus,-70.816769,43.361151,2026,7.714166641235352,948.2498168945312,87.0,-11.48799991607666,948.2498168945312,87.0,-11.48799991607666
6469942927,Dryophytes versicolor,-68.64791,44.71123,2026,6.496500015258789,1000.5967407226562,78.0,-13.564000129699707,1000.5967407226562,78.0,-13.564000129699707
6469911033,Dryophytes versicolor,-68.783869,44.615024,2026,6.803500175476074,979.0145263671875,80.0,-12.819999694824219,979.0145263671875,80.0,-12.819999694824219
6469901861,Dryophytes versicolor,-68.661104,44.74714,2026,6.496500015258789,1000.5967407226562,78.0,-13.564000129699707,1000.5967407226562,78.0,-13.564000129699707
6469868521,Anaxyrus americanus,-70.99253,44.356855,2026,5.436166763305664,1010.6446533203125,71.0,-15.232000350952148,1010.6446533203125,71.0,-15.232000350952148
6469866748,Anaxyrus americanus,-70.236605,43.828806,2026,7.369333267211914,956.81689453125,81.0,-11.763999938964844,956.81689453125,81.0,-11.763999938964844
6469781592,Anaxyrus americanus,-68.141669,46.641248,2026,3.744999885559082,1130.9395751953125,48.0,-18.88800048828125,1130.9395751953125,48.0,-18.88800048828125
6469774127,Dryophytes versicolor,-70.463547,43.408275,2026,7.92549991607666,912.8702392578125,81.0,-10.272000312805176,912.8702392578125,81.0,-10.272000312805176
6469716558,Dryophytes versicolor,-68.626427,44.634953,2026,6.339666843414307,993.2438354492188,84.0,-13.503999710083008,993.2438354492188,84.0,-13.503999710083008
6452642600,Dryophytes versicolor,-69.909599,43.896402,2026,7.660984992980957,941.482666015625,78.0,-10.759090423583984,941.482666015625,78.0,-10.759090423583984
6452579479,Anaxyrus americanus,-69.537327,44.060754,2026,,,,,,,
6452573355,Anaxyrus americanus,-70.83002,45.008849,2026,3.7096667289733887,1067.071044921875,61.0,-17.899999618530273,1067.071044921875,61.0,-17.899999618530273
6452561461,Dryophytes versicolor,-70.877297,43.16035,2026,,,,,,,
6452558336,Anaxyrus americanus,-68.849751,45.932593,2026,2.86299991607666,1079.739013671875,64.0,-18.31999969482422,1079.739013671875,64.0,-18.31999969482422
6452501065,Dryophytes versicolor,-68.608983,44.632496,2026,6.305500030517578,992.35791015625,84.0,-13.555999755859375,992.35791015625,84.0,-13.555999755859375
6452466369,Anaxyrus americanus,-69.909535,43.896415,2026,7.660984992980957,941.482666015625,78.0,-10.759090423583984,941.482666015625,78.0,-10.759090423583984
6452434089,Anaxyrus americanus,-70.877743,43.907299,2026,6.578000068664551,998.2607421875,87.0,-14.5,998.2607421875,87.0,-14.5
6452423916,Dryophytes versicolor,-68.761602,44.613949,2026,6.803500175476074,979.0145263671875,80.0,-12.819999694824219,979.0145263671875,80.0,-12.819999694824219
6452399855,Anaxyrus americanus,-70.897909,43.814939,2026,6.828833103179932,997.9822387695312,87.0,-14.267999649047852,997.9822387695312,87.0,-14.267999649047852
6452398901,Dryophytes versicolor,-70.293384,44.039835,2026,6.954333305358887,984.4368286132812,81.0,-12.847999572753906,984.4368286132812,81.0,-12.847999572753906
6452352334,Dryophytes versicolor,-69.909629,43.896474,2026,7.660984992980957,941.482666015625,78.0,-10.759090423583984,941.482666015625,78.0,-10.759090423583984
6452311102,Dryophytes versicolor,-68.954224,45.24828,2026,5.605999946594238,1052.94580078125,68.0,-15.784000396728516,1052.94580078125,68.0,-15.784000396728516
6452309707,Anaxyrus americanus,-69.52575,44.10222,2026,7.3451666831970215,953.9645385742188,79.0,-11.295999526977539,953.9645385742188,79.0,-11.295999526977539
6452179718,Dryophytes versicolor,-68.753267,44.795417,2026,7.00333309173584,1028.0465087890625,72.0,-13.616000175476074,1028.0465087890625,72.0,-13.616000175476074
6452148803,Anaxyrus americanus,-69.327767,43.979561,2026,,,,,,,
6452139344,Dryophytes versicolor,-68.060323,44.332604,2026,,,,,,,
6452081417,Anaxyrus americanus,-69.424683,45.285897,2025,5.005666732788086,1064.2303466796875,65.0,-16.72800064086914,1064.2303466796875,65.0,-16.72800064086914
6452056501,Anaxyrus americanus,-69.032527,45.922597,2026,2.3434998989105225,1091.3916015625,69.0,-19.200000762939453,1091.3916015625,69.0,-19.200000762939453
6452055951,Dryophytes versicolor,-70.813701,43.361927,2026,7.714166641235352,948.2498168945312,87.0,-11.48799991607666,948.2498168945312,87.0,-11.48799991607666
6452050654,Lithobates pipiens,-68.763045,44.84104,2026,6.592499732971191,1020.1878662109375,70.0,-13.927999496459961,1020.1878662109375,70.0,-13.927999496459961
6452028111,Anaxyrus americanus,-69.0709,45.963117,2026,3.123166561126709,1103.7056884765625,57.0,-18.899999618530273,1103.7056884765625,57.0,-18.899999618530273
6452007878,Dryophytes versicolor,-68.66323,44.703745,2026,6.4651665687561035,995.5755615234375,81.0,-13.484000205993652,995.5755615234375,81.0,-13.484000205993652
6451990663,Anaxyrus americanus,-69.030444,45.92175,2026,2.3434998989105225,1091.3916015625,69.0,-19.200000762939453,1091.3916015625,69.0,-19.200000762939453
6451986507,Anaxyrus americanus,-70.649485,43.989554,2026,6.757833480834961,994.4737548828125,83.0,-14.088000297546387,994.4737548828125,83.0,-14.088000297546387
6451955571,Dryophytes versicolor,-68.736375,44.759949,2026,6.7813334465026855,1015.2465209960938,73.0,-13.644000053405762,1015.2465209960938,73.0,-13.644000053405762
6451925387,Anaxyrus americanus,-69.038781,45.918568,2026,2.3434998989105225,1091.3916015625,69.0,-19.200000762939453,1091.3916015625,69.0,-19.200000762939453
6451810854,Anaxyrus americanus,-70.53257,44.059795,2026,6.655666828155518,996.564208984375,82.0,-13.9399995803833,996.564208984375,82.0,-13.9399995803833
6451809101,Anaxyrus americanus,-69.93505,43.956475,2026,7.578666687011719,964.7484130859375,79.0,-11.359999656677246,964.7484130859375,79.0,-11.359999656677246
6451804125,Anaxyrus americanus,-69.521923,44.468157,2026,6.810333251953125,1004.0145874023438,70.0,-13.4399995803833,1004.0145874023438,70.0,-13.4399995803833
6451793697,Anaxyrus americanus,-70.607547,44.955688,2026,3.4806666374206543,1064.9588623046875,69.0,-18.011999130249023,1064.9588623046875,69.0,-18.011999130249023
6451772122,Anaxyrus americanus,-70.887422,43.842955,2021,6.706166744232178,998.055419921875,87.0,-14.391999244689941,998.055419921875,87.0,-14.391999244689941
6451754705,Anaxyrus americanus,-70.469491,44.23611,2026,6.2856669425964355,1008.6963500976562,78.0,-14.355999946594238,1008.6963500976562,78.0,-14.355999946594238
6451754392,Anaxyrus americanus,-70.607139,44.956379,2026,3.4806666374206543,1064.9588623046875,69.0,-18.011999130249023,1064.9588623046875,69.0,-18.011999130249023
6451746479,Lithobates pipiens,-68.376627,44.508751,2026,6.832833290100098,966.325927734375,77.0,-12.567999839782715,966.325927734375,77.0,-12.567999839782715
6451706692,Dryophytes versicolor,-69.384422,44.448338,2026,6.376500129699707,987.0676879882812,78.0,-13.303999900817871,987.0676879882812,78.0,-13.303999900817871
6451689433,Dryophytes versicolor,-68.716553,44.79429,2026,6.86566686630249,1019.4971923828125,71.0,-13.619999885559082,1019.4971923828125,71.0,-13.619999885559082
6451686028,Anaxyrus americanus,-69.882163,44.13725,2025,7.091333389282227,990.9122314453125,76.0,-12.52400016784668,990.9122314453125,76.0,-12.52400016784668
6451680737,Anaxyrus americanus,-70.607139,44.956379,2026,3.4806666374206543,1064.9588623046875,69.0,-18.011999130249023,1064.9588623046875,69.0,-18.011999130249023
6451650908,Lithobates pipiens,-68.78022,44.989555,2026,6.2838335037231445,1025.2115478515625,68.0,-14.415999412536621,1025.2115478515625,68.0,-14.415999412536621
6451646494,Anaxyrus americanus,-70.807272,44.062853,2024,6.46750020980835,1006.2122192382812,82.0,-14.644000053405762,1006.2122192382812,82.0,-14.644000053405762
6451644717,Lithobates pipiens,-68.61477,45.907957,2026,4.756999969482422,1090.1136474609375,59.0,-17.18000030517578,1090.1136474609375,59.0,-17.18000030517578
6451607370,Dryophytes versicolor,-69.644535,44.070688,2026,7.3448333740234375,950.9174194335938,79.0,-11.276000022888184,950.9174194335938,79.0,-11.276000022888184
6451585642,Dryophytes versicolor,-68.63529,44.769224,2026,6.499166488647461,1005.537353515625,75.0,-13.687999725341797,1005.537353515625,75.0,-13.687999725341797
6451563744,Anaxyrus americanus,-70.158994,43.879588,2026,7.231166839599609,956.431884765625,81.0,-11.795999526977539,956.431884765625,81.0,-11.795999526977539
6442056389,Anaxyrus americanus,-70.762275,43.443322,2026,7.79116678237915,964.0722045898438,84.0,-11.85200023651123,964.0722045898438,84.0,-11.85200023651123
6442048066,Anaxyrus americanus,-69.064493,45.992776,2026,3.123166561126709,1103.7056884765625,57.0,-18.899999618530273,1103.7056884765625,57.0,-18.899999618530273
6442039473,Anaxyrus americanus,-68.252551,44.274357,2026,,,,,,,
6442019102,Dryophytes versicolor,-68.776573,44.615416,2026,6.803500175476074,979.0145263671875,80.0,-12.819999694824219,979.0145263671875,80.0,-12.819999694824219
6442009678,Dryophytes versicolor,-68.768786,44.667691,2026,6.512666702270508,997.424560546875,79.0,-13.491999626159668,997.424560546875,79.0,-13.491999626159668
6441971881,Anaxyrus americanus,-70.871932,44.213765,2026,6.290499687194824,1008.4392700195312,77.0,-14.760000228881836,1008.4392700195312,77.0,-14.760000228881836
6441958755,Anaxyrus americanus,-68.056014,46.725128,2026,3.7843334674835205,1132.6983642578125,48.0,-18.42799949645996,1132.6983642578125,48.0,-18.42799949645996
6441953742,Anaxyrus americanus,-70.347123,44.156302,2025,6.4691667556762695,998.4803466796875,81.0,-13.708000183105469,998.4803466796875,81.0,-13.708000183105469
6441935498,Anaxyrus americanus,-69.665078,44.562346,2026,6.94350004196167,1025.3370361328125,66.0,-13.927999496459961,1025.3370361328125,66.0,-13.927999496459961
6441912680,Anaxyrus americanus,-70.368179,43.889206,2026,7.028166770935059,975.6277465820312,83.0,-12.751999855041504,975.6277465820312,83.0,-12.751999855041504
6441873880,Anaxyrus americanus,-70.878623,43.451297,2026,7.400833606719971,961.3794555664062,86.0,-12.276000022888184,961.3794555664062,86.0,-12.276000022888184
6441866303,Anaxyrus americanus,-68.827361,45.905252,2026,4.039999961853027,1083.252197265625,58.0,-17.56800079345703,1083.252197265625,58.0,-17.56800079345703
6441831793,Dryophytes versicolor,-68.890578,44.837422,2026,6.327499866485596,1019.7588500976562,71.0,-14.260000228881836,1019.7588500976562,71.0,-14.260000228881836
6441825024,Dryophytes versicolor,-68.656434,44.635267,2026,6.339666843414307,993.2438354492188,84.0,-13.503999710083008,993.2438354492188,84.0,-13.503999710083008
6441814952,Anaxyrus americanus,-70.538823,44.935833,2026,2.686833381652832,1045.182373046875,86.0,-17.86400032043457,1045.182373046875,86.0,-17.86400032043457
6441806321,Anaxyrus americanus,-70.867681,44.141421,2026,6.438666820526123,1007.8982543945312,80.0,-14.692000389099121,1007.8982543945312,80.0,-14.692000389099121
6441778780,Dryophytes versicolor,-68.607812,44.685931,2026,6.5269999504089355,997.1307373046875,82.0,-13.4399995803833,997.1307373046875,82.0,-13.4399995803833
6441774727,Anaxyrus americanus,-69.9767,44.233555,2026,7.054499626159668,1004.9155883789062,74.0,-12.960000038146973,1004.9155883789062,74.0,-12.960000038146973
6441770098,Dryophytes versicolor,-68.757611,44.708705,2026,6.747833251953125,1006.8766479492188,75.0,-13.479999542236328,1006.8766479492188,75.0,-13.479999542236328
6441754883,Anaxyrus americanus,-70.992872,44.356988,2026,5.436166763305664,1010.6446533203125,71.0,-15.232000350952148,1010.6446533203125,71.0,-15.232000350952148
6441750635,Anaxyrus americanus,-69.029219,44.322541,2026,7.0291666984558105,938.0237426757812,82.0,-11.472000122070312,938.0237426757812,82.0,-11.472000122070312
6441750467,Anaxyrus americanus,-70.631737,43.407712,2026,7.875333309173584,946.164306640625,84.0,-11.248000144958496,946.164306640625,84.0,-11.248000144958496
6441726869,Anaxyrus americanus,-70.782468,44.974339,2026,3.680000066757202,1066.861572265625,62.0,-18.040000915527344,1066.861572265625,62.0,-18.040000915527344
6441711581,Dryophytes versicolor,-68.674028,44.731462,2026,6.362666606903076,1001.3154907226562,79.0,-13.736000061035156,1001.3154907226562,79.0,-13.736000061035156
6441699424,Dryophytes versicolor,-69.742758,45.692475,2026,3.886833429336548,1083.54248046875,56.0,-17.90399932861328,1083.54248046875,56.0,-17.90399932861328
6441674031,Anaxyrus americanus,-68.975708,44.535002,2026,6.750833511352539,972.9920654296875,82.0,-12.772000312805176,972.9920654296875,82.0,-12.772000312805176
6441650950,Anaxyrus americanus,-70.209882,43.568148,2023,,,,,,,
6441648473,Anaxyrus americanus,-70.663038,44.380755,2026,5.840666770935059,1022.7996826171875,71.0,-15.128000259399414,1022.7996826171875,71.0,-15.128000259399414
6441622602,Lithobates pipiens,-67.89811,45.973246,2026,4.691999912261963,1082.0723876953125,62.0,-17.236000061035156,1082.0723876953125,62.0,-17.236000061035156
6441617757,Anaxyrus americanus,-70.542251,44.942271,2026,3.178833246231079,1059.809814453125,74.0,-17.992000579833984,1059.809814453125,74.0,-17.992000579833984
6441600721,Dryophytes versicolor,-68.642434,44.628708,2026,6.339666843414307,993.2438354492188,84.0,-13.503999710083008,993.2438354492188,84.0,-13.503999710083008
6441583716,Dryophytes versicolor,-68.77282,44.610618,2026,6.803500175476074,979.0145263671875,80.0,-12.819999694824219,979.0145263671875,80.0,-12.819999694824219
6441542586,Anaxyrus americanus,-67.022204,44.770358,2026,6.132500171661377,910.2307739257812,78.0,-11.880000114440918,910.2307739257812,78.0,-11.880000114440918
6441542468,Anaxyrus americanus,-70.897814,44.180909,2026,6.575833320617676,1012.11328125,77.0,-14.555999755859375,1012.11328125,77.0,-14.555999755859375
6441530836,Anaxyrus americanus,-70.872253,44.21372,2026,6.290499687194824,1008.4392700195312,77.0,-14.760000228881836,1008.4392700195312,77.0,-14.760000228881836
6441506503,Dryophytes versicolor,-70.842513,43.132347,2026,,,,,,,
6441477748,Dryophytes versicolor,-68.685588,44.641154,2026,6.632166862487793,992.1956176757812,81.0,-13.227999687194824,992.1956176757812,81.0,-13.227999687194824
6441451063,Anaxyrus americanus,-69.696067,44.368942,2026,6.968999862670898,998.5376586914062,71.0,-13.02400016784668,998.5376586914062,71.0,-13.02400016784668
6441447876,Anaxyrus americanus,-69.572853,44.244362,2026,7.145666599273682,975.9201049804688,75.0,-12.199999809265137,975.9201049804688,75.0,-12.199999809265137
6441436790,Anaxyrus americanus,-69.057786,44.234679,2026,6.89965295791626,935.4232177734375,83.0,-11.337499618530273,935.4232177734375,83.0,-11.337499618530273
6441436325,Dryophytes versicolor,-68.724811,44.651224,2026,6.552666664123535,991.43896484375,81.0,-13.303999900817871,991.43896484375,81.0,-13.303999900817871
6441406882,Dryophytes versicolor,-68.763589,44.741768,2026,6.747833251953125,1006.8766479492188,75.0,-13.479999542236328,1006.8766479492188,75.0,-13.479999542236328
6441400411,Anaxyrus americanus,-70.008323,44.107106,2025,6.882833003997803,989.0977783203125,81.0,-12.65999984741211,989.0977783203125,81.0,-12.65999984741211
6441371645,Anaxyrus americanus,-68.996117,46.161053,2026,3.6019999980926514,1109.27490234375,52.0,-18.95599937438965,1109.27490234375,52.0,-18.95599937438965
6441343587,Lithobates pipiens,-67.921312,46.642513,2026,3.7704999446868896,1126.90234375,49.0,-18.14000129699707,1126.90234375,49.0,-18.14000129699707
6441324787,Dryophytes versicolor,-68.755794,44.710137,2026,6.747833251953125,1006.8766479492188,75.0,-13.479999542236328,1006.8766479492188,75.0,-13.479999542236328
6441250695,Dryophytes versicolor,-68.67976,44.659872,2026,6.632166862487793,992.1956176757812,81.0,-13.227999687194824,992.1956176757812,81.0,-13.227999687194824
6441249738,Anaxyrus americanus,-67.144941,44.703621,2026,6.150781154632568,923.06884765625,78.0,-12.231249809265137,923.06884765625,78.0,-12.231249809265137
6441202456,Dryophytes versicolor,-68.739447,44.650541,2026,6.552666664123535,991.43896484375,81.0,-13.303999900817871,991.43896484375,81.0,-13.303999900817871
6441185967,Anaxyrus americanus,-69.253608,44.28783,2026,7.014666557312012,962.6718139648438,82.0,-11.956000328063965,962.6718139648438,82.0,-11.956000328063965
6441150010,Anaxyrus americanus,-69.857283,43.860222,2026,7.632465362548828,910.4086303710938,78.0,-10.191666603088379,910.4086303710938,78.0,-10.191666603088379
6441139437,Anaxyrus americanus,-70.967589,44.136759,2026,6.5269999504089355,1009.6727294921875,79.0,-14.616000175476074,1009.6727294921875,79.0,-14.616000175476074
6441137765,Dryophytes versicolor,-68.675862,44.764282,2026,6.63433313369751,1008.2554931640625,73.0,-13.624000549316406,1008.2554931640625,73.0,-13.624000549316406
6441129878,Anaxyrus americanus,-70.458038,44.222288,2026,6.000666618347168,1004.3805541992188,82.0,-14.45199966430664,1004.3805541992188,82.0,-14.45199966430664
6441096124,Dryophytes versicolor,-69.769425,44.046849,2026,7.35366678237915,968.6555786132812,78.0,-11.711999893188477,968.6555786132812,78.0,-11.711999893188477
6441015389,Dryophytes versicolor,-68.737312,44.661419,2026,6.552666664123535,991.43896484375,81.0,-13.303999900817871,991.43896484375,81.0,-13.303999900817871
6440989793,Dryophytes versicolor,-68.635296,44.63287,2026,6.339666843414307,993.2438354492188,84.0,-13.503999710083008,993.2438354492188,84.0,-13.503999710083008
6440972499,Dryophytes versicolor,-68.715271,44.658682,2026,6.552666664123535,991.43896484375,81.0,-13.303999900817871,991.43896484375,81.0,-13.303999900817871
6440964885,Anaxyrus americanus,-70.537436,43.553979,2026,7.5329999923706055,950.1115112304688,82.0,-11.86400032043457,950.1115112304688,82.0,-11.86400032043457
6440958092,Anaxyrus americanus,-70.319449,45.147005,2026,3.0968334674835205,1048.7525634765625,76.0,-17.763999938964844,1048.7525634765625,76.0,-17.763999938964844
6440933683,Dryophytes versicolor,-68.652844,44.622271,2026,6.58050012588501,989.641357421875,82.0,-13.187999725341797,989.641357421875,82.0,-13.187999725341797
6440931622,Anaxyrus americanus,-69.266167,45.461521,2026,4.2241668701171875,1067.6583251953125,65.0,-17.299999237060547,1067.6583251953125,65.0,-17.299999237060547
6440925447,Anaxyrus americanus,-70.744176,43.41406,2026,7.854666709899902,955.5650024414062,85.0,-11.496000289916992,955.5650024414062,85.0,-11.496000289916992
6431930759,Anaxyrus americanus,-70.814957,43.361255,2026,7.714166641235352,948.2498168945312,87.0,-11.48799991607666,948.2498168945312,87.0,-11.48799991607666
6431912748,Anaxyrus americanus,-70.367874,43.890819,2026,7.028166770935059,975.6277465820312,83.0,-12.751999855041504,975.6277465820312,83.0,-12.751999855041504
6431902844,Anaxyrus americanus,-70.994762,44.353331,2026,5.436166763305664,1010.6446533203125,71.0,-15.232000350952148,1010.6446533203125,71.0,-15.232000350952148
6431886362,Anaxyrus americanus,-68.699779,44.385513,2026,7.108333110809326,949.1484985351562,78.0,-11.77727222442627,949.1484985351562,78.0,-11.77727222442627
6431847548,Anaxyrus americanus,-69.033187,44.343654,2026,6.885833263397217,950.2058715820312,83.0,-11.880000114440918,950.2058715820312,83.0,-11.880000114440918
6431826974,Anaxyrus americanus,-69.574274,44.242228,2026,7.145666599273682,975.9201049804688,75.0,-12.199999809265137,975.9201049804688,75.0,-12.199999809265137
6431814521,Anaxyrus americanus,-69.571589,44.242273,2026,7.145666599273682,975.9201049804688,75.0,-12.199999809265137,975.9201049804688,75.0,-12.199999809265137
6431727690,Anaxyrus americanus,-70.64868,44.288882,2026,6.017333507537842,1005.428955078125,77.0,-14.751999855041504,1005.428955078125,77.0,-14.751999855041504
6431609439,Dryophytes versicolor,-70.459862,43.531728,2026,7.728833198547363,944.2640380859375,82.0,-11.319999694824219,944.2640380859375,82.0,-11.319999694824219
6431608308,Anaxyrus americanus,-69.572519,44.242281,2026,7.145666599273682,975.9201049804688,75.0,-12.199999809265137,975.9201049804688,75.0,-12.199999809265137
6431490739,Anaxyrus americanus,-69.575165,44.244478,2026,7.145666599273682,975.9201049804688,75.0,-12.199999809265137,975.9201049804688,75.0,-12.199999809265137
6431460038,Dryophytes versicolor,-69.418997,45.379732,2026,4.403500080108643,1070.4959716796875,65.0,-17.299999237060547,1070.4959716796875,65.0,-17.299999237060547
6431406499,Anaxyrus americanus,-70.035464,45.241015,2026,4.2143330574035645,1069.87158203125,62.0,-17.423999786376953,1069.87158203125,62.0,-17.423999786376953
6431393787,Anaxyrus americanus,-69.9459,43.951997,2026,7.578666687011719,964.7484130859375,79.0,-11.359999656677246,964.7484130859375,79.0,-11.359999656677246
6431333384,Dryophytes versicolor,-70.581552,43.282065,2026,,,,,,,
6431293916,Anaxyrus americanus,-68.780701,46.047484,2026,4.246833324432373,1099.52978515625,54.0,-18.18400001525879,1099.52978515625,54.0,-18.18400001525879
6431265829,Anaxyrus americanus,-69.802365,44.271983,2026,7.03849983215332,1002.0171508789062,72.0,-12.935999870300293,1002.0171508789062,72.0,-12.935999870300293
6431198688,Anaxyrus americanus,-70.738725,43.166514,2026,8.499667167663574,920.1566772460938,80.0,-9.616000175476074,920.1566772460938,80.0,-9.616000175476074
6431171650,Anaxyrus americanus,-69.946097,43.952163,2026,7.578666687011719,964.7484130859375,79.0,-11.359999656677246,964.7484130859375,79.0,-11.359999656677246
6431164515,Dryophytes versicolor,-68.683029,44.679872,2026,6.56516695022583,994.3455200195312,79.0,-13.395999908447266,994.3455200195312,79.0,-13.395999908447266
6431140759,Anaxyrus americanus,-69.075115,45.885586,2026,3.7096667289733887,1095.42041015625,55.0,-18.18000030517578,1095.42041015625,55.0,-18.18000030517578
6431136609,Dryophytes versicolor,-70.385545,44.024422,2026,6.861000061035156,988.4619750976562,82.0,-13.307999610900879,988.4619750976562,82.0,-13.307999610900879
6431090831,Anaxyrus americanus,-69.571919,44.241911,2026,7.145666599273682,975.9201049804688,75.0,-12.199999809265137,975.9201049804688,75.0,-12.199999809265137
6431040396,Anaxyrus americanus,-69.573698,44.242181,2026,7.145666599273682,975.9201049804688,75.0,-12.199999809265137,975.9201049804688,75.0,-12.199999809265137
6431031083,Lithobates pipiens,-68.75849,44.8419,2026,6.592499732971191,1020.1878662109375,70.0,-13.927999496459961,1020.1878662109375,70.0,-13.927999496459961
6431014113,Anaxyrus americanus,-69.573906,44.242898,2026,7.145666599273682,975.9201049804688,75.0,-12.199999809265137,975.9201049804688,75.0,-12.199999809265137
6430997402,Anaxyrus americanus,-69.687355,45.27578,2026,4.019333362579346,1073.3045654296875,66.0,-17.65999984741211,1073.3045654296875,66.0,-17.65999984741211
6430992515,Dryophytes versicolor,-70.274553,44.085182,2026,7.025000095367432,996.1735229492188,78.0,-12.932000160217285,996.1735229492188,78.0,-12.932000160217285
6430957944,Dryophytes versicolor,-68.262663,44.376025,2026,6.910666465759277,945.4031372070312,75.0,-11.907999992370605,945.4031372070312,75.0,-11.907999992370605
6430917382,Anaxyrus americanus,-69.571589,44.242273,2026,7.145666599273682,975.9201049804688,75.0,-12.199999809265137,975.9201049804688,75.0,-12.199999809265137
6430906788,Dryophytes versicolor,-68.714697,44.750835,2026,6.7813334465026855,1015.2465209960938,73.0,-13.644000053405762,1015.2465209960938,73.0,-13.644000053405762
6430899621,Anaxyrus americanus,-70.179992,43.907967,2026,7.204833030700684,960.4813842773438,81.0,-11.916000366210938,960.4813842773438,81.0,-11.916000366210938
6430883350,Anaxyrus americanus,-70.737723,43.176423,2026,8.345333099365234,923.6110229492188,82.0,-9.960000038146973,923.6110229492188,82.0,-9.960000038146973
6430826355,Dryophytes versicolor,-70.888283,43.324035,2026,7.94083309173584,960.4606323242188,82.0,-11.527999877929688,960.4606323242188,82.0,-11.527999877929688
6430814344,Anaxyrus americanus,-68.975457,45.786405,2026,4.67716646194458,1088.1475830078125,55.0,-17.215999603271484,1088.1475830078125,55.0,-17.215999603271484
6430806339,Anaxyrus americanus,-69.654068,44.58191,2026,6.94350004196167,1025.3370361328125,66.0,-13.927999496459961,1025.3370361328125,66.0,-13.927999496459961
6423216459,Dryophytes versicolor,-69.078987,44.197098,2026,7.273717880249023,927.6812744140625,81.0,-10.776923179626465,927.6812744140625,81.0,-10.776923179626465
6423198798,Dryophytes versicolor,-68.059945,44.333039,2026,,,,,,,
6423182504,Dryophytes versicolor,-69.854767,44.626178,2024,6.227166652679443,1030.739013671875,67.0,-14.96399974822998,1030.739013671875,67.0,-14.96399974822998
6423177435,Anaxyrus americanus,-68.954203,45.248286,2026,5.605999946594238,1052.94580078125,68.0,-15.784000396728516,1052.94580078125,68.0,-15.784000396728516
6423153703,Anaxyrus americanus,-68.315483,44.23172,2026,7.106249809265137,895.186279296875,74.0,-10.649999618530273,895.186279296875,74.0,-10.649999618530273
6423143689,Anaxyrus americanus,-67.459695,44.713283,2025,6.238500118255615,957.5205688476562,78.0,-13.300000190734863,957.5205688476562,78.0,-13.300000190734863
6423133723,Dryophytes versicolor,-68.689655,44.978442,2026,6.349833011627197,1027.5784912109375,68.0,-14.36400032043457,1027.5784912109375,68.0,-14.36400032043457
6423110374,Anaxyrus americanus,-68.465357,46.001863,2026,4.053666591644287,1099.9935302734375,58.0,-18.38399887084961,1099.9935302734375,58.0,-18.38399887084961
6423085480,Anaxyrus americanus,-70.711464,43.960686,2026,6.4651665687561035,1000.7784423828125,84.0,-14.5600004196167,1000.7784423828125,84.0,-14.5600004196167
6423082966,Anaxyrus americanus,-67.934455,44.458613,2026,6.672826290130615,918.2078857421875,75.0,-12.017391204833984,918.2078857421875,75.0,-12.017391204833984
6423059670,Anaxyrus americanus,-68.851843,45.927034,2020,2.86299991607666,1079.739013671875,64.0,-18.31999969482422,1079.739013671875,64.0,-18.31999969482422
6423043955,Anaxyrus americanus,-68.774227,44.864798,2026,6.592499732971191,1020.1878662109375,70.0,-13.927999496459961,1020.1878662109375,70.0,-13.927999496459961
6422948431,Dryophytes versicolor,-67.019527,44.875229,2026,,,,,,,
6422882048,Anaxyrus americanus,-70.187667,43.656247,2026,,,,,,,
6422856011,Anaxyrus americanus,-70.423706,45.171073,2026,4.184166431427002,1077.7916259765625,59.0,-17.531999588012695,1077.7916259765625,59.0,-17.531999588012695
6422819720,Anaxyrus americanus,-69.734367,44.685535,2026,6.234833240509033,1028.6566162109375,66.0,-14.887999534606934,1028.6566162109375,66.0,-14.887999534606934
6422754446,Anaxyrus americanus,-68.85402,45.927692,2026,2.86299991607666,1079.739013671875,64.0,-18.31999969482422,1079.739013671875,64.0,-18.31999969482422
6422679652,Anaxyrus americanus,-67.026935,44.788813,2026,6.132500171661377,910.2307739257812,78.0,-11.880000114440918,910.2307739257812,78.0,-11.880000114440918
6422666604,Anaxyrus americanus,-69.016806,45.955575,2026,2.3434998989105225,1091.3916015625,69.0,-19.200000762939453,1091.3916015625,69.0,-19.200000762939453
6422650675,Anaxyrus americanus,-70.635903,43.820945,2024,6.920333385467529,979.8250732421875,84.0,-13.588000297546387,979.8250732421875,84.0,-13.588000297546387
6422610749,Dryophytes versicolor,-70.814287,44.066578,2026,6.46750020980835,1006.2122192382812,82.0,-14.644000053405762,1006.2122192382812,82.0,-14.644000053405762
6422594009,Anaxyrus americanus,-70.60643,43.506808,2026,7.540333271026611,952.433349609375,84.0,-11.984000205993652,952.433349609375,84.0,-11.984000205993652
6422551973,Anaxyrus americanus,-69.64785,44.736214,2026,6.332833290100098,1034.3677978515625,65.0,-14.944000244140625,1034.3677978515625,65.0,-14.944000244140625
6422534442,Dryophytes versicolor,-70.81418,44.066711,2026,6.46750020980835,1006.2122192382812,82.0,-14.644000053405762,1006.2122192382812,82.0,-14.644000053405762
6422498401,Anaxyrus americanus,-70.179346,45.134315,2026,3.945666790008545,1058.35107421875,64.0,-17.435998916625977,1058.35107421875,64.0,-17.435998916625977
6422480896,Lithobates pipiens,-68.230119,45.919518,2026,4.760833263397217,1089.00244140625,60.0,-17.211999893188477,1089.00244140625,60.0,-17.211999893188477
6422432534,Dryophytes versicolor,-68.061036,44.332349,2026,,,,,,,
6422432333,Anaxyrus americanus,-70.636637,43.820542,2023,6.920333385467529,979.8250732421875,84.0,-13.588000297546387,979.8250732421875,84.0,-13.588000297546387
6422424302,Anaxyrus americanus,-70.772767,44.741841,2026,3.5810000896453857,1041.922607421875,73.0,-17.31999969482422,1041.922607421875,73.0,-17.31999969482422
6422408595,Anaxyrus americanus,-69.732937,43.775177,2026,,,,,,,
6422383495,Dryophytes versicolor,-67.93377,44.459392,2026,6.672826290130615,918.2078857421875,75.0,-12.017391204833984,918.2078857421875,75.0,-12.017391204833984
6422337703,Anaxyrus americanus,-68.972837,46.183098,2026,3.6639997959136963,1111.204345703125,51.0,-18.992000579833984,1111.204345703125,51.0,-18.992000579833984
6422321010,Anaxyrus americanus,-67.933547,44.459417,2026,6.672826290130615,918.2078857421875,75.0,-12.017391204833984,918.2078857421875,75.0,-12.017391204833984
6422314935,Anaxyrus americanus,-70.304344,45.12993,2026,3.0968334674835205,1048.7525634765625,76.0,-17.763999938964844,1048.7525634765625,76.0,-17.763999938964844
6422227986,Anaxyrus americanus,-70.814991,44.712654,2026,4.010166645050049,1050.9732666015625,62.0,-17.29199981689453,1050.9732666015625,62.0,-17.29199981689453
6422206562,Anaxyrus americanus,-70.95627,44.221038,2026,6.256666660308838,1004.6489868164062,77.0,-14.628000259399414,1004.6489868164062,77.0,-14.628000259399414
6422191841,Anaxyrus americanus,-69.721105,44.377479,2026,6.934333324432373,1005.11962890625,68.0,-13.248000144958496,1005.11962890625,68.0,-13.248000144958496
6422138014,Anaxyrus americanus,-70.990959,44.357437,2026,5.436166763305664,1010.6446533203125,71.0,-15.232000350952148,1010.6446533203125,71.0,-15.232000350952148
6422102883,Anaxyrus americanus,-67.797004,46.546402,2026,3.7108333110809326,1116.9735107421875,55.0,-17.899999618530273,1116.9735107421875,55.0,-17.899999618530273
6414120458,Dryophytes versicolor,-69.732893,44.39847,2026,6.934333324432373,1005.11962890625,68.0,-13.248000144958496,1005.11962890625,68.0,-13.248000144958496
6414119449,Dryophytes versicolor,-69.98999,45.22324,2026,4.400000095367432,1069.927734375,60.0,-17.336000442504883,1069.927734375,60.0,-17.336000442504883
6414082308,Anaxyrus americanus,-70.709209,43.165112,2026,8.499667167663574,920.1566772460938,80.0,-9.616000175476074,920.1566772460938,80.0,-9.616000175476074
6414046442,Anaxyrus americanus,-70.22933,43.639995,2026,8.066319465637207,926.9019165039062,80.0,-10.366666793823242,926.9019165039062,80.0,-10.366666793823242
6413919387,Anaxyrus americanus,-70.123817,43.853283,2026,7.414311408996582,947.5896606445312,81.0,-11.343478202819824,947.5896606445312,81.0,-11.343478202819824
6413908383,Dryophytes versicolor,-70.604633,44.318558,2026,5.950333118438721,1010.641845703125,75.0,-14.831999778747559,1010.641845703125,75.0,-14.831999778747559
6413893836,Anaxyrus americanus,-67.796999,46.546051,2026,3.7108333110809326,1116.9735107421875,55.0,-17.899999618530273,1116.9735107421875,55.0,-17.899999618530273
6413854840,Anaxyrus americanus,-69.931053,46.033117,2026,2.6029999256134033,1117.9869384765625,61.0,-19.248001098632812,1117.9869384765625,61.0,-19.248001098632812
6413828919,Anaxyrus americanus,-68.630892,44.649643,2026,6.339666843414307,993.2438354492188,84.0,-13.503999710083008,993.2438354492188,84.0,-13.503999710083008
6413814750,Dryophytes versicolor,-70.812425,44.066525,2026,6.46750020980835,1006.2122192382812,82.0,-14.644000053405762,1006.2122192382812,82.0,-14.644000053405762
6413813750,Dryophytes versicolor,-70.444367,43.384647,2026,7.9071431159973145,903.2127075195312,80.0,-10.061904907226562,903.2127075195312,80.0,-10.061904907226562
6413788937,Anaxyrus americanus,-70.43573,43.859608,2026,7.0894999504089355,980.0737915039062,84.0,-12.9399995803833,980.0737915039062,84.0,-12.9399995803833
6413738463,Dryophytes versicolor,-68.060158,44.333013,2026,,,,,,,
6413738083,Lithobates pipiens,-67.887909,45.973206,2026,4.691999912261963,1082.0723876953125,62.0,-17.236000061035156,1082.0723876953125,62.0,-17.236000061035156
6413698624,Anaxyrus americanus,-69.025324,44.318846,2026,7.0291666984558105,938.0237426757812,82.0,-11.472000122070312,938.0237426757812,82.0,-11.472000122070312
6413687567,Anaxyrus americanus,-67.797064,46.545805,2026,3.7108333110809326,1116.9735107421875,55.0,-17.899999618530273,1116.9735107421875,55.0,-17.899999618530273
6413653975,Anaxyrus americanus,-69.601031,43.902233,2026,7.664583206176758,899.5667724609375,78.0,-9.645454406738281,899.5667724609375,78.0,-9.645454406738281
6413653616,Anaxyrus americanus,-70.123419,43.853133,2026,7.414311408996582,947.5896606445312,81.0,-11.343478202819824,947.5896606445312,81.0,-11.343478202819824
6413642498,Anaxyrus americanus,-68.589466,47.258619,2026,,,,,,,
6413562335,Anaxyrus americanus,-70.298844,43.681397,2026,7.831333160400391,959.189208984375,81.0,-11.355999946594238,959.189208984375,81.0,-11.355999946594238
6413530608,Dryophytes versicolor,-69.989914,45.223221,2026,4.400000095367432,1069.927734375,60.0,-17.336000442504883,1069.927734375,60.0,-17.336000442504883
6413455456,Anaxyrus americanus,-69.038927,45.991923,2026,2.618499994277954,1098.6917724609375,63.0,-19.176000595092773,1098.6917724609375,63.0,-19.176000595092773
6413434567,Dryophytes versicolor,-68.496159,44.913171,2026,6.170166492462158,1009.2222900390625,75.0,-14.192000389099121,1009.2222900390625,75.0,-14.192000389099121
6413397567,Dryophytes versicolor,-68.298298,44.453112,2026,7.035277843475342,932.965576171875,75.0,-11.739999771118164,932.965576171875,75.0,-11.739999771118164
6413255813,Anaxyrus americanus,-69.21549,44.313672,2026,6.9008331298828125,961.7420043945312,82.0,-12.095999717712402,961.7420043945312,82.0,-12.095999717712402
6413252666,Dryophytes versicolor,-68.245987,44.312083,2026,6.842187404632568,919.6708984375,75.0,-11.387499809265137,919.6708984375,75.0,-11.387499809265137
6413151851,Dryophytes versicolor,-69.648231,44.734413,2026,6.332833290100098,1034.3677978515625,65.0,-14.944000244140625,1034.3677978515625,65.0,-14.944000244140625
6413132771,Anaxyrus americanus,-67.574347,44.473597,2026,,,,,,,
6413113484,Anaxyrus americanus,-69.820473,43.815617,2026,7.709868431091309,900.6714477539062,77.0,-9.77368450164795,900.6714477539062,77.0,-9.77368450164795
6413075099,Anaxyrus americanus,-70.946561,44.160191,2026,6.604833602905273,1015.01806640625,78.0,-14.596000671386719,1015.01806640625,78.0,-14.596000671386719
6413049820,Dryophytes versicolor,-70.133085,44.400828,2026,6.486833095550537,1016.959228515625,72.0,-14.140000343322754,1016.959228515625,72.0,-14.140000343322754
6413043848,Dryophytes versicolor,-69.314687,44.985383,2026,5.802000045776367,1042.9364013671875,69.0,-15.572000503540039,1042.9364013671875,69.0,-15.572000503540039
6413023334,Dryophytes versicolor,-69.732997,44.39848,2026,6.934333324432373,1005.11962890625,68.0,-13.248000144958496,1005.11962890625,68.0,-13.248000144958496
6413011040,Anaxyrus americanus,-70.635042,43.821772,2023,6.920333385467529,979.8250732421875,84.0,-13.588000297546387,979.8250732421875,84.0,-13.588000297546387
6412994606,Anaxyrus americanus,-69.595289,43.99187,2026,7.512666702270508,921.2686157226562,78.0,-10.407999992370605,921.2686157226562,78.0,-10.407999992370605
6412992318,Anaxyrus americanus,-69.533156,44.738802,2026,6.2191667556762695,1028.0845947265625,67.0,-14.776000022888184,1028.0845947265625,67.0,-14.776000022888184
6412960636,Anaxyrus americanus,-70.346047,44.804631,2026,5.304500102996826,1045.8538818359375,65.0,-16.284000396728516,1045.8538818359375,65.0,-16.284000396728516
6400873553,Anaxyrus americanus,-70.826292,44.181402,2026,6.274666786193848,1005.5418090820312,79.0,-14.732000350952148,1005.5418090820312,79.0,-14.732000350952148
6400872709,Dryophytes versicolor,-68.643578,44.631278,2026,6.339666843414307,993.2438354492188,84.0,-13.503999710083008,993.2438354492188,84.0,-13.503999710083008
6400826468,Anaxyrus americanus,-70.647056,44.287147,2026,6.017333507537842,1005.428955078125,77.0,-14.751999855041504,1005.428955078125,77.0,-14.751999855041504
6400810394,Dryophytes versicolor,-69.641394,44.554356,2026,6.94350004196167,1025.3370361328125,66.0,-13.927999496459961,1025.3370361328125,66.0,-13.927999496459961
6400798720,Anaxyrus americanus,-70.603476,43.501498,2026,7.540333271026611,952.433349609375,84.0,-11.984000205993652,952.433349609375,84.0,-11.984000205993652
6400792324,Anaxyrus americanus,-70.469459,43.546514,2026,7.53849983215332,945.0792846679688,82.0,-11.65999984741211,945.0792846679688,82.0,-11.65999984741211
6400791565,Anaxyrus americanus,-68.500275,44.791767,2026,6.402166843414307,1006.8900756835938,77.0,-13.812000274658203,1006.8900756835938,77.0,-13.812000274658203
6400729177,Dryophytes versicolor,-68.372535,44.573552,2026,6.771666526794434,980.9488525390625,77.0,-12.97599983215332,980.9488525390625,77.0,-12.97599983215332
6400629267,Dryophytes versicolor,-70.754879,44.106022,2026,6.460999965667725,1002.8390502929688,82.0,-14.624000549316406,1002.8390502929688,82.0,-14.624000549316406
6400599389,Anaxyrus americanus,-70.68515,43.398442,2026,7.86566686630249,952.7498168945312,85.0,-11.392000198364258,952.7498168945312,85.0,-11.392000198364258
6400534675,Anaxyrus americanus,-70.608912,43.40391,2026,7.929999828338623,939.15185546875,83.0,-11.015999794006348,939.15185546875,83.0,-11.015999794006348
6400508903,Anaxyrus americanus,-70.259697,44.177942,2026,6.716500282287598,1000.6909790039062,77.0,-13.435999870300293,1000.6909790039062,77.0,-13.435999870300293
6400485740,Dryophytes versicolor,-68.415915,46.120418,2026,3.9200000762939453,1106.9410400390625,57.0,-18.604000091552734,1106.9410400390625,57.0,-18.604000091552734
6400426957,Dryophytes versicolor,-70.790957,44.026342,2026,6.478833198547363,1005.1475219726562,83.0,-14.684000015258789,1005.1475219726562,83.0,-14.684000015258789
6400426194,Anaxyrus americanus,-70.527212,44.198562,2026,6.573500156402588,1010.109619140625,77.0,-14.199999809265137,1010.109619140625,77.0,-14.199999809265137
6400424480,Anaxyrus americanus,-68.65056,45.858996,2026,4.768833160400391,1089.3388671875,59.0,-17.176000595092773,1089.3388671875,59.0,-17.176000595092773
6400407450,Dryophytes versicolor,-70.648438,44.288972,2026,6.017333507537842,1005.428955078125,77.0,-14.751999855041504,1005.428955078125,77.0,-14.751999855041504
6400391277,Dryophytes versicolor,-68.218567,44.500644,2026,6.771041393280029,937.2129516601562,76.0,-12.300000190734863,937.2129516601562,76.0,-12.300000190734863
6400376360,Lithobates pipiens,-70.401991,45.206297,2025,4.15500020980835,1072.3448486328125,59.0,-17.459999084472656,1072.3448486328125,59.0,-17.459999084472656
6400335836,Anaxyrus americanus,-69.775363,43.821571,2021,7.709920406341553,891.7317504882812,77.0,-9.576190948486328,891.7317504882812,77.0,-9.576190948486328
6400275559,Anaxyrus americanus,-70.950106,44.007838,2026,6.763999938964844,1016.60302734375,83.0,-14.596000671386719,1016.60302734375,83.0,-14.596000671386719
6400239396,Dryophytes versicolor,-69.789975,45.747263,2026,3.9674999713897705,1075.963623046875,56.0,-17.676000595092773,1075.963623046875,56.0,-17.676000595092773
6400203772,Anaxyrus americanus,-70.55648,44.741103,2026,4.17549991607666,1038.4132080078125,72.0,-16.823999404907227,1038.4132080078125,72.0,-16.823999404907227
6400182523,Dryophytes versicolor,-69.881702,44.539085,2026,6.616833209991455,1021.6112060546875,68.0,-14.267999649047852,1021.6112060546875,68.0,-14.267999649047852
6400173340,Anaxyrus americanus,-70.935188,44.584253,2026,3.9838333129882812,1029.8885498046875,69.0,-16.739999771118164,1029.8885498046875,69.0,-16.739999771118164
6400109126,Dryophytes versicolor,-68.747739,44.799484,2026,6.86566686630249,1019.4971923828125,71.0,-13.619999885559082,1019.4971923828125,71.0,-13.619999885559082
6400091749,Anaxyrus americanus,-69.996149,44.416335,2026,6.595333099365234,1016.5479125976562,72.0,-13.9399995803833,1016.5479125976562,72.0,-13.9399995803833
6400051646,Dryophytes versicolor,-69.792726,45.751168,2026,3.6566667556762695,1086.1048583984375,55.0,-18.13599967956543,1086.1048583984375,55.0,-18.13599967956543
6399968663,Dryophytes versicolor,-70.864339,44.193176,2026,6.3125,1006.4719848632812,79.0,-14.699999809265137,1006.4719848632812,79.0,-14.699999809265137
6399948661,Dryophytes versicolor,-70.040569,43.953639,2026,7.269333362579346,958.091796875,81.0,-11.619999885559082,958.091796875,81.0,-11.619999885559082
6399907508,Anaxyrus americanus,-69.084323,46.185332,2026,3.4524998664855957,1111.4271240234375,51.0,-19.18400001525879,1111.4271240234375,51.0,-19.18400001525879
6399831564,Anaxyrus americanus,-70.663855,44.380162,2026,5.840666770935059,1022.7996826171875,71.0,-15.128000259399414,1022.7996826171875,71.0,-15.128000259399414
6399821616,Dryophytes versicolor,-68.698403,44.928813,2026,6.475833415985107,1022.7228393554688,67.0,-14.04800033569336,1022.7228393554688,67.0,-14.04800033569336
6399687971,Anaxyrus americanus,-69.338547,46.414403,2026,3.3216664791107178,1120.1046142578125,53.0,-19.284000396728516,1120.1046142578125,53.0,-19.284000396728516
6399678894,Anaxyrus americanus,-70.69017,43.277328,2026,8.07349967956543,927.5001220703125,84.0,-10.404000282287598,927.5001220703125,84.0,-10.404000282287598
6399675580,Anaxyrus americanus,-70.822722,44.3245,2026,5.793333530426025,1009.2984619140625,74.0,-15.027999877929688,1009.2984619140625,74.0,-15.027999877929688
6399651785,Dryophytes versicolor,-70.508217,44.276008,2025,6.3451666831970215,1014.2173461914062,75.0,-14.5,1014.2173461914062,75.0,-14.5
6399648458,Anaxyrus americanus,-70.94745,43.85278,2026,6.61133337020874,994.781005859375,89.0,-14.32800006866455,994.781005859375,89.0,-14.32800006866455
6399598749,Dryophytes versicolor,-70.456775,43.484033,2026,7.889999866485596,928.1427001953125,81.0,-10.684000015258789,928.1427001953125,81.0,-10.684000015258789
6399584384,Dryophytes versicolor,-70.427736,43.349337,2026,,,,,,,
6399576595,Anaxyrus americanus,-69.067217,44.223583,2026,6.89965295791626,935.4232177734375,83.0,-11.337499618530273,935.4232177734375,83.0,-11.337499618530273
6399564756,Anaxyrus americanus,-69.780544,43.835004,2026,,,,,,,
6399560159,Anaxyrus americanus,-70.918179,44.163352,2026,6.604833602905273,1015.01806640625,78.0,-14.596000671386719,1015.01806640625,78.0,-14.596000671386719
6399528133,Anaxyrus americanus,-70.294425,43.679572,2026,7.831333160400391,959.189208984375,81.0,-11.355999946594238,959.189208984375,81.0,-11.355999946594238
6399516016,Anaxyrus americanus,-68.941267,45.844202,2026,3.8456664085388184,1083.3660888671875,58.0,-17.808000564575195,1083.3660888671875,58.0,-17.808000564575195
6399422304,Anaxyrus americanus,-70.533045,43.719213,2026,7.113833427429199,970.32763671875,83.0,-12.871999740600586,970.32763671875,83.0,-12.871999740600586
6399347687,Dryophytes versicolor,-68.776824,44.779752,2026,6.9691667556762695,1020.7234497070312,73.0,-13.532000541687012,1020.7234497070312,73.0,-13.532000541687012
6399302500,Anaxyrus americanus,-70.737827,44.102762,2026,6.493000030517578,1005.7744750976562,82.0,-14.640000343322754,1005.7744750976562,82.0,-14.640000343322754
6399273631,Dryophytes versicolor,-68.747823,44.799437,2026,6.86566686630249,1019.4971923828125,71.0,-13.619999885559082,1019.4971923828125,71.0,-13.619999885559082
6399249074,Dryophytes versicolor,-70.061927,43.820937,2026,,,,,,,
6399235438,Dryophytes versicolor,-70.865186,43.141591,2026,,,,,,,
6399216469,Dryophytes versicolor,-68.747804,44.799463,2026,6.86566686630249,1019.4971923828125,71.0,-13.619999885559082,1019.4971923828125,71.0,-13.619999885559082
6399210590,Dryophytes versicolor,-68.267298,44.260352,2026,,,,,,,
6399162489,Anaxyrus americanus,-70.392428,43.694762,2026,7.487333297729492,961.6553344726562,81.0,-12.008000373840332,961.6553344726562,81.0,-12.008000373840332
6399088502,Lithobates pipiens,-68.488171,45.142717,2026,5.947999954223633,1034.2861328125,71.0,-15.052000045776367,1034.2861328125,71.0,-15.052000045776367
6399069599,Anaxyrus americanus,-69.780053,43.834943,2026,,,,,,,
6399053133,Anaxyrus americanus,-70.829476,44.415793,2026,5.92549991607666,1023.2007446289062,67.0,-15.156000137329102,1023.2007446289062,67.0,-15.156000137329102
6399009578,Anaxyrus americanus,-70.919067,44.16381,2026,6.604833602905273,1015.01806640625,78.0,-14.596000671386719,1015.01806640625,78.0,-14.596000671386719
6398966345,Anaxyrus americanus,-70.15863,43.879393,2026,7.231166839599609,956.431884765625,81.0,-11.795999526977539,956.431884765625,81.0,-11.795999526977539
6398947722,Anaxyrus americanus,-69.780061,43.834917,2026,,,,,,,
6398873556,Anaxyrus americanus,-70.648552,44.288736,2026,6.017333507537842,1005.428955078125,77.0,-14.751999855041504,1005.428955078125,77.0,-14.751999855041504
6398792643,Anaxyrus americanus,-67.205501,44.94168,2026,6.165333271026611,964.0193481445312,78.0,-13.236000061035156,964.0193481445312,78.0,-13.236000061035156
6398757199,Anaxyrus americanus,-70.234772,43.768411,2025,7.390000343322754,945.397705078125,81.0,-11.435999870300293,945.397705078125,81.0,-11.435999870300293
6398724078,Anaxyrus americanus,-70.541145,45.035595,2026,3.2158334255218506,1061.853515625,73.0,-18.083999633789062,1061.853515625,73.0,-18.083999633789062
6398718814,Anaxyrus americanus,-70.105961,44.90158,2026,5.36566686630249,1044.94140625,66.0,-16.31999969482422,1044.94140625,66.0,-16.31999969482422
6398702531,Anaxyrus americanus,-69.812021,43.812277,2026,7.709868431091309,900.6714477539062,77.0,-9.77368450164795,900.6714477539062,77.0,-9.77368450164795
6398646340,Anaxyrus americanus,-70.874022,44.211773,2026,6.290499687194824,1008.4392700195312,77.0,-14.760000228881836,1008.4392700195312,77.0,-14.760000228881836
6398625037,Dryophytes versicolor,-69.310922,44.044187,2026,7.255333423614502,927.1129150390625,79.0,-10.652000427246094,927.1129150390625,79.0,-10.652000427246094
6398615242,Anaxyrus americanus,-70.857842,44.352425,2026,5.8480000495910645,1014.61279296875,70.0,-14.991999626159668,1014.61279296875,70.0,-14.991999626159668
6353429820,Lithobates pipiens,-68.71427,44.907233,2026,6.447999954223633,1016.3721923828125,68.0,-13.955999374389648,1016.3721923828125,68.0,-13.955999374389648
6353425656,Dryophytes versicolor,-69.393537,44.788203,2026,6.307833194732666,1027.23974609375,68.0,-14.715999603271484,1027.23974609375,68.0,-14.715999603271484
6353320382,Dryophytes versicolor,-70.133986,44.675003,2026,5.76633358001709,1037.781982421875,73.0,-15.859999656677246,1037.781982421875,73.0,-15.859999656677246
6353259057,Dryophytes versicolor,-69.369958,44.246659,2026,7.07883358001709,961.8692016601562,80.0,-11.795999526977539,961.8692016601562,80.0,-11.795999526977539
6353255342,Anaxyrus americanus,-70.189413,44.25428,2026,6.728166580200195,1010.7495727539062,74.0,-13.640000343322754,1010.7495727539062,74.0,-13.640000343322754
6353217082,Dryophytes versicolor,-70.134819,44.67477,2026,5.76633358001709,1037.781982421875,73.0,-15.859999656677246,1037.781982421875,73.0,-15.859999656677246
6353189940,Anaxyrus americanus,-68.814636,44.513023,2026,6.988833427429199,947.4951171875,81.0,-12.071999549865723,947.4951171875,81.0,-12.071999549865723
6353176662,Anaxyrus americanus,-69.160104,44.221618,2026,6.7704997062683105,946.8226928710938,84.0,-11.696000099182129,946.8226928710938,84.0,-11.696000099182129
6353171457,Anaxyrus americanus,-70.895393,43.07717,2026,,,,,,,
6353158460,Lithobates pipiens,-68.722505,44.903199,2026,6.447999954223633,1016.3721923828125,68.0,-13.955999374389648,1016.3721923828125,68.0,-13.955999374389648
6353022448,Anaxyrus americanus,-70.07671,45.292658,2026,3.8424999713897705,1073.546875,62.0,-17.760000228881836,1073.546875,62.0,-17.760000228881836
6352994407,Dryophytes versicolor,-70.133164,44.675063,2026,5.76633358001709,1037.781982421875,73.0,-15.859999656677246,1037.781982421875,73.0,-15.859999656677246
6352959859,Dryophytes versicolor,-70.134322,44.67493,2026,5.76633358001709,1037.781982421875,73.0,-15.859999656677246,1037.781982421875,73.0,-15.859999656677246
6352824889,Dryophytes versicolor,-67.752092,44.78922,2026,6.178999900817871,991.0441284179688,80.0,-14.119999885559082,991.0441284179688,80.0,-14.119999885559082
6352736304,Dryophytes versicolor,-70.134842,44.674678,2026,5.76633358001709,1037.781982421875,73.0,-15.859999656677246,1037.781982421875,73.0,-15.859999656677246
6352673520,Anaxyrus americanus,-70.869586,43.243624,2026,,,,,,,
6352535623,Dryophytes versicolor,-69.785566,44.466698,2026,6.676000118255615,1018.5675659179688,67.0,-13.932000160217285,1018.5675659179688,67.0,-13.932000160217285
6352324893,Anaxyrus americanus,-70.213331,43.747023,2026,7.533522605895996,934.5509643554688,80.0,-11.022727012634277,934.5509643554688,80.0,-11.022727012634277
6335016432,Dryophytes versicolor,-68.372153,44.362905,2026,7.075000286102295,925.7523803710938,75.0,-11.407999992370605,925.7523803710938,75.0,-11.407999992370605
6334977832,Anaxyrus americanus,-70.305726,43.683379,2026,7.831333160400391,959.189208984375,81.0,-11.355999946594238,959.189208984375,81.0,-11.355999946594238
6334971732,Anaxyrus americanus,-70.684638,43.276913,2026,8.07349967956543,927.5001220703125,84.0,-10.404000282287598,927.5001220703125,84.0,-10.404000282287598
6334957706,Anaxyrus americanus,-69.418981,44.260367,2026,6.910333156585693,968.4498291015625,78.0,-12.239999771118164,968.4498291015625,78.0,-12.239999771118164
6334913385,Dryophytes versicolor,-70.402002,43.507876,2026,7.800347328186035,931.6404418945312,80.0,-10.804166793823242,931.6404418945312,80.0,-10.804166793823242
6334802448,Dryophytes versicolor,-68.337606,44.513418,2026,6.8438334465026855,972.4920043945312,77.0,-12.687999725341797,972.4920043945312,77.0,-12.687999725341797
6334771885,Anaxyrus americanus,-68.448815,46.172,2026,3.4863333702087402,1122.19677734375,57.0,-19.20800018310547,1122.19677734375,57.0,-19.20800018310547
6334732797,Dryophytes versicolor,-68.581207,44.431389,2026,6.809999942779541,957.6420288085938,78.0,-12.220000267028809,957.6420288085938,78.0,-12.220000267028809
6334678538,Dryophytes versicolor,-69.419289,43.958705,2026,7.5020833015441895,911.857177734375,78.0,-10.022222518920898,911.857177734375,78.0,-10.022222518920898
6334630032,Dryophytes versicolor,-70.805649,43.284451,2026,8.090666770935059,948.1780395507812,83.0,-10.9399995803833,948.1780395507812,83.0,-10.9399995803833
6334605443,Anaxyrus americanus,-70.671233,44.319025,2026,5.6601667404174805,1009.9796752929688,77.0,-15.079999923706055,1009.9796752929688,77.0,-15.079999923706055
6334591664,Anaxyrus americanus,-68.849782,45.933785,2026,2.86299991607666,1079.739013671875,64.0,-18.31999969482422,1079.739013671875,64.0,-18.31999969482422
6334557072,Anaxyrus americanus,-69.930253,44.155595,2026,7.019000053405762,990.5698852539062,78.0,-12.583999633789062,990.5698852539062,78.0,-12.583999633789062
6334537305,Anaxyrus americanus,-69.067542,45.950767,2026,2.798166513442993,1096.8492431640625,63.0,-18.91200065612793,1096.8492431640625,63.0,-18.91200065612793
6334533552,Anaxyrus americanus,-69.698337,43.882678,2025,,,,,,,
6334527659,Dryophytes versicolor,-69.991113,44.41707,2026,6.501166820526123,1018.360595703125,72.0,-14.180000305175781,1018.360595703125,72.0,-14.180000305175781
6334510606,Anaxyrus americanus,-69.637227,44.554886,2026,6.94350004196167,1025.3370361328125,66.0,-13.927999496459961,1025.3370361328125,66.0,-13.927999496459961
6334440704,Lithobates pipiens,-68.72206,44.903467,2026,6.447999954223633,1016.3721923828125,68.0,-13.955999374389648,1016.3721923828125,68.0,-13.955999374389648
6334433619,Dryophytes versicolor,-68.311475,44.288711,2026,,,,,,,
6334433615,Anaxyrus americanus,-70.288716,43.731971,2026,7.567666530609131,948.2005004882812,81.0,-11.359999656677246,948.2005004882812,81.0,-11.359999656677246
6334416577,Dryophytes versicolor,-68.519976,44.872136,2026,6.3454999923706055,1008.6625366210938,74.0,-13.96399974822998,1008.6625366210938,74.0,-13.96399974822998
6334396900,Dryophytes versicolor,-68.301717,44.513078,2026,,,,,,,
6334385619,Anaxyrus americanus,-68.903437,45.84315,2026,3.7321667671203613,1079.7442626953125,59.0,-17.77199935913086,1079.7442626953125,59.0,-17.77199935913086
6334362548,Dryophytes versicolor,-69.384478,45.168875,2026,5.18916654586792,1059.380126953125,68.0,-16.492000579833984,1059.380126953125,68.0,-16.492000579833984
6334334814,Dryophytes versicolor,-69.01293,44.417773,2026,7.00121545791626,958.5623779296875,83.0,-12.133333206176758,958.5623779296875,83.0,-12.133333206176758
6334312721,Anaxyrus americanus,-69.518037,44.051461,2026,,,,,,,
6334258508,Dryophytes versicolor,-68.447456,44.534392,2026,6.885666847229004,958.4854736328125,78.0,-12.336000442504883,958.4854736328125,78.0,-12.336000442504883
6334241636,Dryophytes versicolor,-68.29988,44.551877,2026,6.75600004196167,973.2910766601562,77.0,-12.868000030517578,973.2910766601562,77.0,-12.868000030517578
6334229413,Anaxyrus americanus,-70.793747,44.24298,2026,6.143166542053223,1008.4170532226562,78.0,-14.855999946594238,1008.4170532226562,78.0,-14.855999946594238
6334158675,Anaxyrus americanus,-70.136069,44.674258,2026,5.76633358001709,1037.781982421875,73.0,-15.859999656677246,1037.781982421875,73.0,-15.859999656677246
6334157335,Lithobates pipiens,-68.674637,44.915087,2026,6.562333106994629,1017.734375,68.0,-13.807999610900879,1017.734375,68.0,-13.807999610900879
6334103686,Anaxyrus americanus,-68.493975,46.013974,2026,4.053666591644287,1099.9935302734375,58.0,-18.38399887084961,1099.9935302734375,58.0,-18.38399887084961
6334040708,Anaxyrus americanus,-68.502176,44.792281,2026,6.402166843414307,1006.8900756835938,77.0,-13.812000274658203,1006.8900756835938,77.0,-13.812000274658203
6333935700,Lithobates pipiens,-68.753212,44.857985,2026,6.592499732971191,1020.1878662109375,70.0,-13.927999496459961,1020.1878662109375,70.0,-13.927999496459961
6333905508,Anaxyrus americanus,-69.806652,43.770963,2026,7.678030014038086,888.3682861328125,77.0,-9.486363410949707,888.3682861328125,77.0,-9.486363410949707
6333859461,Lithobates pipiens,-68.057328,46.69697,2026,3.9103333950042725,1128.9730224609375,47.0,-18.31599998474121,1128.9730224609375,47.0,-18.31599998474121
6321215352,Dryophytes versicolor,-70.263958,43.819246,2026,7.257833480834961,958.3055419921875,82.0,-11.996000289916992,958.3055419921875,82.0,-11.996000289916992
6321130964,Anaxyrus americanus,-70.1343,43.869922,2026,7.3495001792907715,950.70849609375,81.0,-11.5,950.70849609375,81.0,-11.5
6321089991,Dryophytes versicolor,-70.87732,43.160306,2026,,,,,,,
6321068309,Anaxyrus americanus,-68.41656,46.050957,2026,4.1066670417785645,1102.8697509765625,57.0,-18.411998748779297,1102.8697509765625,57.0,-18.411998748779297
6320992427,Lithobates pipiens,-68.755058,45.286067,2021,5.67383337020874,1048.72607421875,68.0,-15.539999961853027,1048.72607421875,68.0,-15.539999961853027
6320970767,Lithobates pipiens,-68.781603,44.99102,2026,6.2838335037231445,1025.2115478515625,68.0,-14.415999412536621,1025.2115478515625,68.0,-14.415999412536621
6320925316,Dryophytes versicolor,-70.808449,43.545616,2026,7.023666858673096,968.05078125,89.0,-12.960000038146973,968.05078125,89.0,-12.960000038146973
6320902646,Anaxyrus americanus,-68.589466,47.258619,2026,,,,,,,
6320896919,Anaxyrus americanus,-70.652958,44.292328,2026,5.928833484649658,1010.7130126953125,75.0,-14.871999740600586,1010.7130126953125,75.0,-14.871999740600586
6320893922,Lithobates pipiens,-68.78134,44.990731,2026,6.2838335037231445,1025.2115478515625,68.0,-14.415999412536621,1025.2115478515625,68.0,-14.415999412536621
6320891807,Anaxyrus americanus,-69.595096,43.991602,2025,7.512666702270508,921.2686157226562,78.0,-10.407999992370605,921.2686157226562,78.0,-10.407999992370605
6320891732,Dryophytes versicolor,-70.773888,43.06912,2026,,,,,,,
6320868591,Anaxyrus americanus,-68.529899,46.135328,2026,3.680000066757202,1112.66162109375,56.0,-19.055999755859375,1112.66162109375,56.0,-19.055999755859375
6320864360,Anaxyrus americanus,-68.098674,44.615227,2026,6.313333511352539,971.3552856445312,79.0,-13.251999855041504,971.3552856445312,79.0,-13.251999855041504
6320851952,Anaxyrus americanus,-68.596856,46.133566,2026,3.933166742324829,1111.25244140625,54.0,-18.8439998626709,1111.25244140625,54.0,-18.8439998626709
6320792317,Anaxyrus americanus,-68.775952,44.815562,2026,7.00333309173584,1028.0465087890625,72.0,-13.616000175476074,1028.0465087890625,72.0,-13.616000175476074
6320718495,Anaxyrus americanus,-70.134322,43.869812,2026,7.3495001792907715,950.70849609375,81.0,-11.5,950.70849609375,81.0,-11.5
6320667464,Dryophytes versicolor,-70.131128,43.8693,2026,7.3495001792907715,950.70849609375,81.0,-11.5,950.70849609375,81.0,-11.5
6320640725,Dryophytes versicolor,-68.277771,44.384372,2026,6.910666465759277,945.4031372070312,75.0,-11.907999992370605,945.4031372070312,75.0,-11.907999992370605
6320632829,Anaxyrus americanus,-68.593987,46.026355,2026,4.232500076293945,1101.070068359375,56.0,-18.20800018310547,1101.070068359375,56.0,-18.20800018310547
6320543901,Anaxyrus americanus,-68.402,44.291455,2026,7.122499942779541,887.8829956054688,75.0,-10.600000381469727,887.8829956054688,75.0,-10.600000381469727
6320522999,Anaxyrus americanus,-70.157525,43.916912,2026,7.158166885375977,964.8930053710938,81.0,-12.008000373840332,964.8930053710938,81.0,-12.008000373840332
6320510309,Dryophytes versicolor,-69.72065,44.108849,2026,7.260166645050049,974.0995483398438,77.0,-11.944000244140625,974.0995483398438,77.0,-11.944000244140625
6320413766,Anaxyrus americanus,-70.134528,43.869847,2026,7.3495001792907715,950.70849609375,81.0,-11.5,950.70849609375,81.0,-11.5
6320331999,Lithobates pipiens,-68.614825,45.908301,2024,4.756999969482422,1090.1136474609375,59.0,-17.18000030517578,1090.1136474609375,59.0,-17.18000030517578
6320288526,Anaxyrus americanus,-68.529517,46.08507,2026,3.757833480834961,1111.6126708984375,57.0,-18.8439998626709,1111.6126708984375,57.0,-18.8439998626709
6320279703,Dryophytes versicolor,-70.131553,43.869317,2026,7.3495001792907715,950.70849609375,81.0,-11.5,950.70849609375,81.0,-11.5
6320227035,Anaxyrus americanus,-70.13465,43.869892,2026,7.3495001792907715,950.70849609375,81.0,-11.5,950.70849609375,81.0,-11.5
6320209909,Lithobates pipiens,-68.781399,44.990864,2026,6.2838335037231445,1025.2115478515625,68.0,-14.415999412536621,1025.2115478515625,68.0,-14.415999412536621
6320203877,Anaxyrus americanus,-70.826543,44.182476,2025,6.274666786193848,1005.5418090820312,79.0,-14.732000350952148,1005.5418090820312,79.0,-14.732000350952148
6320201878,Dryophytes versicolor,-70.131103,43.86927,2026,7.3495001792907715,950.70849609375,81.0,-11.5,950.70849609375,81.0,-11.5
6320194686,Anaxyrus americanus,-69.8119,46.77164,2026,2.878000020980835,1127.946533203125,61.0,-19.07200050354004,1127.946533203125,61.0,-19.07200050354004
6320192902,Anaxyrus americanus,-69.811828,43.812625,2026,7.709868431091309,900.6714477539062,77.0,-9.77368450164795,900.6714477539062,77.0,-9.77368450164795
6320192434,Lithobates pipiens,-68.781605,44.991037,2026,6.2838335037231445,1025.2115478515625,68.0,-14.415999412536621,1025.2115478515625,68.0,-14.415999412536621
6320175649,Dryophytes versicolor,-70.136003,43.870178,2026,7.3495001792907715,950.70849609375,81.0,-11.5,950.70849609375,81.0,-11.5
6320122868,Dryophytes versicolor,-68.446217,46.001449,2025,4.181333541870117,1103.3931884765625,57.0,-18.332000732421875,1103.3931884765625,57.0,-18.332000732421875
6320121902,Dryophytes versicolor,-70.13488,43.86997,2026,7.3495001792907715,950.70849609375,81.0,-11.5,950.70849609375,81.0,-11.5
6320072446,Anaxyrus americanus,-69.662253,43.872817,2026,7.671229839324951,873.7918701171875,77.0,-9.295238494873047,873.7918701171875,77.0,-9.295238494873047
6274333720,Anaxyrus americanus,-70.305586,43.683301,2026,7.831333160400391,959.189208984375,81.0,-11.355999946594238,959.189208984375,81.0,-11.355999946594238
6274275076,Dryophytes versicolor,-68.446656,46.00102,2025,4.181333541870117,1103.3931884765625,57.0,-18.332000732421875,1103.3931884765625,57.0,-18.332000732421875
6273758760,Anaxyrus americanus,-70.723234,43.410591,2026,7.854666709899902,955.5650024414062,85.0,-11.496000289916992,955.5650024414062,85.0,-11.496000289916992
6273631344,Dryophytes versicolor,-69.687361,44.059207,2026,7.246333122253418,958.0802001953125,80.0,-11.519999504089355,958.0802001953125,80.0,-11.519999504089355
6273576363,Anaxyrus americanus,-67.138817,44.689517,2025,6.150781154632568,923.06884765625,78.0,-12.231249809265137,923.06884765625,78.0,-12.231249809265137
6273335761,Anaxyrus americanus,-70.648616,44.288776,2026,6.017333507537842,1005.428955078125,77.0,-14.751999855041504,1005.428955078125,77.0,-14.751999855041504
6273259401,Anaxyrus americanus,-68.924038,44.829971,2026,6.423500061035156,1016.4802856445312,72.0,-14.12399959564209,1016.4802856445312,72.0,-14.12399959564209
6273233346,Anaxyrus americanus,-70.872171,43.164065,2026,,,,,,,
6273233051,Anaxyrus americanus,-68.906922,44.296272,2026,,,,,,,
6253333609,Lithobates pipiens,-68.752819,44.80753,2026,7.00333309173584,1028.0465087890625,72.0,-13.616000175476074,1028.0465087890625,72.0,-13.616000175476074
6253200666,Anaxyrus americanus,-68.591392,47.249053,2026,3.0288333892822266,1158.922607421875,62.0,-20.57200050354004,1158.922607421875,62.0,-20.57200050354004
6253188109,Dryophytes versicolor,-70.730048,43.091922,2026,,,,,,,
6253012978,Anaxyrus americanus,-68.427562,44.683042,2025,6.576833248138428,992.5,81.0,-13.455999374389648,992.5,81.0,-13.455999374389648
6252628330,Anaxyrus americanus,-69.659295,43.872163,2026,7.671229839324951,873.7918701171875,77.0,-9.295238494873047,873.7918701171875,77.0,-9.295238494873047
6252374906,Dryophytes versicolor,-69.658892,44.566076,2026,6.94350004196167,1025.3370361328125,66.0,-13.927999496459961,1025.3370361328125,66.0,-13.927999496459961
6252078946,Anaxyrus americanus,-69.39489,43.985719,2024,,,,,,,
6252001641,Dryophytes versicolor,-68.668402,44.907561,2026,6.562333106994629,1017.734375,68.0,-13.807999610900879,1017.734375,68.0,-13.807999610900879
6251556820,Dryophytes versicolor,-70.232445,43.629842,2026,8.066319465637207,926.9019165039062,80.0,-10.366666793823242,926.9019165039062,80.0,-10.366666793823242
6236541866,Lithobates pipiens,-68.674629,44.91507,2026,6.562333106994629,1017.734375,68.0,-13.807999610900879,1017.734375,68.0,-13.807999610900879
6236461470,Anaxyrus americanus,-69.38537,44.448253,2026,6.376500129699707,987.0676879882812,78.0,-13.303999900817871,987.0676879882812,78.0,-13.303999900817871
6236420340,Anaxyrus americanus,-70.798888,43.269527,2026,8.090666770935059,948.1780395507812,83.0,-10.9399995803833,948.1780395507812,83.0,-10.9399995803833
6236418737,Lithobates pipiens,-68.668838,44.877673,2026,6.562333106994629,1017.734375,68.0,-13.807999610900879,1017.734375,68.0,-13.807999610900879
6236401007,Dryophytes versicolor,-68.670053,44.908028,2026,6.562333106994629,1017.734375,68.0,-13.807999610900879,1017.734375,68.0,-13.807999610900879
6236163016,Anaxyrus americanus,-70.456055,43.472103,2026,7.889999866485596,928.1427001953125,81.0,-10.684000015258789,928.1427001953125,81.0,-10.684000015258789
6236125163,Dryophytes versicolor,-70.6818,43.278045,2025,8.07349967956543,927.5001220703125,84.0,-10.404000282287598,927.5001220703125,84.0,-10.404000282287598
6235782536,Anaxyrus americanus,-70.135917,44.674337,2026,5.76633358001709,1037.781982421875,73.0,-15.859999656677246,1037.781982421875,73.0,-15.859999656677246
6235746129,Anaxyrus americanus,-69.41987,43.988583,2026,7.5020833015441895,911.857177734375,78.0,-10.022222518920898,911.857177734375,78.0,-10.022222518920898
6235745183,Dryophytes versicolor,-68.679817,44.88072,2026,6.562333106994629,1017.734375,68.0,-13.807999610900879,1017.734375,68.0,-13.807999610900879
6235468339,Anaxyrus americanus,-70.825719,44.184459,2026,6.274666786193848,1005.5418090820312,79.0,-14.732000350952148,1005.5418090820312,79.0,-14.732000350952148
6235409729,Anaxyrus americanus,-70.86267,44.214565,2026,6.290499687194824,1008.4392700195312,77.0,-14.760000228881836,1008.4392700195312,77.0,-14.760000228881836
6235371726,Lithobates pipiens,-70.420822,45.168105,2025,4.184166431427002,1077.7916259765625,59.0,-17.531999588012695,1077.7916259765625,59.0,-17.531999588012695
6235260668,Anaxyrus americanus,-69.953125,43.873872,2026,,,,,,,
6235190632,Anaxyrus americanus,-70.133775,43.858303,2026,7.3495001792907715,950.70849609375,81.0,-11.5,950.70849609375,81.0,-11.5
6234874314,Anaxyrus americanus,-70.135186,44.674655,2026,5.76633358001709,1037.781982421875,73.0,-15.859999656677246,1037.781982421875,73.0,-15.859999656677246
6234838794,Anaxyrus americanus,-70.44362,43.85825,2025,7.0894999504089355,980.0737915039062,84.0,-12.9399995803833,980.0737915039062,84.0,-12.9399995803833
6234828994,Anaxyrus americanus,-70.828485,44.18445,2026,6.274666786193848,1005.5418090820312,79.0,-14.732000350952148,1005.5418090820312,79.0,-14.732000350952148
6234827077,Anaxyrus americanus,-70.866269,44.211631,2026,6.290499687194824,1008.4392700195312,77.0,-14.760000228881836,1008.4392700195312,77.0,-14.760000228881836
6234765261,Anaxyrus americanus,-70.226202,43.590284,2026,7.891848087310791,915.8037719726562,80.0,-10.265216827392578,915.8037719726562,80.0,-10.265216827392578
6234725838,Dryophytes versicolor,-69.133882,45.127331,2025,5.434999942779541,1051.561767578125,71.0,-15.979999542236328,1051.561767578125,71.0,-15.979999542236328
6234674288,Anaxyrus americanus,-70.829754,44.183403,2026,6.274666786193848,1005.5418090820312,79.0,-14.732000350952148,1005.5418090820312,79.0,-14.732000350952148
6234666987,Anaxyrus americanus,-69.421037,43.989983,2026,7.5020833015441895,911.857177734375,78.0,-10.022222518920898,911.857177734375,78.0,-10.022222518920898
6234643641,Anaxyrus americanus,-68.321762,44.229217,2025,7.106249809265137,895.186279296875,74.0,-10.649999618530273,895.186279296875,74.0,-10.649999618530273
6234642834,Dryophytes versicolor,-70.723106,43.484081,2026,7.647333145141602,961.1978149414062,84.0,-12.03600025177002,961.1978149414062,84.0,-12.03600025177002
6234591792,Dryophytes versicolor,-68.53322,44.467117,2026,6.797833442687988,961.708740234375,78.0,-12.35200023651123,961.708740234375,78.0,-12.35200023651123
6234450718,Anaxyrus americanus,-70.531484,44.432742,2025,5.453833103179932,1021.2543334960938,75.0,-15.276000022888184,1021.2543334960938,75.0,-15.276000022888184
6234394180,Anaxyrus americanus,-70.863032,44.222065,2026,6.290499687194824,1008.4392700195312,77.0,-14.760000228881836,1008.4392700195312,77.0,-14.760000228881836
6234327571,Anaxyrus americanus,-69.859672,43.999473,2026,,,,,,,
6234253150,Dryophytes versicolor,-68.662217,44.90804,2026,6.609499931335449,1018.5863647460938,68.0,-13.807999610900879,1018.5863647460938,68.0,-13.807999610900879
6234176132,Anaxyrus americanus,-70.755639,44.164637,2026,6.291666507720947,999.8018188476562,82.0,-14.63599967956543,999.8018188476562,82.0,-14.63599967956543
6196017319,Anaxyrus americanus,-70.813208,44.075436,2025,6.46750020980835,1006.2122192382812,82.0,-14.644000053405762,1006.2122192382812,82.0,-14.644000053405762
6195815770,Dryophytes versicolor,-70.783433,43.453617,2026,7.79116678237915,964.0722045898438,84.0,-11.85200023651123,964.0722045898438,84.0,-11.85200023651123
6195554981,Anaxyrus americanus,-70.628763,43.842234,2026,6.880666732788086,976.7943115234375,83.0,-13.520000457763672,976.7943115234375,83.0,-13.520000457763672
6195540723,Dryophytes versicolor,-70.783447,43.453522,2026,7.79116678237915,964.0722045898438,84.0,-11.85200023651123,964.0722045898438,84.0,-11.85200023651123
6195528450,Anaxyrus americanus,-69.032208,44.358906,2025,6.885833263397217,950.2058715820312,83.0,-11.880000114440918,950.2058715820312,83.0,-11.880000114440918
6195480059,Anaxyrus americanus,-70.813217,44.075445,2025,6.46750020980835,1006.2122192382812,82.0,-14.644000053405762,1006.2122192382812,82.0,-14.644000053405762
6185871566,Anaxyrus americanus,-69.006081,45.941859,2023,2.3434998989105225,1091.3916015625,69.0,-19.200000762939453,1091.3916015625,69.0,-19.200000762939453
6185866489,Anaxyrus americanus,-69.004354,45.938746,2023,2.3434998989105225,1091.3916015625,69.0,-19.200000762939453,1091.3916015625,69.0,-19.200000762939453
6185702831,Anaxyrus americanus,-69.018839,45.932772,2023,2.3434998989105225,1091.3916015625,69.0,-19.200000762939453,1091.3916015625,69.0,-19.200000762939453
6185595998,Anaxyrus americanus,-69.797585,44.724914,2018,6.1541666984558105,1036.317626953125,66.0,-15.284000396728516,1036.317626953125,66.0,-15.284000396728516
6184975792,Anaxyrus americanus,-70.259735,44.177876,2023,6.716500282287598,1000.6909790039062,77.0,-13.435999870300293,1000.6909790039062,77.0,-13.435999870300293
6184754900,Anaxyrus americanus,-69.930437,43.966172,2025,7.389999866485596,964.047119140625,80.0,-11.595999717712402,964.047119140625,80.0,-11.595999717712402
6179240396,Lithobates pipiens,-67.821755,45.793676,2024,5.037499904632568,1073.1669921875,66.0,-16.784000396728516,1073.1669921875,66.0,-16.784000396728516
6179085638,Anaxyrus americanus,-71.009064,44.868113,2025,4.144833564758301,1062.8548583984375,54.0,-17.488000869750977,1062.8548583984375,54.0,-17.488000869750977
6178936564,Anaxyrus americanus,-69.778101,43.849804,2024,,,,,,,
6178755306,Dryophytes versicolor,-70.293099,43.733112,2025,7.481333255767822,953.4989624023438,82.0,-11.704000473022461,953.4989624023438,82.0,-11.704000473022461
6178551045,Anaxyrus americanus,-70.553548,43.339677,2024,8.045666694641113,919.454345703125,81.0,-10.303999900817871,919.454345703125,81.0,-10.303999900817871
6171359161,Anaxyrus americanus,-68.876969,45.910939,2025,1.7834999561309814,1074.402587890625,75.0,-19.06800079345703,1074.402587890625,75.0,-19.06800079345703
6171186554,Anaxyrus americanus,-69.794534,44.06053,2015,7.3488335609436035,973.212890625,78.0,-11.831999778747559,973.212890625,78.0,-11.831999778747559
6171124191,Dryophytes versicolor,-70.866168,43.089809,2025,,,,,,,
6170909932,Anaxyrus americanus,-69.035392,45.944512,2023,2.3434998989105225,1091.3916015625,69.0,-19.200000762939453,1091.3916015625,69.0,-19.200000762939453
6170881760,Anaxyrus americanus,-68.755753,45.931545,2023,4.166833400726318,1088.72021484375,58.0,-17.555999755859375,1088.72021484375,58.0,-17.555999755859375
6163349407,Anaxyrus americanus,-70.662297,43.214765,2022,8.21833324432373,912.47216796875,82.0,-9.812000274658203,912.47216796875,82.0,-9.812000274658203
6163221583,Anaxyrus americanus,-70.913192,44.501858,2024,4.6585001945495605,1018.559814453125,72.0,-16.027999877929688,1018.559814453125,72.0,-16.027999877929688
6162936478,Anaxyrus americanus,-70.987583,44.358362,2025,5.436166763305664,1010.6446533203125,71.0,-15.232000350952148,1010.6446533203125,71.0,-15.232000350952148
6147356437,Anaxyrus americanus,-68.886183,45.986267,2023,2.9559998512268066,1089.227294921875,61.0,-18.56800079345703,1089.227294921875,61.0,-18.56800079345703
6133478233,Anaxyrus americanus,-69.941886,43.955764,2025,7.578666687011719,964.7484130859375,79.0,-11.359999656677246,964.7484130859375,79.0,-11.359999656677246
6133461206,Anaxyrus americanus,-70.466044,43.900376,2024,7.081833362579346,973.9547729492188,83.0,-12.895999908447266,973.9547729492188,83.0,-12.895999908447266
6133460617,Anaxyrus americanus,-70.25785,43.593358,2020,7.983833312988281,934.8895874023438,81.0,-10.567999839782715,934.8895874023438,81.0,-10.567999839782715
6133219615,Anaxyrus americanus,-70.981536,44.277714,2025,5.476166725158691,1000.5040893554688,80.0,-15.03600025177002,1000.5040893554688,80.0,-15.03600025177002
6130762752,Lithobates pipiens,-68.232061,47.188149,2024,3.19183349609375,1148.9033203125,65.0,-20.368000030517578,1148.9033203125,65.0,-20.368000030517578
6130729559,Anaxyrus americanus,-68.872925,46.007003,2023,3.3610000610351562,1099.000244140625,57.0,-18.736000061035156,1099.000244140625,57.0,-18.736000061035156
6129821827,Anaxyrus americanus,-69.42108,43.990712,2025,7.5020833015441895,911.857177734375,78.0,-10.022222518920898,911.857177734375,78.0,-10.022222518920898
5938490607,Dryophytes versicolor,-70.8814,43.177412,2025,,,,,,,
5938286512,Anaxyrus americanus,-70.812616,44.420579,2025,5.888333320617676,1025.17626953125,65.0,-15.263999938964844,1025.17626953125,65.0,-15.263999938964844
5938029660,Dryophytes versicolor,-70.855142,43.108694,2025,,,,,,,
5936312150,Anaxyrus americanus,-69.280693,44.208355,2023,7.163333415985107,959.0667114257812,81.0,-11.680000305175781,959.0667114257812,81.0,-11.680000305175781
5936101309,Anaxyrus americanus,-69.32258,45.67335,2025,3.517666816711426,1096.6265869140625,60.0,-18.371999740600586,1096.6265869140625,60.0,-18.371999740600586
5935738019,Dryophytes versicolor,-69.923675,43.929753,2025,7.578666687011719,964.7484130859375,79.0,-11.359999656677246,964.7484130859375,79.0,-11.359999656677246
5935704566,Anaxyrus americanus,-68.96235,45.897255,2025,2.928333282470703,1083.318603515625,63.0,-18.59200096130371,1083.318603515625,63.0,-18.59200096130371
5935407226,Dryophytes versicolor,-70.874681,43.189005,2021,,,,,,,
5935319470,Dryophytes versicolor,-68.321209,44.430239,2025,7.035277843475342,932.965576171875,75.0,-11.739999771118164,932.965576171875,75.0,-11.739999771118164
5935240983,Dryophytes versicolor,-70.911721,43.141673,2021,,,,,,,
5909354580,Anaxyrus americanus,-69.708273,45.475767,2024,3.429499864578247,1081.62158203125,65.0,-18.191999435424805,1081.62158203125,65.0,-18.191999435424805
5909264272,Dryophytes versicolor,-68.722928,44.710225,2025,6.654333114624023,1004.6091918945312,76.0,-13.539999961853027,1004.6091918945312,76.0,-13.539999961853027
5909172272,Anaxyrus americanus,-69.768562,45.518379,2024,3.698833465576172,1087.7716064453125,60.0,-18.139999389648438,1087.7716064453125,60.0,-18.139999389648438
5909048554,Dryophytes versicolor,-68.742417,44.794834,2025,6.86566686630249,1019.4971923828125,71.0,-13.619999885559082,1019.4971923828125,71.0,-13.619999885559082
5909023288,Anaxyrus americanus,-68.897754,44.57537,2025,6.664666652679443,977.25537109375,83.0,-12.944000244140625,977.25537109375,83.0,-12.944000244140625
5909010309,Anaxyrus americanus,-69.693726,45.474921,2024,3.429499864578247,1081.62158203125,65.0,-18.191999435424805,1081.62158203125,65.0,-18.191999435424805
5908833481,Anaxyrus americanus,-69.707679,45.492557,2024,3.429499864578247,1081.62158203125,65.0,-18.191999435424805,1081.62158203125,65.0,-18.191999435424805
5904069646,Dryophytes versicolor,-68.674801,44.794808,2025,6.645833492279053,1010.9633178710938,71.0,-13.656000137329102,1010.9633178710938,71.0,-13.656000137329102
5904001741,Lithobates pipiens,-68.784204,44.989405,2025,6.2838335037231445,1025.2115478515625,68.0,-14.415999412536621,1025.2115478515625,68.0,-14.415999412536621
5903927288,Dryophytes versicolor,-68.701658,44.742489,2025,6.362666606903076,1001.3154907226562,79.0,-13.736000061035156,1001.3154907226562,79.0,-13.736000061035156
5903878008,Dryophytes versicolor,-68.668333,44.796408,2025,6.645833492279053,1010.9633178710938,71.0,-13.656000137329102,1010.9633178710938,71.0,-13.656000137329102
5903754226,Dryophytes versicolor,-68.636107,44.698023,2025,6.4651665687561035,995.5755615234375,81.0,-13.484000205993652,995.5755615234375,81.0,-13.484000205993652
5903753758,Anaxyrus americanus,-70.851869,43.624627,2025,7.0368332862854,976.4541625976562,87.0,-13.272000312805176,976.4541625976562,87.0,-13.272000312805176
5903737887,Anaxyrus americanus,-68.090239,44.634185,2025,6.308833122253418,980.9580078125,79.0,-13.543999671936035,980.9580078125,79.0,-13.543999671936035
5903732189,Dryophytes versicolor,-68.662277,44.707368,2025,6.4651665687561035,995.5755615234375,81.0,-13.484000205993652,995.5755615234375,81.0,-13.484000205993652
5897831074,Anaxyrus americanus,-68.71883,47.230461,2025,3.058666706085205,1154.761962890625,59.0,-20.272001266479492,1154.761962890625,59.0,-20.272001266479492
5897806853,Anaxyrus americanus,-67.786063,46.298937,2017,,,,,,,
5897750539,Dryophytes versicolor,-68.750464,44.675905,2025,6.512666702270508,997.424560546875,79.0,-13.491999626159668,997.424560546875,79.0,-13.491999626159668
5897669449,Dryophytes versicolor,-68.658475,44.783422,2025,6.499166488647461,1005.537353515625,75.0,-13.687999725341797,1005.537353515625,75.0,-13.687999725341797
5897552820,Lithobates pipiens,-70.195092,44.239606,2024,6.722833156585693,1005.3626098632812,76.0,-13.447999954223633,1005.3626098632812,76.0,-13.447999954223633
5897480712,Anaxyrus americanus,-70.603698,43.963135,2025,6.833666801452637,996.0924682617188,83.0,-13.979999542236328,996.0924682617188,83.0,-13.979999542236328
5897417464,Dryophytes versicolor,-68.75148,44.656186,2025,6.589333534240723,991.220703125,80.0,-13.263999938964844,991.220703125,80.0,-13.263999938964844
5897334707,Dryophytes versicolor,-68.640962,44.695617,2025,6.4651665687561035,995.5755615234375,81.0,-13.484000205993652,995.5755615234375,81.0,-13.484000205993652
5897327646,Dryophytes versicolor,-68.71715,44.677257,2025,6.60366678237915,996.2638549804688,78.0,-13.399999618530273,996.2638549804688,78.0,-13.399999618530273
5897317518,Anaxyrus americanus,-69.007812,44.295356,2025,7.0291666984558105,938.0237426757812,82.0,-11.472000122070312,938.0237426757812,82.0,-11.472000122070312
5897273686,Dryophytes versicolor,-68.788171,44.673163,2025,6.512666702270508,997.424560546875,79.0,-13.491999626159668,997.424560546875,79.0,-13.491999626159668
5897267872,Anaxyrus americanus,-69.02306,44.309568,2025,7.0291666984558105,938.0237426757812,82.0,-11.472000122070312,938.0237426757812,82.0,-11.472000122070312
5897228209,Dryophytes versicolor,-68.697528,44.62444,2025,6.751500129699707,989.9302368164062,82.0,-13.01200008392334,989.9302368164062,82.0,-13.01200008392334
5897225657,Anaxyrus americanus,-69.007285,44.295617,2025,7.0291666984558105,938.0237426757812,82.0,-11.472000122070312,938.0237426757812,82.0,-11.472000122070312
5897202652,Dryophytes versicolor,-68.653389,44.685431,2025,6.4651665687561035,995.5755615234375,81.0,-13.484000205993652,995.5755615234375,81.0,-13.484000205993652
5897187818,Dryophytes versicolor,-68.652663,44.699766,2025,6.4651665687561035,995.5755615234375,81.0,-13.484000205993652,995.5755615234375,81.0,-13.484000205993652
5897153720,Anaxyrus americanus,-70.372814,44.162759,2025,6.4691667556762695,998.4803466796875,81.0,-13.708000183105469,998.4803466796875,81.0,-13.708000183105469
5897069683,Dryophytes versicolor,-68.797526,44.671358,2025,6.709666728973389,998.0462036132812,75.0,-13.312000274658203,998.0462036132812,75.0,-13.312000274658203
5892950415,Dryophytes versicolor,-69.92395,44.53229,2025,6.331333160400391,1018.25927734375,72.0,-14.508000373840332,1018.25927734375,72.0,-14.508000373840332
5892947109,Lithobates pipiens,-69.386283,44.795333,2025,6.164000034332275,1030.1405029296875,68.0,-14.907999992370605,1030.1405029296875,68.0,-14.907999992370605
5892756264,Dryophytes versicolor,-68.780716,44.619443,2025,6.803500175476074,979.0145263671875,80.0,-12.819999694824219,979.0145263671875,80.0,-12.819999694824219
5892724256,Anaxyrus americanus,-70.650898,44.318401,2025,5.928833484649658,1010.7130126953125,75.0,-14.871999740600586,1010.7130126953125,75.0,-14.871999740600586
5892642462,Dryophytes versicolor,-68.685616,44.730617,2025,6.362666606903076,1001.3154907226562,79.0,-13.736000061035156,1001.3154907226562,79.0,-13.736000061035156
5892531923,Anaxyrus americanus,-70.650898,44.318401,2025,5.928833484649658,1010.7130126953125,75.0,-14.871999740600586,1010.7130126953125,75.0,-14.871999740600586
5892521541,Anaxyrus americanus,-70.650898,44.318401,2025,5.928833484649658,1010.7130126953125,75.0,-14.871999740600586,1010.7130126953125,75.0,-14.871999740600586
5892466628,Dryophytes versicolor,-69.543964,44.216417,2025,7.145666599273682,975.9201049804688,75.0,-12.199999809265137,975.9201049804688,75.0,-12.199999809265137
5892408176,Anaxyrus americanus,-69.878136,43.971115,2025,7.5020833015441895,959.797607421875,79.0,-11.34999942779541,959.797607421875,79.0,-11.34999942779541
5890232964,Dryophytes versicolor,-68.647299,44.694168,2025,6.4651665687561035,995.5755615234375,81.0,-13.484000205993652,995.5755615234375,81.0,-13.484000205993652
5890174565,Dryophytes versicolor,-68.601667,44.716091,2025,6.309000015258789,1001.7885131835938,82.0,-13.732000350952148,1001.7885131835938,82.0,-13.732000350952148
5890156488,Dryophytes versicolor,-68.661605,44.758101,2025,6.499166488647461,1005.537353515625,75.0,-13.687999725341797,1005.537353515625,75.0,-13.687999725341797
5890142989,Anaxyrus americanus,-68.40793,46.060313,2025,4.1066670417785645,1102.8697509765625,57.0,-18.411998748779297,1102.8697509765625,57.0,-18.411998748779297
5890009236,Dryophytes versicolor,-68.325721,44.398317,2025,7.011833190917969,935.604248046875,75.0,-11.715999603271484,935.604248046875,75.0,-11.715999603271484
5889985083,Dryophytes versicolor,-68.325763,44.398311,2025,7.011833190917969,935.604248046875,75.0,-11.715999603271484,935.604248046875,75.0,-11.715999603271484
5889952706,Dryophytes versicolor,-68.787146,44.601489,2025,6.803500175476074,979.0145263671875,80.0,-12.819999694824219,979.0145263671875,80.0,-12.819999694824219
5889913905,Dryophytes versicolor,-70.266048,43.817403,2024,7.257833480834961,958.3055419921875,82.0,-11.996000289916992,958.3055419921875,82.0,-11.996000289916992
5889678631,Dryophytes versicolor,-68.681997,44.6378,2025,6.632166862487793,992.1956176757812,81.0,-13.227999687194824,992.1956176757812,81.0,-13.227999687194824
5889614620,Anaxyrus americanus,-68.405913,44.26343,2025,7.122499942779541,887.8829956054688,75.0,-10.600000381469727,887.8829956054688,75.0,-10.600000381469727
5889562100,Dryophytes versicolor,-68.668518,44.768889,2025,6.63433313369751,1008.2554931640625,73.0,-13.624000549316406,1008.2554931640625,73.0,-13.624000549316406
5889403397,Dryophytes versicolor,-68.658905,44.689652,2025,6.4651665687561035,995.5755615234375,81.0,-13.484000205993652,995.5755615234375,81.0,-13.484000205993652
5889392469,Dryophytes versicolor,-68.772734,44.744001,2025,6.747833251953125,1006.8766479492188,75.0,-13.479999542236328,1006.8766479492188,75.0,-13.479999542236328
5868270445,Lithobates pipiens,-68.417751,46.066924,2025,3.9665000438690186,1102.7777099609375,58.0,-18.54400062561035,1102.7777099609375,58.0,-18.54400062561035
5868217663,Dryophytes versicolor,-70.803464,43.23167,2025,8.292166709899902,947.2133178710938,81.0,-10.619999885559082,947.2133178710938,81.0,-10.619999885559082
5868148624,Anaxyrus americanus,-69.048537,46.042528,2014,3.0136666297912598,1108.1363525390625,56.0,-19.260000228881836,1108.1363525390625,56.0,-19.260000228881836
5868145930,Anaxyrus americanus,-68.40164,46.042056,2025,4.1066670417785645,1102.8697509765625,57.0,-18.411998748779297,1102.8697509765625,57.0,-18.411998748779297
5868129308,Anaxyrus americanus,-70.351713,45.140636,2024,3.432000160217285,1052.400146484375,71.0,-17.579999923706055,1052.400146484375,71.0,-17.579999923706055
5868071218,Lithobates pipiens,-68.481204,46.068053,2025,3.9056665897369385,1099.3494873046875,57.0,-18.56800079345703,1099.3494873046875,57.0,-18.56800079345703
5868068318,Dryophytes versicolor,-70.872437,43.164272,2025,,,,,,,
5868057816,Anaxyrus americanus,-69.168953,45.760608,2024,4.081666946411133,1091.0943603515625,54.0,-17.803998947143555,1091.0943603515625,54.0,-17.803998947143555
5867978794,Anaxyrus americanus,-68.524442,46.16293,2025,3.680000066757202,1112.66162109375,56.0,-19.055999755859375,1112.66162109375,56.0,-19.055999755859375
5867971988,Anaxyrus americanus,-70.350617,45.131225,2024,3.432000160217285,1052.400146484375,71.0,-17.579999923706055,1052.400146484375,71.0,-17.579999923706055
5867831466,Lithobates pipiens,-68.76571,44.823186,2025,7.00333309173584,1028.0465087890625,72.0,-13.616000175476074,1028.0465087890625,72.0,-13.616000175476074
5867733639,Anaxyrus americanus,-68.527277,46.063683,2025,3.862333297729492,1102.995849609375,57.0,-18.59600067138672,1102.995849609375,57.0,-18.59600067138672
5867728734,Anaxyrus americanus,-68.538954,46.027401,2025,3.990166664123535,1100.6363525390625,58.0,-18.440000534057617,1100.6363525390625,58.0,-18.440000534057617
5867722067,Lithobates pipiens,-68.434023,46.095991,2025,3.7016665935516357,1108.703125,58.0,-18.76799964904785,1108.703125,58.0,-18.76799964904785
5844621073,Lithobates pipiens,-68.575367,46.100816,2025,3.871666669845581,1114.9013671875,57.0,-18.823999404907227,1114.9013671875,57.0,-18.823999404907227
5844596252,Dryophytes versicolor,-68.79458,44.658983,2025,6.708499908447266,987.2689208984375,78.0,-13.076000213623047,987.2689208984375,78.0,-13.076000213623047
5844593666,Lithobates pipiens,-68.471579,46.146591,2025,3.5934998989105225,1115.5302734375,57.0,-19.100000381469727,1115.5302734375,57.0,-19.100000381469727
5844581576,Dryophytes versicolor,-70.755195,43.66797,2025,7.071333408355713,984.975830078125,84.0,-13.616000175476074,984.975830078125,84.0,-13.616000175476074
5844472571,Anaxyrus americanus,-70.85128,43.140128,2025,,,,,,,
5844471760,Anaxyrus americanus,-70.738501,43.305552,2021,8.016666412353516,942.5143432617188,84.0,-10.871999740600586,942.5143432617188,84.0,-10.871999740600586
5844468836,Anaxyrus americanus,-70.301889,43.683789,2025,7.831333160400391,959.189208984375,81.0,-11.355999946594238,959.189208984375,81.0,-11.355999946594238
5844439443,Anaxyrus americanus,-68.44972,46.074445,2025,3.9665000438690186,1102.7777099609375,58.0,-18.54400062561035,1102.7777099609375,58.0,-18.54400062561035
5844355056,Dryophytes versicolor,-70.236854,43.714378,2025,7.533522605895996,934.5509643554688,80.0,-11.022727012634277,934.5509643554688,80.0,-11.022727012634277
5844347444,Dryophytes versicolor,-68.259658,44.306648,2024,6.8730902671813965,919.006591796875,75.0,-11.345832824707031,919.006591796875,75.0,-11.345832824707031
5844318009,Anaxyrus americanus,-70.300301,43.684294,2025,7.831333160400391,959.189208984375,81.0,-11.355999946594238,959.189208984375,81.0,-11.355999946594238
5844306656,Anaxyrus americanus,-71.000531,45.026819,2025,3.6516666412353516,1076.97021484375,61.0,-18.04400062561035,1076.97021484375,61.0,-18.04400062561035
5844266185,Dryophytes versicolor,-68.601059,44.724138,2025,6.309000015258789,1001.7885131835938,82.0,-13.732000350952148,1001.7885131835938,82.0,-13.732000350952148
5844241972,Anaxyrus americanus,-68.943262,44.55933,2021,6.628666400909424,979.96923828125,83.0,-13.055999755859375,979.96923828125,83.0,-13.055999755859375
5844207928,Dryophytes versicolor,-68.739739,44.622187,2025,6.809333324432373,984.707275390625,80.0,-12.911999702453613,984.707275390625,80.0,-12.911999702453613
5844207351,Lithobates pipiens,-68.409403,46.187324,2025,3.7306666374206543,1117.344482421875,55.0,-19.020000457763672,1117.344482421875,55.0,-19.020000457763672
5844178594,Anaxyrus americanus,-68.508051,46.097372,2025,3.757833480834961,1111.6126708984375,57.0,-18.8439998626709,1111.6126708984375,57.0,-18.8439998626709
5844175892,Lithobates pipiens,-68.50568,46.049136,2025,3.862333297729492,1102.995849609375,57.0,-18.59600067138672,1102.995849609375,57.0,-18.59600067138672
5844163004,Anaxyrus americanus,-70.819168,44.029144,2025,6.287166595458984,1002.5038452148438,87.0,-14.680000305175781,1002.5038452148438,87.0,-14.680000305175781
5844142555,Dryophytes versicolor,-68.481823,46.050798,2025,3.9056665897369385,1099.3494873046875,57.0,-18.56800079345703,1099.3494873046875,57.0,-18.56800079345703
5844107968,Lithobates pipiens,-68.440747,46.111223,2025,3.7016665935516357,1108.703125,58.0,-18.76799964904785,1108.703125,58.0,-18.76799964904785
5844107555,Anaxyrus americanus,-68.579017,46.032847,2025,4.04283332824707,1101.777587890625,58.0,-18.392000198364258,1101.777587890625,58.0,-18.392000198364258
5844047016,Lithobates pipiens,-68.528697,46.167285,2025,3.554666757583618,1115.169189453125,55.0,-19.236000061035156,1115.169189453125,55.0,-19.236000061035156
5844029779,Anaxyrus americanus,-68.55324,46.030231,2025,4.04283332824707,1101.777587890625,58.0,-18.392000198364258,1101.777587890625,58.0,-18.392000198364258
5844012382,Anaxyrus americanus,-70.994444,45.033111,2025,3.365000009536743,1072.9434814453125,66.0,-18.172000885009766,1072.9434814453125,66.0,-18.172000885009766
5843962391,Lithobates pipiens,-68.575018,46.046209,2025,3.866499900817871,1108.488037109375,58.0,-18.676000595092773,1108.488037109375,58.0,-18.676000595092773
5840486626,Anaxyrus americanus,-69.347957,44.607512,2025,6.595666885375977,1005.7623291015625,72.0,-13.748000144958496,1005.7623291015625,72.0,-13.748000144958496
5840481711,Anaxyrus americanus,-70.983095,44.279705,2025,5.476166725158691,1000.5040893554688,80.0,-15.03600025177002,1000.5040893554688,80.0,-15.03600025177002
5840468963,Anaxyrus americanus,-69.349065,44.608474,2025,6.595666885375977,1005.7623291015625,72.0,-13.748000144958496,1005.7623291015625,72.0,-13.748000144958496
5840409062,Anaxyrus americanus,-70.71454,44.053791,2025,6.552000045776367,1006.482177734375,81.0,-14.652000427246094,1006.482177734375,81.0,-14.652000427246094
5840306152,Anaxyrus americanus,-68.909264,45.840734,2025,3.7321667671203613,1079.7442626953125,59.0,-17.77199935913086,1079.7442626953125,59.0,-17.77199935913086
5840286507,Dryophytes versicolor,-69.418948,43.976727,2025,7.5020833015441895,911.857177734375,78.0,-10.022222518920898,911.857177734375,78.0,-10.022222518920898
5840254464,Anaxyrus americanus,-70.36117,43.900078,2025,7.028166770935059,975.6277465820312,83.0,-12.751999855041504,975.6277465820312,83.0,-12.751999855041504
5840219856,Anaxyrus americanus,-68.626447,47.201953,2025,2.811166524887085,1148.3865966796875,61.0,-20.61600112915039,1148.3865966796875,61.0,-20.61600112915039
5840204169,Dryophytes versicolor,-69.418948,43.976727,2025,7.5020833015441895,911.857177734375,78.0,-10.022222518920898,911.857177734375,78.0,-10.022222518920898
5840152212,Lithobates pipiens,-67.937914,45.774129,2025,5.0960001945495605,1070.60009765625,65.0,-16.700000762939453,1070.60009765625,65.0,-16.700000762939453
5840144374,Anaxyrus americanus,-68.815051,45.913523,2025,4.039999961853027,1083.252197265625,58.0,-17.56800079345703,1083.252197265625,58.0,-17.56800079345703
5840094403,Anaxyrus americanus,-68.561078,46.018292,2025,4.04283332824707,1101.777587890625,58.0,-18.392000198364258,1101.777587890625,58.0,-18.392000198364258
5840075882,Anaxyrus americanus,-70.698458,43.892134,2025,6.617666721343994,990.1669921875,85.0,-14.17199993133545,990.1669921875,85.0,-14.17199993133545
5840007842,Dryophytes versicolor,-67.159825,44.666579,2025,,,,,,,
5839988420,Dryophytes versicolor,-69.090381,44.256702,2025,7.117166519165039,948.5928344726562,82.0,-11.54800033569336,948.5928344726562,82.0,-11.54800033569336
5839973625,Anaxyrus americanus,-70.52883,44.905075,2025,3.5906665325164795,1048.3953857421875,73.0,-17.447999954223633,1048.3953857421875,73.0,-17.447999954223633
5839957643,Anaxyrus americanus,-68.643817,44.631428,2025,6.339666843414307,993.2438354492188,84.0,-13.503999710083008,993.2438354492188,84.0,-13.503999710083008
5838260473,Anaxyrus americanus,-70.632871,43.459658,2025,7.661166667938232,951.4953002929688,84.0,-11.772000312805176,951.4953002929688,84.0,-11.772000312805176
5838255989,Anaxyrus americanus,-70.256233,44.006694,2025,7.0256667137146,984.649169921875,80.0,-12.67199993133545,984.649169921875,80.0,-12.67199993133545
5838254745,Anaxyrus americanus,-69.945258,43.951653,2025,7.578666687011719,964.7484130859375,79.0,-11.359999656677246,964.7484130859375,79.0,-11.359999656677246
5838234340,Anaxyrus americanus,-68.681869,44.322589,2025,7.1279168128967285,922.1832275390625,78.0,-11.170000076293945,922.1832275390625,78.0,-11.170000076293945
5838175112,Anaxyrus americanus,-70.601622,43.204597,2025,8.368749618530273,901.9676513671875,80.0,-9.338889122009277,901.9676513671875,80.0,-9.338889122009277
5838151944,Anaxyrus americanus,-70.185137,44.256047,2025,6.728166580200195,1010.7495727539062,74.0,-13.640000343322754,1010.7495727539062,74.0,-13.640000343322754
5838038434,Anaxyrus americanus,-68.754495,45.931092,2025,4.166833400726318,1088.72021484375,58.0,-17.555999755859375,1088.72021484375,58.0,-17.555999755859375
5837940549,Dryophytes versicolor,-70.294778,43.899738,2025,7.0985002517700195,974.6211547851562,82.0,-12.52400016784668,974.6211547851562,82.0,-12.52400016784668
5837939471,Anaxyrus americanus,-68.83535,45.902943,2025,3.36899995803833,1076.9083251953125,60.0,-17.871999740600586,1076.9083251953125,60.0,-17.871999740600586
5837890042,Anaxyrus americanus,-68.680369,44.322517,2025,7.1279168128967285,922.1832275390625,78.0,-11.170000076293945,922.1832275390625,78.0,-11.170000076293945
5837842362,Anaxyrus americanus,-70.949056,44.27582,2025,5.559999942779541,1003.0223999023438,80.0,-15.027999877929688,1003.0223999023438,80.0,-15.027999877929688
5837824402,Dryophytes versicolor,-68.668106,44.71159,2025,6.362666606903076,1001.3154907226562,79.0,-13.736000061035156,1001.3154907226562,79.0,-13.736000061035156
5837815507,Anaxyrus americanus,-70.198708,44.228455,2025,6.722833156585693,1005.3626098632812,76.0,-13.447999954223633,1005.3626098632812,76.0,-13.447999954223633
5837771071,Anaxyrus americanus,-70.980483,44.251688,2025,5.476166725158691,1000.5040893554688,80.0,-15.03600025177002,1000.5040893554688,80.0,-15.03600025177002
5837766684,Anaxyrus americanus,-70.30312,43.68264,2025,7.831333160400391,959.189208984375,81.0,-11.355999946594238,959.189208984375,81.0,-11.355999946594238
5837744367,Anaxyrus americanus,-68.262187,45.535222,2025,5.421833515167236,1062.669189453125,67.0,-16.1560001373291,1062.669189453125,67.0,-16.1560001373291
5837740474,Anaxyrus americanus,-67.470589,44.67264,2025,6.30916690826416,948.1736450195312,78.0,-13.032000541687012,948.1736450195312,78.0,-13.032000541687012
5837717088,Anaxyrus americanus,-70.864312,44.227775,2025,6.290499687194824,1008.4392700195312,77.0,-14.760000228881836,1008.4392700195312,77.0,-14.760000228881836
5837685922,Anaxyrus americanus,-68.903686,45.924736,2025,1.9283332824707031,1081.6168212890625,72.0,-19.04400062561035,1081.6168212890625,72.0,-19.04400062561035
5837629908,Anaxyrus americanus,-70.441437,43.717872,2025,7.2769999504089355,967.3765869140625,81.0,-12.423999786376953,967.3765869140625,81.0,-12.423999786376953
5837621762,Anaxyrus americanus,-69.631712,44.552004,2025,6.94350004196167,1025.3370361328125,66.0,-13.927999496459961,1025.3370361328125,66.0,-13.927999496459961
5831032422,Dryophytes versicolor,-70.917075,43.240955,2025,,,,,,,
5830849350,Anaxyrus americanus,-68.689902,45.671765,2025,5.183833122253418,1085.0899658203125,61.0,-16.576000213623047,1085.0899658203125,61.0,-16.576000213623047
5830806496,Anaxyrus americanus,-70.593864,43.914116,2025,7.1623334884643555,958.4794311523438,83.0,-12.604000091552734,958.4794311523438,83.0,-12.604000091552734
5830773063,Dryophytes versicolor,-69.619187,43.949455,2025,7.624275207519531,907.6475219726562,78.0,-9.960869789123535,907.6475219726562,78.0,-9.960869789123535
5830739452,Anaxyrus americanus,-70.842853,43.093559,2024,,,,,,,
5830727285,Anaxyrus americanus,-71.032875,45.010053,2025,3.6516666412353516,1076.97021484375,61.0,-18.04400062561035,1076.97021484375,61.0,-18.04400062561035
5830708134,Dryophytes versicolor,-70.232214,44.432847,2025,6.128499984741211,1020.8289794921875,75.0,-14.684000015258789,1020.8289794921875,75.0,-14.684000015258789
5830674857,Lithobates pipiens,-69.036019,45.035325,2025,5.943666458129883,1039.8004150390625,70.0,-15.140000343322754,1039.8004150390625,70.0,-15.140000343322754
5830652992,Dryophytes versicolor,-69.922284,43.815104,2025,7.696666717529297,895.9265747070312,77.0,-9.866666793823242,895.9265747070312,77.0,-9.866666793823242
5830636970,Anaxyrus americanus,-70.778909,44.9475,2025,3.883666753768921,1060.10498046875,61.0,-17.756000518798828,1060.10498046875,61.0,-17.756000518798828
5830618027,Dryophytes versicolor,-70.111932,44.122364,2025,7.0894999504089355,997.0051879882812,78.0,-12.644000053405762,997.0051879882812,78.0,-12.644000053405762
5830581154,Dryophytes versicolor,-69.732529,44.752373,2025,6.184333324432373,1042.116943359375,65.0,-15.2839994430542,1042.116943359375,65.0,-15.2839994430542
5830574646,Dryophytes versicolor,-69.2909,44.593345,2025,6.418333530426025,1001.5653076171875,75.0,-13.812000274658203,1001.5653076171875,75.0,-13.812000274658203
5830561598,Anaxyrus americanus,-68.900539,45.922272,2025,1.9283332824707031,1081.6168212890625,72.0,-19.04400062561035,1081.6168212890625,72.0,-19.04400062561035
5830520598,Dryophytes versicolor,-68.48983,44.984193,2025,6.079666614532471,1019.1895751953125,73.0,-14.527999877929688,1019.1895751953125,73.0,-14.527999877929688
5830447512,Anaxyrus americanus,-68.871553,46.093246,2025,2.68833327293396,1120.9989013671875,63.0,-19.444000244140625,1120.9989013671875,63.0,-19.444000244140625
5830434197,Dryophytes versicolor,-68.301022,44.403261,2024,7.011833190917969,935.604248046875,75.0,-11.715999603271484,935.604248046875,75.0,-11.715999603271484
5830418926,Anaxyrus americanus,-70.688506,44.110958,2025,6.677666664123535,1008.8466796875,80.0,-14.491999626159668,1008.8466796875,80.0,-14.491999626159668
5830391452,Dryophytes versicolor,-68.726075,44.596161,2025,6.809333324432373,984.707275390625,80.0,-12.911999702453613,984.707275390625,80.0,-12.911999702453613
5830384197,Lithobates pipiens,-68.675406,44.880579,2025,6.562333106994629,1017.734375,68.0,-13.807999610900879,1017.734375,68.0,-13.807999610900879
5830371929,Dryophytes versicolor,-69.893356,44.870651,2025,5.804500102996826,1048.1595458984375,65.0,-16.059999465942383,1048.1595458984375,65.0,-16.059999465942383
5830335261,Anaxyrus americanus,-67.02105,44.881797,2025,,,,,,,
5828857510,Anaxyrus americanus,-70.648616,44.288776,2025,6.017333507537842,1005.428955078125,77.0,-14.751999855041504,1005.428955078125,77.0,-14.751999855041504
5828854903,Dryophytes versicolor,-70.696931,44.095814,2025,6.677666664123535,1008.8466796875,80.0,-14.491999626159668,1008.8466796875,80.0,-14.491999626159668
5828837740,Lithobates pipiens,-68.741409,44.899658,2025,6.447999954223633,1016.3721923828125,68.0,-13.955999374389648,1016.3721923828125,68.0,-13.955999374389648
5828800144,Dryophytes versicolor,-68.691693,44.736131,2025,6.362666606903076,1001.3154907226562,79.0,-13.736000061035156,1001.3154907226562,79.0,-13.736000061035156
5828781112,Anaxyrus americanus,-70.985722,44.92558,2025,3.7135000228881836,1067.6632080078125,60.0,-17.90399932861328,1067.6632080078125,60.0,-17.90399932861328
5828777378,Anaxyrus americanus,-68.77784,46.050316,2025,4.246833324432373,1099.52978515625,54.0,-18.18400001525879,1099.52978515625,54.0,-18.18400001525879
5828725593,Anaxyrus americanus,-70.815292,43.185173,2025,8.441468238830566,937.9866943359375,80.0,-10.19523811340332,937.9866943359375,80.0,-10.19523811340332
5828694244,Anaxyrus americanus,-69.185722,45.749447,2025,3.931166887283325,1089.794189453125,57.0,-17.8799991607666,1089.794189453125,57.0,-17.8799991607666
5828648596,Anaxyrus americanus,-68.998385,45.887353,2025,2.928333282470703,1083.318603515625,63.0,-18.59200096130371,1083.318603515625,63.0,-18.59200096130371
5828646323,Anaxyrus americanus,-69.664336,44.519414,2025,6.932000160217285,1017.3020629882812,65.0,-13.708000183105469,1017.3020629882812,65.0,-13.708000183105469
5828597159,Dryophytes versicolor,-69.67143,43.828208,2025,,,,,,,
5828590769,Anaxyrus americanus,-70.825627,44.181851,2025,6.274666786193848,1005.5418090820312,79.0,-14.732000350952148,1005.5418090820312,79.0,-14.732000350952148
5828570052,Lithobates pipiens,-68.43034,44.993791,2025,6.021833419799805,1021.2091064453125,75.0,-14.612000465393066,1021.2091064453125,75.0,-14.612000465393066
5828532599,Anaxyrus americanus,-70.181045,44.123103,2025,7.293666362762451,1008.8617553710938,79.0,-12.704000473022461,1008.8617553710938,79.0,-12.704000473022461
5828514546,Dryophytes versicolor,-68.661356,44.725744,2025,6.496500015258789,1000.5967407226562,78.0,-13.564000129699707,1000.5967407226562,78.0,-13.564000129699707
5828475359,Anaxyrus americanus,-69.831412,43.733547,2025,,,,,,,
5828426015,Anaxyrus americanus,-69.055047,45.882562,2025,3.7096667289733887,1095.42041015625,55.0,-18.18000030517578,1095.42041015625,55.0,-18.18000030517578
5828371604,Anaxyrus americanus,-68.639358,44.917495,2025,6.517666816711426,1025.43017578125,68.0,-14.072000503540039,1025.43017578125,68.0,-14.072000503540039
5828356185,Anaxyrus americanus,-70.663462,44.380603,2025,5.840666770935059,1022.7996826171875,71.0,-15.128000259399414,1022.7996826171875,71.0,-15.128000259399414
5828349670,Lithobates pipiens,-68.611939,44.900835,2025,6.424000263214111,1014.4024658203125,69.0,-13.979999542236328,1014.4024658203125,69.0,-13.979999542236328
5828331451,Anaxyrus americanus,-70.182563,43.796825,2025,7.439930438995361,950.9321899414062,81.0,-11.441666603088379,950.9321899414062,81.0,-11.441666603088379
5828283814,Dryophytes versicolor,-68.768645,44.792166,2025,7.00333309173584,1028.0465087890625,72.0,-13.616000175476074,1028.0465087890625,72.0,-13.616000175476074
5828276196,Dryophytes versicolor,-68.678936,44.720983,2025,6.362666606903076,1001.3154907226562,79.0,-13.736000061035156,1001.3154907226562,79.0,-13.736000061035156
5828274943,Dryophytes versicolor,-68.061015,44.332741,2025,,,,,,,
5828243881,Anaxyrus americanus,-70.761833,43.787875,2025,6.714333534240723,988.5048217773438,86.0,-14.067999839782715,988.5048217773438,86.0,-14.067999839782715
5828225122,Anaxyrus americanus,-70.853165,44.185496,2025,6.3125,1006.4719848632812,79.0,-14.699999809265137,1006.4719848632812,79.0,-14.699999809265137
5828202428,Dryophytes versicolor,-69.004006,44.66608,2025,6.457666397094727,990.440673828125,79.0,-13.52400016784668,990.440673828125,79.0,-13.52400016784668
5828191332,Anaxyrus americanus,-68.851913,45.939645,2025,2.86299991607666,1079.739013671875,64.0,-18.31999969482422,1079.739013671875,64.0,-18.31999969482422
5828182372,Lithobates pipiens,-68.6699,44.879946,2025,6.562333106994629,1017.734375,68.0,-13.807999610900879,1017.734375,68.0,-13.807999610900879
5828147994,Lithobates pipiens,-68.72425,44.899703,2025,6.447999954223633,1016.3721923828125,68.0,-13.955999374389648,1016.3721923828125,68.0,-13.955999374389648
5828140294,Lithobates pipiens,-68.724942,44.899405,2025,6.447999954223633,1016.3721923828125,68.0,-13.955999374389648,1016.3721923828125,68.0,-13.955999374389648
5828117501,Anaxyrus americanus,-69.645662,44.664295,2025,6.508166790008545,1025.691162109375,65.0,-14.460000038146973,1025.691162109375,65.0,-14.460000038146973
5828114326,Dryophytes versicolor,-70.181442,44.12363,2025,7.293666362762451,1008.8617553710938,79.0,-12.704000473022461,1008.8617553710938,79.0,-12.704000473022461
5828039458,Dryophytes versicolor,-68.618517,44.755644,2025,6.500999927520752,1007.5053100585938,76.0,-13.708000183105469,1007.5053100585938,76.0,-13.708000183105469
5827985842,Anaxyrus americanus,-69.281801,46.419699,2025,3.251499891281128,1123.9796142578125,52.0,-19.423999786376953,1123.9796142578125,52.0,-19.423999786376953
5827968575,Anaxyrus americanus,-69.298642,46.208267,2019,3.5290000438690186,1119.837158203125,51.0,-18.95199966430664,1119.837158203125,51.0,-18.95199966430664
5827957405,Anaxyrus americanus,-69.386147,46.060081,2025,3.636166572570801,1119.3707275390625,52.0,-18.79199981689453,1119.3707275390625,52.0,-18.79199981689453
5827905579,Anaxyrus americanus,-68.702106,44.285261,2025,,,,,,,
5827894352,Anaxyrus americanus,-70.761833,43.787875,2025,6.714333534240723,988.5048217773438,86.0,-14.067999839782715,988.5048217773438,86.0,-14.067999839782715
5827873212,Anaxyrus americanus,-70.405785,43.542404,2025,7.7191667556762695,936.5362548828125,80.0,-11.092000007629395,936.5362548828125,80.0,-11.092000007629395
5827865770,Dryophytes versicolor,-70.32132,44.412128,2025,6.188666820526123,1015.3579711914062,73.0,-14.508000373840332,1015.3579711914062,73.0,-14.508000373840332
5827852458,Lithobates pipiens,-69.271399,46.426886,2025,3.251499891281128,1123.9796142578125,52.0,-19.423999786376953,1123.9796142578125,52.0,-19.423999786376953
5827811083,Anaxyrus americanus,-69.658657,43.840902,2025,7.671229839324951,873.7918701171875,77.0,-9.295238494873047,873.7918701171875,77.0,-9.295238494873047
5827806704,Anaxyrus americanus,-70.660179,44.023597,2025,6.795833587646484,1001.3462524414062,81.0,-14.204000473022461,1001.3462524414062,81.0,-14.204000473022461
5827793876,Anaxyrus americanus,-68.649526,44.6235,2025,6.58050012588501,989.641357421875,82.0,-13.187999725341797,989.641357421875,82.0,-13.187999725341797
5827760624,Dryophytes versicolor,-70.231916,44.056303,2025,7.238833427429199,994.90966796875,79.0,-12.527999877929688,994.90966796875,79.0,-12.527999877929688
5827758132,Dryophytes versicolor,-69.516075,44.480511,2025,6.810333251953125,1004.0145874023438,70.0,-13.4399995803833,1004.0145874023438,70.0,-13.4399995803833
5827755102,Anaxyrus americanus,-70.190907,45.139151,2025,3.945666790008545,1058.35107421875,64.0,-17.435998916625977,1058.35107421875,64.0,-17.435998916625977
5827747285,Anaxyrus americanus,-69.822109,43.874167,2025,7.694675922393799,915.9007568359375,77.0,-10.088889122009277,915.9007568359375,77.0,-10.088889122009277
5827650819,Anaxyrus americanus,-70.96668,44.342527,2025,5.436166763305664,1010.6446533203125,71.0,-15.232000350952148,1010.6446533203125,71.0,-15.232000350952148
5827641207,Lithobates pipiens,-68.004405,46.618521,2025,3.691499948501587,1117.73388671875,48.0,-18.299999237060547,1117.73388671875,48.0,-18.299999237060547
5827624279,Anaxyrus americanus,-69.664305,44.519444,2025,6.932000160217285,1017.3020629882812,65.0,-13.708000183105469,1017.3020629882812,65.0,-13.708000183105469
5827573946,Anaxyrus americanus,-68.995539,44.3387,2025,6.944999694824219,942.6117553710938,83.0,-11.652000427246094,942.6117553710938,83.0,-11.652000427246094
5827564190,Dryophytes versicolor,-68.771226,44.80158,2025,7.00333309173584,1028.0465087890625,72.0,-13.616000175476074,1028.0465087890625,72.0,-13.616000175476074
5827545263,Anaxyrus americanus,-70.947703,44.233997,2025,6.256666660308838,1004.6489868164062,77.0,-14.628000259399414,1004.6489868164062,77.0,-14.628000259399414
5827466555,Anaxyrus americanus,-69.162443,45.992611,2025,3.3476667404174805,1107.65087890625,54.0,-18.899999618530273,1107.65087890625,54.0,-18.899999618530273
5827451653,Anaxyrus americanus,-69.171097,45.768995,2025,4.081666946411133,1091.0943603515625,54.0,-17.803998947143555,1091.0943603515625,54.0,-17.803998947143555
5827449175,Anaxyrus americanus,-70.780092,44.727202,2025,3.5810000896453857,1041.922607421875,73.0,-17.31999969482422,1041.922607421875,73.0,-17.31999969482422
5827445336,Anaxyrus americanus,-68.909977,45.916414,2025,1.7834999561309814,1074.402587890625,75.0,-19.06800079345703,1074.402587890625,75.0,-19.06800079345703
5827436907,Anaxyrus americanus,-68.414153,44.671283,2025,6.70283317565918,996.3406372070312,79.0,-13.415999412536621,996.3406372070312,79.0,-13.415999412536621
5827366600,Anaxyrus americanus,-70.853422,44.259495,2025,6.033666610717773,1008.1093139648438,77.0,-14.883999824523926,1008.1093139648438,77.0,-14.883999824523926
5761185674,Dryophytes versicolor,-70.716538,43.147343,2025,8.499667167663574,920.1566772460938,80.0,-9.616000175476074,920.1566772460938,80.0,-9.616000175476074
5761092653,Anaxyrus americanus,-71.043992,45.219033,2025,2.551500082015991,1074.76708984375,84.0,-18.31999969482422,1074.76708984375,84.0,-18.31999969482422
5761057551,Dryophytes versicolor,-70.232136,43.611772,2025,7.891848087310791,915.8037719726562,80.0,-10.265216827392578,915.8037719726562,80.0,-10.265216827392578
5761056090,Anaxyrus americanus,-68.058563,44.338267,2025,6.8611979484558105,866.7794799804688,75.0,-10.793749809265137,866.7794799804688,75.0,-10.793749809265137
5761029999,Anaxyrus americanus,-70.368522,44.25858,2025,6.500833511352539,1009.2700805664062,75.0,-14.088000297546387,1009.2700805664062,75.0,-14.088000297546387
5761006837,Anaxyrus americanus,-68.856247,45.92051,2025,2.86299991607666,1079.739013671875,64.0,-18.31999969482422,1079.739013671875,64.0,-18.31999969482422
5760990347,Lithobates pipiens,-68.723317,44.899625,2025,6.447999954223633,1016.3721923828125,68.0,-13.955999374389648,1016.3721923828125,68.0,-13.955999374389648
5760922916,Anaxyrus americanus,-70.982088,44.398772,2025,5.6504998207092285,1017.6448364257812,67.0,-15.251999855041504,1017.6448364257812,67.0,-15.251999855041504
5760885404,Anaxyrus americanus,-69.785355,43.844503,2025,,,,,,,
5760873061,Anaxyrus americanus,-69.735374,44.685654,2025,6.234833240509033,1028.6566162109375,66.0,-14.887999534606934,1028.6566162109375,66.0,-14.887999534606934
5760870717,Dryophytes versicolor,-67.022445,44.88483,2025,,,,,,,
5760822666,Anaxyrus americanus,-68.958031,44.357031,2025,,,,,,,
5760810544,Anaxyrus americanus,-70.47707,43.940648,2025,6.998000144958496,984.4351196289062,83.0,-13.284000396728516,984.4351196289062,83.0,-13.284000396728516
5760788745,Anaxyrus americanus,-70.594445,43.91663,2025,7.1623334884643555,958.4794311523438,83.0,-12.604000091552734,958.4794311523438,83.0,-12.604000091552734
5760768601,Dryophytes versicolor,-68.771226,44.80158,2025,7.00333309173584,1028.0465087890625,72.0,-13.616000175476074,1028.0465087890625,72.0,-13.616000175476074
5760730269,Lithobates pipiens,-68.723511,44.898246,2025,6.447999954223633,1016.3721923828125,68.0,-13.955999374389648,1016.3721923828125,68.0,-13.955999374389648
5760717408,Lithobates pipiens,-68.724247,44.899286,2025,6.447999954223633,1016.3721923828125,68.0,-13.955999374389648,1016.3721923828125,68.0,-13.955999374389648
5760704080,Lithobates pipiens,-68.724268,44.899324,2025,6.447999954223633,1016.3721923828125,68.0,-13.955999374389648,1016.3721923828125,68.0,-13.955999374389648
5760701267,Anaxyrus americanus,-70.647632,43.989831,2025,6.757833480834961,994.4737548828125,83.0,-14.088000297546387,994.4737548828125,83.0,-14.088000297546387
5760697910,Anaxyrus americanus,-68.908675,45.922883,2025,1.9283332824707031,1081.6168212890625,72.0,-19.04400062561035,1081.6168212890625,72.0,-19.04400062561035
5760621100,Anaxyrus americanus,-69.060325,45.915755,2025,3.7096667289733887,1095.42041015625,55.0,-18.18000030517578,1095.42041015625,55.0,-18.18000030517578
5760585619,Anaxyrus americanus,-68.905495,45.927083,2025,1.9283332824707031,1081.6168212890625,72.0,-19.04400062561035,1081.6168212890625,72.0,-19.04400062561035
5760577235,Anaxyrus americanus,-70.368553,44.258767,2025,6.500833511352539,1009.2700805664062,75.0,-14.088000297546387,1009.2700805664062,75.0,-14.088000297546387
5760549160,Anaxyrus americanus,-71.011808,44.559666,2025,4.092166900634766,1037.8721923828125,68.0,-16.851999282836914,1037.8721923828125,68.0,-16.851999282836914
5760529782,Anaxyrus americanus,-70.098177,43.843802,2023,7.414311408996582,947.5896606445312,81.0,-11.343478202819824,947.5896606445312,81.0,-11.343478202819824
5760475308,Anaxyrus americanus,-67.639316,44.68691,2025,6.296833515167236,960.362548828125,78.0,-13.420000076293945,960.362548828125,78.0,-13.420000076293945
5760471512,Dryophytes versicolor,-69.692612,44.687295,2025,6.297499656677246,1027.10009765625,66.0,-14.807999610900879,1027.10009765625,66.0,-14.807999610900879
5760443908,Anaxyrus americanus,-68.589466,47.258619,2023,,,,,,,
5760434297,Anaxyrus americanus,-68.875052,45.973314,2025,2.9559998512268066,1089.227294921875,61.0,-18.56800079345703,1089.227294921875,61.0,-18.56800079345703
5760413028,Anaxyrus americanus,-70.057797,43.999358,2025,7.223833084106445,967.0440063476562,82.0,-11.880000114440918,967.0440063476562,82.0,-11.880000114440918
5760336077,Anaxyrus americanus,-69.946708,43.952113,2025,7.578666687011719,964.7484130859375,79.0,-11.359999656677246,964.7484130859375,79.0,-11.359999656677246
5760257055,Anaxyrus americanus,-70.608095,44.92413,2025,3.4806666374206543,1064.9588623046875,69.0,-18.011999130249023,1064.9588623046875,69.0,-18.011999130249023
5760241579,Anaxyrus americanus,-69.097083,45.849305,2021,3.889166831970215,1095.607177734375,54.0,-18.0,1095.607177734375,54.0,-18.0
5760222992,Dryophytes versicolor,-68.64546,44.758161,2025,6.499166488647461,1005.537353515625,75.0,-13.687999725341797,1005.537353515625,75.0,-13.687999725341797
5760133792,Dryophytes versicolor,-70.318207,43.753311,2025,7.285333156585693,957.3309936523438,82.0,-12.027999877929688,957.3309936523438,82.0,-12.027999877929688
5760118900,Anaxyrus americanus,-68.820039,46.898651,2025,2.740000009536743,1140.20263671875,57.0,-20.464000701904297,1140.20263671875,57.0,-20.464000701904297
5760055292,Anaxyrus americanus,-70.370438,44.673963,2025,4.639833450317383,1032.1141357421875,73.0,-16.411998748779297,1032.1141357421875,73.0,-16.411998748779297
5759992706,Anaxyrus americanus,-70.26888,43.634617,2025,8.122618675231934,944.3306274414062,81.0,-10.671428680419922,944.3306274414062,81.0,-10.671428680419922
5759916308,Anaxyrus americanus,-69.029929,44.323365,2025,7.0291666984558105,938.0237426757812,82.0,-11.472000122070312,938.0237426757812,82.0,-11.472000122070312
5759876528,Lithobates pipiens,-68.724745,44.900247,2025,6.447999954223633,1016.3721923828125,68.0,-13.955999374389648,1016.3721923828125,68.0,-13.955999374389648
5759873152,Dryophytes versicolor,-70.401017,43.946091,2025,6.888000011444092,979.1882934570312,85.0,-13.095999717712402,979.1882934570312,85.0,-13.095999717712402
5759864404,Anaxyrus americanus,-70.354875,43.801167,2025,7.0916666984558105,964.0057373046875,84.0,-12.399999618530273,964.0057373046875,84.0,-12.399999618530273
5759779999,Lithobates pipiens,-68.724651,44.900334,2025,6.447999954223633,1016.3721923828125,68.0,-13.955999374389648,1016.3721923828125,68.0,-13.955999374389648
5759779983,Anaxyrus americanus,-69.585464,44.770115,2025,6.144000053405762,1032.327880859375,67.0,-15.031999588012695,1032.327880859375,67.0,-15.031999588012695
5759774649,Lithobates pipiens,-67.331473,44.780638,2025,6.225333213806152,956.9171142578125,78.0,-13.180000305175781,956.9171142578125,78.0,-13.180000305175781
5759764205,Anaxyrus americanus,-67.797754,46.546118,2025,3.7108333110809326,1116.9735107421875,55.0,-17.899999618530273,1116.9735107421875,55.0,-17.899999618530273
5759686154,Anaxyrus americanus,-67.564833,44.540917,2025,,,,,,,
5759654258,Dryophytes versicolor,-68.431868,46.05762,2025,3.9665000438690186,1102.7777099609375,58.0,-18.54400062561035,1102.7777099609375,58.0,-18.54400062561035
5759615761,Dryophytes versicolor,-68.606001,44.735787,2025,6.309000015258789,1001.7885131835938,82.0,-13.732000350952148,1001.7885131835938,82.0,-13.732000350952148
5759615549,Anaxyrus americanus,-70.234294,43.592208,2025,7.891848087310791,915.8037719726562,80.0,-10.265216827392578,915.8037719726562,80.0,-10.265216827392578
5759612657,Lithobates pipiens,-68.72503,44.899395,2025,6.447999954223633,1016.3721923828125,68.0,-13.955999374389648,1016.3721923828125,68.0,-13.955999374389648
5759571188,Anaxyrus americanus,-70.537012,43.719247,2025,7.113833427429199,970.32763671875,83.0,-12.871999740600586,970.32763671875,83.0,-12.871999740600586
5759560856,Dryophytes versicolor,-69.72747,44.088642,2025,7.260166645050049,974.0995483398438,77.0,-11.944000244140625,974.0995483398438,77.0,-11.944000244140625
5293308128,Lithobates pipiens,-68.438185,46.06087,2025,3.9665000438690186,1102.7777099609375,58.0,-18.54400062561035,1102.7777099609375,58.0,-18.54400062561035
5293282121,Dryophytes versicolor,-67.112822,44.893937,2025,,,,,,,
5293178113,Dryophytes versicolor,-68.695087,44.673252,2025,6.56516695022583,994.3455200195312,79.0,-13.395999908447266,994.3455200195312,79.0,-13.395999908447266
5293161480,Anaxyrus americanus,-70.268616,44.480946,2025,6.169166564941406,1022.9811401367188,72.0,-14.776000022888184,1022.9811401367188,72.0,-14.776000022888184
5293110810,Anaxyrus americanus,-70.708229,44.050629,2025,6.709499835968018,1007.33544921875,80.0,-14.435999870300293,1007.33544921875,80.0,-14.435999870300293
5293042715,Anaxyrus americanus,-69.253486,44.117387,2025,7.324833393096924,937.2228393554688,80.0,-10.803999900817871,937.2228393554688,80.0,-10.803999900817871
5293032939,Dryophytes versicolor,-67.112839,44.893892,2025,,,,,,,
5293008369,Anaxyrus americanus,-68.749176,44.582989,2025,6.880333423614502,972.3045654296875,81.0,-12.600000381469727,972.3045654296875,81.0,-12.600000381469727
5292984235,Anaxyrus americanus,-70.510179,44.591436,2025,5.55816650390625,1034.0306396484375,67.0,-15.567999839782715,1034.0306396484375,67.0,-15.567999839782715
5292973250,Anaxyrus americanus,-70.810967,44.419705,2025,5.888333320617676,1025.17626953125,65.0,-15.263999938964844,1025.17626953125,65.0,-15.263999938964844
5292903720,Anaxyrus americanus,-70.57232,43.918445,2025,7.019999980926514,977.3524780273438,83.0,-13.184000015258789,977.3524780273438,83.0,-13.184000015258789
5292840728,Lithobates pipiens,-68.490616,46.147263,2025,3.5934998989105225,1115.5302734375,57.0,-19.100000381469727,1115.5302734375,57.0,-19.100000381469727
5292794413,Dryophytes versicolor,-68.643722,44.631012,2025,6.339666843414307,993.2438354492188,84.0,-13.503999710083008,993.2438354492188,84.0,-13.503999710083008
5292774373,Anaxyrus americanus,-70.812831,44.420489,2025,5.888333320617676,1025.17626953125,65.0,-15.263999938964844,1025.17626953125,65.0,-15.263999938964844
5292766523,Anaxyrus americanus,-69.958962,44.935753,2025,5.393166542053223,1045.7384033203125,66.0,-16.347999572753906,1045.7384033203125,66.0,-16.347999572753906
5292757458,Anaxyrus americanus,-68.671356,44.949057,2025,6.475833415985107,1022.7228393554688,67.0,-14.04800033569336,1022.7228393554688,67.0,-14.04800033569336
5292734225,Anaxyrus americanus,-68.966668,44.857717,2025,6.307666778564453,1019.7251586914062,71.0,-14.368000030517578,1019.7251586914062,71.0,-14.368000030517578
5292734195,Anaxyrus americanus,-70.630438,43.57219,2021,7.414000034332275,958.3726196289062,85.0,-12.395999908447266,958.3726196289062,85.0,-12.395999908447266
5292702930,Dryophytes versicolor,-67.887909,45.973206,2025,4.691999912261963,1082.0723876953125,62.0,-17.236000061035156,1082.0723876953125,62.0,-17.236000061035156
5292664405,Anaxyrus americanus,-70.788437,44.877255,2025,3.9574999809265137,1060.823486328125,60.0,-17.719999313354492,1060.823486328125,60.0,-17.719999313354492
5292664153,Anaxyrus americanus,-69.334123,43.983802,2025,7.539102554321289,879.5767211914062,78.0,-9.5,879.5767211914062,78.0,-9.5
5292587674,Anaxyrus americanus,-70.684516,44.361976,2025,5.712166786193848,1017.0795288085938,74.0,-15.15999984741211,1017.0795288085938,74.0,-15.15999984741211
5292530721,Anaxyrus americanus,-70.132968,44.400631,2025,6.486833095550537,1016.959228515625,72.0,-14.140000343322754,1016.959228515625,72.0,-14.140000343322754
5292514812,Anaxyrus americanus,-68.957575,45.844498,2025,3.8456664085388184,1083.3660888671875,58.0,-17.808000564575195,1083.3660888671875,58.0,-17.808000564575195
5292506198,Dryophytes versicolor,-68.151349,44.757491,2025,6.133999824523926,994.9086303710938,80.0,-14.124000549316406,994.9086303710938,80.0,-14.124000549316406
5292459445,Anaxyrus americanus,-70.139367,44.673112,2025,5.76633358001709,1037.781982421875,73.0,-15.859999656677246,1037.781982421875,73.0,-15.859999656677246
5292395733,Anaxyrus americanus,-67.1512,44.67818,2025,6.150781154632568,923.06884765625,78.0,-12.231249809265137,923.06884765625,78.0,-12.231249809265137
5292375371,Anaxyrus americanus,-67.154822,44.689187,2025,6.150781154632568,923.06884765625,78.0,-12.231249809265137,923.06884765625,78.0,-12.231249809265137
5292355520,Dryophytes versicolor,-70.599828,43.916008,2025,7.1623334884643555,958.4794311523438,83.0,-12.604000091552734,958.4794311523438,83.0,-12.604000091552734
5292345718,Lithobates pipiens,-68.71547,44.908847,2025,6.447999954223633,1016.3721923828125,68.0,-13.955999374389648,1016.3721923828125,68.0,-13.955999374389648
5292302826,Anaxyrus americanus,-69.787382,43.811793,2025,7.709920406341553,891.7317504882812,77.0,-9.576190948486328,891.7317504882812,77.0,-9.576190948486328
5292297351,Anaxyrus americanus,-70.768333,44.78493,2025,2.75166654586792,1040.3187255859375,89.0,-17.76799964904785,1040.3187255859375,89.0,-17.76799964904785
5292275618,Anaxyrus americanus,-70.29203,43.887967,2025,7.0985002517700195,974.6211547851562,82.0,-12.52400016784668,974.6211547851562,82.0,-12.52400016784668
5292246434,Anaxyrus americanus,-69.776702,43.849029,2025,,,,,,,
5292219405,Dryophytes versicolor,-69.231407,45.038902,2025,5.611000061035156,1042.3837890625,72.0,-15.715999603271484,1042.3837890625,72.0,-15.715999603271484
5292210403,Anaxyrus americanus,-70.617996,43.348003,2025,7.983333110809326,929.5902099609375,83.0,-10.628000259399414,929.5902099609375,83.0,-10.628000259399414
5292204981,Anaxyrus americanus,-70.995972,44.351908,2025,5.436166763305664,1010.6446533203125,71.0,-15.232000350952148,1010.6446533203125,71.0,-15.232000350952148
5292194972,Anaxyrus americanus,-68.137984,46.885722,2025,3.3625001907348633,1135.5911865234375,54.0,-19.327999114990234,1135.5911865234375,54.0,-19.327999114990234
5292178281,Anaxyrus americanus,-70.268677,44.479847,2025,6.169166564941406,1022.9811401367188,72.0,-14.776000022888184,1022.9811401367188,72.0,-14.776000022888184
5292116408,Dryophytes versicolor,-70.456763,43.4841,2025,7.889999866485596,928.1427001953125,81.0,-10.684000015258789,928.1427001953125,81.0,-10.684000015258789
5292060134,Dryophytes versicolor,-68.577168,46.086753,2025,3.871666669845581,1114.9013671875,57.0,-18.823999404907227,1114.9013671875,57.0,-18.823999404907227
5292058554,Anaxyrus americanus,-70.351621,43.613363,2025,7.789999961853027,946.3635864257812,80.0,-11.175999641418457,946.3635864257812,80.0,-11.175999641418457
5292003501,Anaxyrus americanus,-68.013555,46.868233,2025,3.749833345413208,1138.6922607421875,52.0,-18.540000915527344,1138.6922607421875,52.0,-18.540000915527344
5291868328,Anaxyrus americanus,-69.049494,44.230533,2025,6.89965295791626,935.4232177734375,83.0,-11.337499618530273,935.4232177734375,83.0,-11.337499618530273
5291867933,Dryophytes versicolor,-69.662082,43.87403,2025,7.671229839324951,873.7918701171875,77.0,-9.295238494873047,873.7918701171875,77.0,-9.295238494873047
5291861829,Anaxyrus americanus,-70.915314,44.176517,2025,6.575833320617676,1012.11328125,77.0,-14.555999755859375,1012.11328125,77.0,-14.555999755859375
5291849719,Anaxyrus americanus,-69.085555,45.749687,2025,4.332833290100098,1087.4017333984375,56.0,-17.520000457763672,1087.4017333984375,56.0,-17.520000457763672
5291813393,Anaxyrus americanus,-70.464608,45.189053,2025,4.04616641998291,1071.39697265625,61.0,-17.61600112915039,1071.39697265625,61.0,-17.61600112915039
5282588585,Dryophytes versicolor,-69.587811,45.458907,2022,4.069499969482422,1082.2266845703125,61.0,-17.775999069213867,1082.2266845703125,61.0,-17.775999069213867
5282533935,Anaxyrus americanus,-67.765095,44.645048,2024,6.478166580200195,959.1499633789062,78.0,-13.14799976348877,959.1499633789062,78.0,-13.14799976348877
5282491157,Anaxyrus americanus,-68.854022,45.92808,2025,2.86299991607666,1079.739013671875,64.0,-18.31999969482422,1079.739013671875,64.0,-18.31999969482422
5282422449,Anaxyrus americanus,-70.139555,44.673162,2025,5.76633358001709,1037.781982421875,73.0,-15.859999656677246,1037.781982421875,73.0,-15.859999656677246
5282375449,Anaxyrus americanus,-69.114242,44.259105,2025,7.117166519165039,948.5928344726562,82.0,-11.54800033569336,948.5928344726562,82.0,-11.54800033569336
5282315092,Anaxyrus americanus,-69.79702,45.644512,2022,3.6654999256134033,1099.5775146484375,58.0,-18.2760009765625,1099.5775146484375,58.0,-18.2760009765625
5282297183,Anaxyrus americanus,-69.267966,44.322482,2025,6.839000225067139,963.3562622070312,81.0,-12.192000389099121,963.3562622070312,81.0,-12.192000389099121
5282292388,Dryophytes versicolor,-70.395482,43.407368,2024,,,,,,,
5282254457,Anaxyrus americanus,-69.336563,45.53445,2022,3.7071666717529297,1073.601806640625,65.0,-17.803998947143555,1073.601806640625,65.0,-17.803998947143555
5282238965,Lithobates pipiens,-68.442244,46.073089,2025,3.9665000438690186,1102.7777099609375,58.0,-18.54400062561035,1102.7777099609375,58.0,-18.54400062561035
5282167627,Anaxyrus americanus,-69.942763,45.531308,2022,3.5298333168029785,1089.06640625,60.0,-18.211999893188477,1089.06640625,60.0,-18.211999893188477
5282151442,Dryophytes versicolor,-69.416902,43.978034,2025,7.5020833015441895,911.857177734375,78.0,-10.022222518920898,911.857177734375,78.0,-10.022222518920898
5282124914,Dryophytes versicolor,-68.313392,44.480572,2025,6.888999938964844,951.5165405273438,76.0,-12.208000183105469,951.5165405273438,76.0,-12.208000183105469
5282099478,Anaxyrus americanus,-69.455712,45.467883,2022,3.4839999675750732,1087.879150390625,68.0,-18.20400047302246,1087.879150390625,68.0,-18.20400047302246
5282059272,Anaxyrus americanus,-69.744025,43.843478,2025,,,,,,,
5282039387,Anaxyrus americanus,-70.419527,45.138191,2025,4.193166732788086,1068.5885009765625,60.0,-17.447999954223633,1068.5885009765625,60.0,-17.447999954223633
5281999853,Dryophytes versicolor,-68.772362,44.760982,2025,6.9691667556762695,1020.7234497070312,73.0,-13.532000541687012,1020.7234497070312,73.0,-13.532000541687012
5281925989,Anaxyrus americanus,-70.837829,43.91573,2024,6.638166427612305,1001.8033447265625,85.0,-14.572000503540039,1001.8033447265625,85.0,-14.572000503540039
5281904364,Anaxyrus americanus,-69.742583,43.842297,2025,,,,,,,
5281859515,Anaxyrus americanus,-68.205032,44.668521,2025,6.204166412353516,994.7698974609375,80.0,-13.923999786376953,994.7698974609375,80.0,-13.923999786376953
5281851254,Dryophytes versicolor,-68.634003,44.663803,2025,6.339666843414307,993.2438354492188,84.0,-13.503999710083008,993.2438354492188,84.0,-13.503999710083008
5281831126,Dryophytes versicolor,-68.782227,44.612441,2025,6.803500175476074,979.0145263671875,80.0,-12.819999694824219,979.0145263671875,80.0,-12.819999694824219
5281829453,Anaxyrus americanus,-70.639094,44.485853,2025,5.801000118255615,1029.178466796875,66.0,-15.208000183105469,1029.178466796875,66.0,-15.208000183105469
5281814210,Lithobates pipiens,-68.251854,44.719753,2025,6.3429999351501465,995.1388549804688,80.0,-13.836000442504883,995.1388549804688,80.0,-13.836000442504883
5238448413,Anaxyrus americanus,-70.661637,43.362975,2025,7.925666809082031,937.5431518554688,84.0,-10.899999618530273,937.5431518554688,84.0,-10.899999618530273
5238430333,Anaxyrus americanus,-70.164428,44.678695,2025,5.76633358001709,1037.781982421875,73.0,-15.859999656677246,1037.781982421875,73.0,-15.859999656677246
5238426524,Anaxyrus americanus,-69.392459,44.187802,2025,7.148499965667725,959.2625732421875,80.0,-11.607999801635742,959.2625732421875,80.0,-11.607999801635742
5238417678,Dryophytes versicolor,-69.5144,44.1565,2025,7.270500183105469,959.0662231445312,79.0,-11.531999588012695,959.0662231445312,79.0,-11.531999588012695
5238385750,Anaxyrus americanus,-67.759371,45.546497,2025,5.210666656494141,1054.0947265625,71.0,-16.27199935913086,1054.0947265625,71.0,-16.27199935913086
5238315876,Anaxyrus americanus,-70.729722,44.131931,2025,6.393166542053223,1003.092041015625,81.0,-14.592000007629395,1003.092041015625,81.0,-14.592000007629395
5238302467,Anaxyrus americanus,-69.088394,44.250358,2025,7.117166519165039,948.5928344726562,82.0,-11.54800033569336,948.5928344726562,82.0,-11.54800033569336
5238261960,Anaxyrus americanus,-70.213648,44.433214,2025,6.128499984741211,1020.8289794921875,75.0,-14.684000015258789,1020.8289794921875,75.0,-14.684000015258789
5238258671,Anaxyrus americanus,-70.364242,43.679705,2025,7.69350004196167,959.7823486328125,81.0,-11.640000343322754,959.7823486328125,81.0,-11.640000343322754
5238245840,Anaxyrus americanus,-69.137404,44.340827,2025,6.898166656494141,959.78076171875,83.0,-12.092000007629395,959.78076171875,83.0,-12.092000007629395
5238227473,Anaxyrus americanus,-70.296378,44.315683,2025,6.364666938781738,1009.1177368164062,75.0,-14.128000259399414,1009.1177368164062,75.0,-14.128000259399414
5238213692,Anaxyrus americanus,-67.797037,46.546409,2025,3.7108333110809326,1116.9735107421875,55.0,-17.899999618530273,1116.9735107421875,55.0,-17.899999618530273
5238209959,Anaxyrus americanus,-69.702628,44.55182,2025,6.686166763305664,1022.3525390625,65.0,-14.116000175476074,1022.3525390625,65.0,-14.116000175476074
5238168605,Anaxyrus americanus,-70.751404,43.946602,2025,6.545333385467529,1000.5745849609375,85.0,-14.596000671386719,1000.5745849609375,85.0,-14.596000671386719
5238150686,Anaxyrus americanus,-70.930417,43.926331,2025,6.585666656494141,1002.701416015625,86.0,-14.532000541687012,1002.701416015625,86.0,-14.532000541687012
5238150130,Anaxyrus americanus,-70.698458,43.892134,2025,6.617666721343994,990.1669921875,85.0,-14.17199993133545,990.1669921875,85.0,-14.17199993133545
5238147357,Anaxyrus americanus,-70.139344,44.673155,2025,5.76633358001709,1037.781982421875,73.0,-15.859999656677246,1037.781982421875,73.0,-15.859999656677246
5238141096,Anaxyrus americanus,-69.932892,44.569395,2024,5.98799991607666,1018.5953979492188,74.0,-14.82800006866455,1018.5953979492188,74.0,-14.82800006866455
5238129986,Anaxyrus americanus,-69.102529,44.257992,2025,7.117166519165039,948.5928344726562,82.0,-11.54800033569336,948.5928344726562,82.0,-11.54800033569336
5238119695,Anaxyrus americanus,-70.958695,44.588872,2025,3.862666606903076,1039.510498046875,69.0,-17.035999298095703,1039.510498046875,69.0,-17.035999298095703
5238080059,Dryophytes versicolor,-69.619699,44.005955,2025,7.549801349639893,934.3531494140625,78.0,-10.685714721679688,934.3531494140625,78.0,-10.685714721679688
5238074740,Anaxyrus americanus,-70.455897,44.958011,2025,3.688499927520752,1046.283447265625,74.0,-17.375999450683594,1046.283447265625,74.0,-17.375999450683594
5238067763,Anaxyrus americanus,-70.148986,44.667428,2025,5.76633358001709,1037.781982421875,73.0,-15.859999656677246,1037.781982421875,73.0,-15.859999656677246
5238057692,Anaxyrus americanus,-70.078147,43.944675,2025,7.17983341217041,959.4861450195312,81.0,-11.763999938964844,959.4861450195312,81.0,-11.763999938964844
5237985854,Dryophytes versicolor,-68.74482,44.093268,2023,,,,,,,
5237941185,Anaxyrus americanus,-69.635895,44.653587,2024,6.508166790008545,1025.691162109375,65.0,-14.460000038146973,1025.691162109375,65.0,-14.460000038146973
5237939804,Anaxyrus americanus,-70.193264,44.04034,2025,7.0933332443237305,979.6912231445312,80.0,-12.36400032043457,979.6912231445312,80.0,-12.36400032043457
5237923200,Anaxyrus americanus,-69.705925,44.549713,2024,6.686166763305664,1022.3525390625,65.0,-14.116000175476074,1022.3525390625,65.0,-14.116000175476074
5237895480,Anaxyrus americanus,-70.813846,43.36196,2025,7.714166641235352,948.2498168945312,87.0,-11.48799991607666,948.2498168945312,87.0,-11.48799991607666
5237893618,Anaxyrus americanus,-67.145471,44.808941,2025,,,,,,,
5237885770,Anaxyrus americanus,-68.86948,45.945933,2025,2.86299991607666,1079.739013671875,64.0,-18.31999969482422,1079.739013671875,64.0,-18.31999969482422
5237842689,Dryophytes versicolor,-70.223112,43.755525,2025,7.390000343322754,945.397705078125,81.0,-11.435999870300293,945.397705078125,81.0,-11.435999870300293
5237820185,Anaxyrus americanus,-68.413612,44.671647,2025,6.70283317565918,996.3406372070312,79.0,-13.415999412536621,996.3406372070312,79.0,-13.415999412536621
5237802906,Anaxyrus americanus,-69.996379,44.896072,2025,5.559833526611328,1044.8763427734375,66.0,-16.20800018310547,1044.8763427734375,66.0,-16.20800018310547
5237796493,Anaxyrus americanus,-70.982567,44.353262,2025,5.436166763305664,1010.6446533203125,71.0,-15.232000350952148,1010.6446533203125,71.0,-15.232000350952148
5237794895,Anaxyrus americanus,-69.733488,44.282172,2025,7.049166679382324,995.5493774414062,72.0,-12.812000274658203,995.5493774414062,72.0,-12.812000274658203
5237775669,Anaxyrus americanus,-70.992129,44.35648,2025,5.436166763305664,1010.6446533203125,71.0,-15.232000350952148,1010.6446533203125,71.0,-15.232000350952148
5237754233,Anaxyrus americanus,-70.758588,43.936325,2025,6.545333385467529,1000.5745849609375,85.0,-14.596000671386719,1000.5745849609375,85.0,-14.596000671386719
5237744782,Anaxyrus americanus,-70.72068,43.974378,2025,6.4651665687561035,1000.7784423828125,84.0,-14.5600004196167,1000.7784423828125,84.0,-14.5600004196167
5237701822,Dryophytes versicolor,-69.488053,44.084172,2025,7.413000106811523,954.996826171875,79.0,-11.239999771118164,954.996826171875,79.0,-11.239999771118164
5237567522,Anaxyrus americanus,-68.842844,46.091269,2025,2.68833327293396,1120.9989013671875,63.0,-19.444000244140625,1120.9989013671875,63.0,-19.444000244140625
5237539895,Anaxyrus americanus,-69.880508,43.923892,2025,7.6147918701171875,956.69775390625,78.0,-11.114999771118164,956.69775390625,78.0,-11.114999771118164
5237527283,Dryophytes versicolor,-70.630989,43.574348,2021,7.414000034332275,958.3726196289062,85.0,-12.395999908447266,958.3726196289062,85.0,-12.395999908447266
5237484832,Dryophytes versicolor,-68.665803,44.554683,2025,6.709333419799805,983.5159912109375,81.0,-12.928000450134277,983.5159912109375,81.0,-12.928000450134277
5237459254,Anaxyrus americanus,-70.902455,43.921214,2025,6.6533331871032715,1005.4049682617188,85.0,-14.604000091552734,1005.4049682617188,85.0,-14.604000091552734
5231920510,Anaxyrus americanus,-70.198783,45.765953,2025,2.2926666736602783,1088.0343017578125,70.0,-19.052000045776367,1088.0343017578125,70.0,-19.052000045776367
5231836936,Anaxyrus americanus,-68.680555,45.870603,2025,4.399666786193848,1091.239990234375,60.0,-17.488000869750977,1091.239990234375,60.0,-17.488000869750977
5231808001,Dryophytes versicolor,-68.781619,44.67297,2025,6.512666702270508,997.424560546875,79.0,-13.491999626159668,997.424560546875,79.0,-13.491999626159668
5231798447,Dryophytes versicolor,-68.66058,44.697566,2025,6.4651665687561035,995.5755615234375,81.0,-13.484000205993652,995.5755615234375,81.0,-13.484000205993652
5231743538,Anaxyrus americanus,-69.493608,45.456829,2025,3.9600000381469727,1079.5064697265625,64.0,-17.799999237060547,1079.5064697265625,64.0,-17.799999237060547
5231727495,Anaxyrus americanus,-70.078133,43.944675,2025,7.17983341217041,959.4861450195312,81.0,-11.763999938964844,959.4861450195312,81.0,-11.763999938964844
5231649959,Anaxyrus americanus,-70.241745,45.160882,2025,3.6005001068115234,1052.8292236328125,69.0,-17.559999465942383,1052.8292236328125,69.0,-17.559999465942383
5231573455,Anaxyrus americanus,-70.979184,44.562046,2025,3.3511667251586914,1020.5671997070312,89.0,-16.851999282836914,1020.5671997070312,89.0,-16.851999282836914
5231490728,Dryophytes versicolor,-70.869122,44.049336,2025,6.543333530426025,1010.4114379882812,82.0,-14.636000633239746,1010.4114379882812,82.0,-14.636000633239746
5231479987,Anaxyrus americanus,-70.236838,45.164453,2025,3.6005001068115234,1052.8292236328125,69.0,-17.559999465942383,1052.8292236328125,69.0,-17.559999465942383
5231394372,Anaxyrus americanus,-70.217583,45.756395,2025,2.2255001068115234,1090.791015625,70.0,-19.128000259399414,1090.791015625,70.0,-19.128000259399414
5231394325,Anaxyrus americanus,-69.018647,45.876337,2025,3.693333387374878,1090.853271484375,55.0,-18.148000717163086,1090.853271484375,55.0,-18.148000717163086
5231386286,Dryophytes versicolor,-69.622933,44.008798,2025,7.549801349639893,934.3531494140625,78.0,-10.685714721679688,934.3531494140625,78.0,-10.685714721679688
5231386102,Anaxyrus americanus,-70.794983,44.554203,2025,4.732166767120361,1023.2669067382812,69.0,-16.131999969482422,1023.2669067382812,69.0,-16.131999969482422
5231335126,Anaxyrus americanus,-68.835516,44.479231,2025,6.981249809265137,944.7589111328125,81.0,-12.03499984741211,944.7589111328125,81.0,-12.03499984741211
5231307069,Anaxyrus americanus,-69.47957,43.902703,2025,7.535745620727539,883.2525634765625,78.0,-9.421052932739258,883.2525634765625,78.0,-9.421052932739258
5231286413,Anaxyrus americanus,-68.934308,45.384801,2025,5.2789998054504395,1059.2392578125,66.0,-16.24799919128418,1059.2392578125,66.0,-16.24799919128418
5231261140,Dryophytes versicolor,-68.673127,44.673431,2025,6.56516695022583,994.3455200195312,79.0,-13.395999908447266,994.3455200195312,79.0,-13.395999908447266
5231232148,Dryophytes versicolor,-68.732608,44.709701,2025,6.654333114624023,1004.6091918945312,76.0,-13.539999961853027,1004.6091918945312,76.0,-13.539999961853027
5231196231,Dryophytes versicolor,-70.987862,44.091911,2025,6.5911664962768555,1019.6726684570312,81.0,-14.744000434875488,1019.6726684570312,81.0,-14.744000434875488
5231179253,Dryophytes versicolor,-68.059366,44.338254,2025,6.8611979484558105,866.7794799804688,75.0,-10.793749809265137,866.7794799804688,75.0,-10.793749809265137
5231169011,Anaxyrus americanus,-70.143852,44.094822,2025,7.135166645050049,1000.1526489257812,79.0,-12.684000015258789,1000.1526489257812,79.0,-12.684000015258789
5231137093,Anaxyrus americanus,-70.372814,44.162759,2025,6.4691667556762695,998.4803466796875,81.0,-13.708000183105469,998.4803466796875,81.0,-13.708000183105469
5231129344,Dryophytes versicolor,-69.964508,44.215637,2025,7.054499626159668,1004.9155883789062,74.0,-12.960000038146973,1004.9155883789062,74.0,-12.960000038146973
5231076810,Anaxyrus americanus,-68.086517,44.628883,2025,6.308833122253418,980.9580078125,79.0,-13.543999671936035,980.9580078125,79.0,-13.543999671936035
5231039160,Anaxyrus americanus,-70.799286,44.565449,2025,4.732166767120361,1023.2669067382812,69.0,-16.131999969482422,1023.2669067382812,69.0,-16.131999969482422
5231026449,Anaxyrus americanus,-70.2247,45.754783,2025,2.2255001068115234,1090.791015625,70.0,-19.128000259399414,1090.791015625,70.0,-19.128000259399414
5231015282,Anaxyrus americanus,-70.840012,43.757435,2025,6.791500091552734,993.8357543945312,86.0,-14.156000137329102,993.8357543945312,86.0,-14.156000137329102
5230987441,Anaxyrus americanus,-69.705428,45.475613,2025,3.429499864578247,1081.62158203125,65.0,-18.191999435424805,1081.62158203125,65.0,-18.191999435424805
5230985090,Anaxyrus americanus,-70.947617,44.566982,2025,3.7696666717529297,1014.6351928710938,82.0,-16.45199966430664,1014.6351928710938,82.0,-16.45199966430664
5230980359,Dryophytes versicolor,-70.456642,43.484153,2025,7.889999866485596,928.1427001953125,81.0,-10.684000015258789,928.1427001953125,81.0,-10.684000015258789
5230967939,Anaxyrus americanus,-70.490197,45.188029,2025,4.04616641998291,1071.39697265625,61.0,-17.61600112915039,1071.39697265625,61.0,-17.61600112915039
5230960415,Anaxyrus americanus,-69.505937,43.916212,2025,7.6572465896606445,871.941650390625,77.0,-9.186956405639648,871.941650390625,77.0,-9.186956405639648
5230949484,Dryophytes versicolor,-70.184443,43.783462,2024,,,,,,,
5230945048,Dryophytes versicolor,-68.726991,44.625732,2025,6.552666664123535,991.43896484375,81.0,-13.303999900817871,991.43896484375,81.0,-13.303999900817871
5230935075,Anaxyrus americanus,-70.794983,44.554203,2025,4.732166767120361,1023.2669067382812,69.0,-16.131999969482422,1023.2669067382812,69.0,-16.131999969482422
5230904056,Anaxyrus americanus,-70.372814,44.162759,2025,6.4691667556762695,998.4803466796875,81.0,-13.708000183105469,998.4803466796875,81.0,-13.708000183105469
5230819256,Dryophytes versicolor,-70.987892,44.091903,2025,6.5911664962768555,1019.6726684570312,81.0,-14.744000434875488,1019.6726684570312,81.0,-14.744000434875488
5230724479,Lithobates pipiens,-68.718729,44.906258,2025,6.447999954223633,1016.3721923828125,68.0,-13.955999374389648,1016.3721923828125,68.0,-13.955999374389648
5230697503,Dryophytes versicolor,-68.616414,44.645528,2025,6.305500030517578,992.35791015625,84.0,-13.555999755859375,992.35791015625,84.0,-13.555999755859375
5230687144,Anaxyrus americanus,-70.869629,44.529675,2025,5.073666572570801,1023.1455078125,67.0,-15.848000526428223,1023.1455078125,67.0,-15.848000526428223
5230637189,Anaxyrus americanus,-70.988428,44.092033,2025,6.5911664962768555,1019.6726684570312,81.0,-14.744000434875488,1019.6726684570312,81.0,-14.744000434875488
5230615394,Anaxyrus americanus,-69.758378,44.459628,2025,6.676000118255615,1018.5675659179688,67.0,-13.932000160217285,1018.5675659179688,67.0,-13.932000160217285
5230591361,Anaxyrus americanus,-70.311762,45.733853,2025,2.9225001335144043,1087.2301025390625,61.0,-18.57200050354004,1087.2301025390625,61.0,-18.57200050354004
5230562430,Anaxyrus americanus,-67.123244,44.819022,2025,6.300166606903076,925.7827758789062,78.0,-12.15999984741211,925.7827758789062,78.0,-12.15999984741211
5230532564,Anaxyrus americanus,-70.29203,43.887847,2025,7.0985002517700195,974.6211547851562,82.0,-12.52400016784668,974.6211547851562,82.0,-12.52400016784668
5230476696,Dryophytes versicolor,-69.489128,44.083592,2025,7.413000106811523,954.996826171875,79.0,-11.239999771118164,954.996826171875,79.0,-11.239999771118164
5230474289,Dryophytes versicolor,-68.679971,44.740901,2025,6.362666606903076,1001.3154907226562,79.0,-13.736000061035156,1001.3154907226562,79.0,-13.736000061035156
5230462619,Dryophytes versicolor,-68.587059,44.686557,2025,6.5269999504089355,997.1307373046875,82.0,-13.4399995803833,997.1307373046875,82.0,-13.4399995803833
5230461829,Anaxyrus americanus,-70.188233,44.249967,2025,6.722833156585693,1005.3626098632812,76.0,-13.447999954223633,1005.3626098632812,76.0,-13.447999954223633
5230450267,Anaxyrus americanus,-70.051658,43.935963,2025,7.17983341217041,959.4861450195312,81.0,-11.763999938964844,959.4861450195312,81.0,-11.763999938964844
5230401456,Anaxyrus americanus,-69.308404,44.396866,2025,6.6875,977.5900268554688,80.0,-12.776000022888184,977.5900268554688,80.0,-12.776000022888184
5230399169,Anaxyrus americanus,-70.292162,43.887795,2025,7.0985002517700195,974.6211547851562,82.0,-12.52400016784668,974.6211547851562,82.0,-12.52400016784668
5230357341,Anaxyrus americanus,-70.310172,45.73077,2025,2.9225001335144043,1087.2301025390625,61.0,-18.57200050354004,1087.2301025390625,61.0,-18.57200050354004
5230242998,Dryophytes versicolor,-68.764277,44.771161,2025,6.9691667556762695,1020.7234497070312,73.0,-13.532000541687012,1020.7234497070312,73.0,-13.532000541687012
5230182109,Anaxyrus americanus,-70.878914,44.531841,2025,4.6585001945495605,1018.559814453125,72.0,-16.027999877929688,1018.559814453125,72.0,-16.027999877929688
5230174612,Anaxyrus americanus,-70.177331,45.882303,2024,2.8869998455047607,1106.261962890625,56.0,-18.88399887084961,1106.261962890625,56.0,-18.88399887084961
5230152296,Anaxyrus americanus,-70.612,43.326588,2025,8.071000099182129,922.8304443359375,82.0,-10.260000228881836,922.8304443359375,82.0,-10.260000228881836
5230142018,Anaxyrus americanus,-68.596488,46.008952,2025,4.232500076293945,1101.070068359375,56.0,-18.20800018310547,1101.070068359375,56.0,-18.20800018310547
5230132864,Anaxyrus americanus,-69.692394,44.786461,2025,6.23966646194458,1042.023681640625,64.0,-15.184000015258789,1042.023681640625,64.0,-15.184000015258789
5230107234,Dryophytes versicolor,-70.259682,43.793255,2025,7.257833480834961,958.3055419921875,82.0,-11.996000289916992,958.3055419921875,82.0,-11.996000289916992
5230041369,Anaxyrus americanus,-70.996816,44.562914,2025,3.3511667251586914,1020.5671997070312,89.0,-16.851999282836914,1020.5671997070312,89.0,-16.851999282836914
5230035506,Anaxyrus americanus,-69.63928,44.553525,2025,6.94350004196167,1025.3370361328125,66.0,-13.927999496459961,1025.3370361328125,66.0,-13.927999496459961
5230024289,Anaxyrus americanus,-70.304745,43.683808,2025,7.831333160400391,959.189208984375,81.0,-11.355999946594238,959.189208984375,81.0,-11.355999946594238
5230013260,Dryophytes versicolor,-68.678254,44.786668,2025,6.63433313369751,1008.2554931640625,73.0,-13.624000549316406,1008.2554931640625,73.0,-13.624000549316406
5230004135,Anaxyrus americanus,-70.482789,44.240261,2025,6.2856669425964355,1008.6963500976562,78.0,-14.355999946594238,1008.6963500976562,78.0,-14.355999946594238
5217609775,Anaxyrus americanus,-70.974647,44.250437,2025,5.476166725158691,1000.5040893554688,80.0,-15.03600025177002,1000.5040893554688,80.0,-15.03600025177002
5217597759,Dryophytes versicolor,-68.207017,44.362819,2025,6.956127166748047,919.78564453125,75.0,-11.376470565795898,919.78564453125,75.0,-11.376470565795898
5217535380,Dryophytes versicolor,-68.601377,44.757131,2025,6.500999927520752,1007.5053100585938,76.0,-13.708000183105469,1007.5053100585938,76.0,-13.708000183105469
5217496325,Dryophytes versicolor,-68.645126,44.703386,2025,6.4651665687561035,995.5755615234375,81.0,-13.484000205993652,995.5755615234375,81.0,-13.484000205993652
5217486915,Anaxyrus americanus,-68.420991,46.131421,2025,3.6041667461395264,1119.262939453125,57.0,-19.027999877929688,1119.262939453125,57.0,-19.027999877929688
5217463855,Anaxyrus americanus,-68.314195,44.479064,2025,6.888999938964844,951.5165405273438,76.0,-12.208000183105469,951.5165405273438,76.0,-12.208000183105469
5217462066,Anaxyrus americanus,-70.826543,44.182476,2025,6.274666786193848,1005.5418090820312,79.0,-14.732000350952148,1005.5418090820312,79.0,-14.732000350952148
5217453755,Anaxyrus americanus,-70.911072,45.188533,2025,2.565166473388672,1068.611572265625,80.0,-18.488000869750977,1068.611572265625,80.0,-18.488000869750977
5217446325,Lithobates pipiens,-69.420362,44.790345,2025,6.108333587646484,1025.5303955078125,69.0,-14.824000358581543,1025.5303955078125,69.0,-14.824000358581543
5217388641,Anaxyrus americanus,-69.072678,45.9692,2025,3.123166561126709,1103.7056884765625,57.0,-18.899999618530273,1103.7056884765625,57.0,-18.899999618530273
5217343824,Dryophytes versicolor,-68.628655,44.713598,2025,6.496500015258789,1000.5967407226562,78.0,-13.564000129699707,1000.5967407226562,78.0,-13.564000129699707
5217339582,Anaxyrus americanus,-68.911422,45.91648,2025,1.7834999561309814,1074.402587890625,75.0,-19.06800079345703,1074.402587890625,75.0,-19.06800079345703
5217299910,Anaxyrus americanus,-68.887081,45.920961,2025,1.9283332824707031,1081.6168212890625,72.0,-19.04400062561035,1081.6168212890625,72.0,-19.04400062561035
5217298821,Anaxyrus americanus,-69.571002,44.89402,2024,5.794833183288574,1040.54736328125,67.0,-15.564000129699707,1040.54736328125,67.0,-15.564000129699707
5217198076,Dryophytes versicolor,-68.201723,44.212113,2025,,,,,,,
5217194513,Dryophytes versicolor,-68.742772,44.672506,2025,6.60366678237915,996.2638549804688,78.0,-13.399999618530273,996.2638549804688,78.0,-13.399999618530273
5217190010,Dryophytes versicolor,-69.229849,44.748737,2025,6.320833206176758,1014.3662109375,73.0,-14.272000312805176,1014.3662109375,73.0,-14.272000312805176
5217170237,Anaxyrus americanus,-70.824797,44.18385,2025,6.274666786193848,1005.5418090820312,79.0,-14.732000350952148,1005.5418090820312,79.0,-14.732000350952148
5217135555,Anaxyrus americanus,-68.913833,44.942991,2025,6.253499984741211,1024.2081298828125,69.0,-14.460000038146973,1024.2081298828125,69.0,-14.460000038146973
5217101117,Dryophytes versicolor,-69.923575,43.877139,2025,7.652651786804199,950.5384521484375,78.0,-10.940909385681152,950.5384521484375,78.0,-10.940909385681152
5217034422,Lithobates pipiens,-68.717987,44.772597,2025,6.7813334465026855,1015.2465209960938,73.0,-13.644000053405762,1015.2465209960938,73.0,-13.644000053405762
5217008329,Dryophytes versicolor,-69.306297,43.96986,2025,,,,,,,
5217007213,Dryophytes versicolor,-70.640331,43.753296,2025,7.005499839782715,982.6925048828125,83.0,-13.579999923706055,982.6925048828125,83.0,-13.579999923706055
5216986441,Anaxyrus americanus,-70.391878,44.109314,2025,6.769166469573975,998.0711059570312,79.0,-13.54800033569336,998.0711059570312,79.0,-13.54800033569336
5216984107,Anaxyrus americanus,-68.354942,44.302066,2025,6.921166896820068,925.7542724609375,76.0,-11.420000076293945,925.7542724609375,76.0,-11.420000076293945
5216977596,Anaxyrus americanus,-70.202942,45.012097,2025,4.5341668128967285,1049.0330810546875,65.0,-16.90799903869629,1049.0330810546875,65.0,-16.90799903869629
5216962986,Dryophytes versicolor,-68.31845,44.406433,2025,7.011833190917969,935.604248046875,75.0,-11.715999603271484,935.604248046875,75.0,-11.715999603271484
5216962214,Anaxyrus americanus,-68.489105,47.091741,2025,3.0898334980010986,1144.2310791015625,60.0,-20.5,1144.2310791015625,60.0,-20.5
5216931047,Anaxyrus americanus,-68.363917,44.298422,2025,6.921166896820068,925.7542724609375,76.0,-11.420000076293945,925.7542724609375,76.0,-11.420000076293945
5216909033,Dryophytes versicolor,-70.418625,43.764843,2025,7.198833465576172,970.1478271484375,82.0,-12.576000213623047,970.1478271484375,82.0,-12.576000213623047
5216904762,Anaxyrus americanus,-70.962555,44.244612,2025,6.218166828155518,1003.9236450195312,76.0,-14.64799976348877,1003.9236450195312,76.0,-14.64799976348877
5216895242,Anaxyrus americanus,-70.851044,43.139915,2025,,,,,,,
5216891291,Anaxyrus americanus,-70.256478,45.178387,2025,4.003166675567627,1065.3524169921875,60.0,-17.411998748779297,1065.3524169921875,60.0,-17.411998748779297
5216890650,Lithobates pipiens,-69.286553,45.261356,2025,5.322999954223633,1058.7373046875,67.0,-16.371999740600586,1058.7373046875,67.0,-16.371999740600586
5216838360,Dryophytes versicolor,-69.653717,44.55605,2025,6.94350004196167,1025.3370361328125,66.0,-13.927999496459961,1025.3370361328125,66.0,-13.927999496459961
5216836150,Dryophytes versicolor,-69.775411,44.323164,2025,7.302666664123535,1013.077880859375,71.0,-12.927999496459961,1013.077880859375,71.0,-12.927999496459961
5216776617,Anaxyrus americanus,-68.402642,44.303183,2025,7.01649284362793,903.1987915039062,76.0,-11.041666984558105,903.1987915039062,76.0,-11.041666984558105
5216771772,Anaxyrus americanus,-70.966814,44.241109,2025,6.218166828155518,1003.9236450195312,76.0,-14.64799976348877,1003.9236450195312,76.0,-14.64799976348877
5216754352,Anaxyrus americanus,-69.060416,44.331814,2025,7.104166507720947,946.0034790039062,82.0,-11.604000091552734,946.0034790039062,82.0,-11.604000091552734
5216708037,Anaxyrus americanus,-70.80034,44.125377,2025,6.347833156585693,1004.0897216796875,81.0,-14.684000015258789,1004.0897216796875,81.0,-14.684000015258789
5216669206,Anaxyrus americanus,-70.242767,45.155777,2025,3.6005001068115234,1052.8292236328125,69.0,-17.559999465942383,1052.8292236328125,69.0,-17.559999465942383
5216666753,Anaxyrus americanus,-68.519998,46.06712,2025,3.862333297729492,1102.995849609375,57.0,-18.59600067138672,1102.995849609375,57.0,-18.59600067138672
5216653241,Anaxyrus americanus,-70.367088,43.899025,2025,7.028166770935059,975.6277465820312,83.0,-12.751999855041504,975.6277465820312,83.0,-12.751999855041504
5216646730,Anaxyrus americanus,-67.432613,44.61084,2025,,,,,,,
5216643222,Dryophytes versicolor,-70.640331,43.753296,2025,7.005499839782715,982.6925048828125,83.0,-13.579999923706055,982.6925048828125,83.0,-13.579999923706055
5216637507,Anaxyrus americanus,-67.211525,44.766704,2024,6.193166732788086,953.084228515625,78.0,-12.98799991607666,953.084228515625,78.0,-12.98799991607666
5216631257,Anaxyrus americanus,-70.344286,44.650803,2025,4.7143330574035645,1028.7208251953125,76.0,-16.27199935913086,1028.7208251953125,76.0,-16.27199935913086
5216588454,Anaxyrus americanus,-68.411587,46.60437,2025,3.4743335247039795,1152.0343017578125,49.0,-20.440000534057617,1152.0343017578125,49.0,-20.440000534057617
5216518656,Anaxyrus americanus,-70.58199,43.671901,2025,7.141833305358887,971.3515625,83.0,-12.97599983215332,971.3515625,83.0,-12.97599983215332
5216513060,Anaxyrus americanus,-68.647758,47.075672,2025,2.6591665744781494,1145.8150634765625,61.0,-20.788000106811523,1145.8150634765625,61.0,-20.788000106811523
5216504979,Anaxyrus americanus,-68.582874,46.036685,2025,4.04283332824707,1101.777587890625,58.0,-18.392000198364258,1101.777587890625,58.0,-18.392000198364258
5216502089,Anaxyrus americanus,-70.8478,43.137131,2025,,,,,,,
5216474517,Lithobates pipiens,-67.903215,45.973388,2025,4.691999912261963,1082.0723876953125,62.0,-17.236000061035156,1082.0723876953125,62.0,-17.236000061035156
5216449787,Anaxyrus americanus,-68.495577,46.008703,2025,4.053666591644287,1099.9935302734375,58.0,-18.38399887084961,1099.9935302734375,58.0,-18.38399887084961
5216438074,Anaxyrus americanus,-69.573335,44.244465,2025,7.145666599273682,975.9201049804688,75.0,-12.199999809265137,975.9201049804688,75.0,-12.199999809265137
5216425302,Anaxyrus americanus,-69.074527,44.228974,2025,6.89965295791626,935.4232177734375,83.0,-11.337499618530273,935.4232177734375,83.0,-11.337499618530273
5216388965,Dryophytes versicolor,-69.837699,44.436892,2025,6.666333198547363,1014.3876342773438,69.0,-13.760000228881836,1014.3876342773438,69.0,-13.760000228881836
5216352247,Dryophytes versicolor,-70.69693,44.095814,2025,6.677666664123535,1008.8466796875,80.0,-14.491999626159668,1008.8466796875,80.0,-14.491999626159668
5216352065,Dryophytes versicolor,-69.229933,44.748735,2025,6.320833206176758,1014.3662109375,73.0,-14.272000312805176,1014.3662109375,73.0,-14.272000312805176
5216348199,Anaxyrus americanus,-70.293316,44.548263,2025,5.707833290100098,1026.54541015625,72.0,-15.343999862670898,1026.54541015625,72.0,-15.343999862670898
5216336904,Anaxyrus americanus,-70.848789,43.136923,2025,,,,,,,
5216286742,Anaxyrus americanus,-68.43857,46.173492,2025,3.4863333702087402,1122.19677734375,57.0,-19.20800018310547,1122.19677734375,57.0,-19.20800018310547
5216261277,Lithobates pipiens,-69.273963,44.247939,2025,7.163333415985107,959.0667114257812,81.0,-11.680000305175781,959.0667114257812,81.0,-11.680000305175781
5216233294,Anaxyrus americanus,-70.795928,44.124032,2025,6.397500038146973,1004.8470458984375,83.0,-14.664000511169434,1004.8470458984375,83.0,-14.664000511169434
5216222474,Anaxyrus americanus,-70.704078,43.961503,2024,6.5901665687561035,998.140380859375,83.0,-14.371999740600586,998.140380859375,83.0,-14.371999740600586
5216191030,Dryophytes versicolor,-69.229832,44.74868,2025,6.320833206176758,1014.3662109375,73.0,-14.272000312805176,1014.3662109375,73.0,-14.272000312805176
5216185938,Anaxyrus americanus,-69.14196,44.60136,2025,6.293833255767822,992.1790161132812,79.0,-13.664000511169434,992.1790161132812,79.0,-13.664000511169434
5216168569,Anaxyrus americanus,-70.871253,44.530469,2025,5.073666572570801,1023.1455078125,67.0,-15.848000526428223,1023.1455078125,67.0,-15.848000526428223
5216140964,Lithobates pipiens,-68.711742,45.153485,2025,5.920333385467529,1036.9659423828125,68.0,-15.112000465393066,1036.9659423828125,68.0,-15.112000465393066
5216131083,Anaxyrus americanus,-70.869222,44.04932,2025,6.543333530426025,1010.4114379882812,82.0,-14.636000633239746,1010.4114379882812,82.0,-14.636000633239746
5216120048,Dryophytes versicolor,-68.62422,44.682966,2025,6.5269999504089355,997.1307373046875,82.0,-13.4399995803833,997.1307373046875,82.0,-13.4399995803833
5216111072,Dryophytes versicolor,-68.304903,44.267806,2025,,,,,,,
5216101220,Anaxyrus americanus,-70.156705,44.668134,2025,5.76633358001709,1037.781982421875,73.0,-15.859999656677246,1037.781982421875,73.0,-15.859999656677246
5216060209,Anaxyrus americanus,-68.371788,44.277637,2025,7.109375,906.3528442382812,75.0,-10.866666793823242,906.3528442382812,75.0,-10.866666793823242
5215950814,Anaxyrus americanus,-70.303429,44.770523,2025,4.959833145141602,1043.1600341796875,69.0,-16.40799903869629,1043.1600341796875,69.0,-16.40799903869629
5215949314,Anaxyrus americanus,-70.624768,43.878469,2025,7.1623334884643555,958.4794311523438,83.0,-12.604000091552734,958.4794311523438,83.0,-12.604000091552734
5215935020,Anaxyrus americanus,-69.780272,43.8367,2025,,,,,,,
5215865020,Anaxyrus americanus,-68.366705,44.295037,2025,6.921166896820068,925.7542724609375,76.0,-11.420000076293945,925.7542724609375,76.0,-11.420000076293945
5215837118,Anaxyrus americanus,-69.54598,45.755265,2025,3.5383334159851074,1105.9364013671875,57.0,-18.583999633789062,1105.9364013671875,57.0,-18.583999633789062
5215810711,Anaxyrus americanus,-68.358151,44.322087,2025,6.921166896820068,925.7542724609375,76.0,-11.420000076293945,925.7542724609375,76.0,-11.420000076293945
5215793623,Anaxyrus americanus,-68.887092,45.920995,2025,1.9283332824707031,1081.6168212890625,72.0,-19.04400062561035,1081.6168212890625,72.0,-19.04400062561035
5215771089,Dryophytes versicolor,-69.532791,45.758343,2025,3.193166732788086,1101.1087646484375,62.0,-18.756000518798828,1101.1087646484375,62.0,-18.756000518798828
5215761148,Anaxyrus americanus,-70.880722,43.531412,2025,7.148333549499512,975.4763793945312,87.0,-12.944000244140625,975.4763793945312,87.0,-12.944000244140625
5215724951,Anaxyrus americanus,-68.909977,45.916414,2025,1.7834999561309814,1074.402587890625,75.0,-19.06800079345703,1074.402587890625,75.0,-19.06800079345703
5215712520,Anaxyrus americanus,-70.878088,43.264836,2024,,,,,,,
5215701133,Anaxyrus americanus,-69.035613,44.333112,2025,7.0291666984558105,938.0237426757812,82.0,-11.472000122070312,938.0237426757812,82.0,-11.472000122070312
5206655639,Anaxyrus americanus,-70.832873,43.240503,2025,8.292166709899902,947.2133178710938,81.0,-10.619999885559082,947.2133178710938,81.0,-10.619999885559082
5206625737,Lithobates pipiens,-69.271778,45.08562,2025,5.3383331298828125,1047.144287109375,72.0,-16.083999633789062,1047.144287109375,72.0,-16.083999633789062
5206616851,Anaxyrus americanus,-70.377158,45.730367,2025,2.563833236694336,1087.25048828125,68.0,-18.739999771118164,1087.25048828125,68.0,-18.739999771118164
5206610830,Anaxyrus americanus,-70.37255,45.73182,2025,3.0158333778381348,1087.7755126953125,60.0,-18.483999252319336,1087.7755126953125,60.0,-18.483999252319336
5206583785,Anaxyrus americanus,-70.539964,45.128304,2025,3.8893332481384277,1063.5196533203125,64.0,-17.691999435424805,1063.5196533203125,64.0,-17.691999435424805
5206581607,Anaxyrus americanus,-70.72069,43.557433,2025,7.306333065032959,962.368896484375,85.0,-12.644000053405762,962.368896484375,85.0,-12.644000053405762
5206560400,Anaxyrus americanus,-70.078234,43.944668,2025,7.17983341217041,959.4861450195312,81.0,-11.763999938964844,959.4861450195312,81.0,-11.763999938964844
5206559967,Anaxyrus americanus,-69.419011,43.958299,2025,7.5550923347473145,898.7481689453125,77.0,-9.655555725097656,898.7481689453125,77.0,-9.655555725097656
5206548640,Anaxyrus americanus,-70.462055,45.189179,2024,4.04616641998291,1071.39697265625,61.0,-17.61600112915039,1071.39697265625,61.0,-17.61600112915039
5206463728,Dryophytes versicolor,-68.670762,44.882096,2025,6.562333106994629,1017.734375,68.0,-13.807999610900879,1017.734375,68.0,-13.807999610900879
5206462732,Anaxyrus americanus,-69.745982,44.780362,2025,6.184333324432373,1042.116943359375,65.0,-15.2839994430542,1042.116943359375,65.0,-15.2839994430542
5206439881,Dryophytes versicolor,-70.918264,43.113318,2025,,,,,,,
5206386079,Anaxyrus americanus,-69.781167,43.840163,2025,,,,,,,
5206372982,Anaxyrus americanus,-69.532325,44.808267,2025,6.077666759490967,1031.4715576171875,67.0,-15.032000541687012,1031.4715576171875,67.0,-15.032000541687012
5206323740,Lithobates pipiens,-68.724316,44.893037,2025,6.447999954223633,1016.3721923828125,68.0,-13.955999374389648,1016.3721923828125,68.0,-13.955999374389648
5206292760,Anaxyrus americanus,-68.406113,44.263672,2025,7.122499942779541,887.8829956054688,75.0,-10.600000381469727,887.8829956054688,75.0,-10.600000381469727
5206287882,Anaxyrus americanus,-69.02614,45.930112,2025,2.3434998989105225,1091.3916015625,69.0,-19.200000762939453,1091.3916015625,69.0,-19.200000762939453
5206285057,Anaxyrus americanus,-68.919113,45.915928,2025,1.3846666812896729,1074.52685546875,82.0,-19.531999588012695,1074.52685546875,82.0,-19.531999588012695
5206283711,Dryophytes versicolor,-70.81475,43.507667,2025,7.070499897003174,963.9683227539062,87.0,-12.720000267028809,963.9683227539062,87.0,-12.720000267028809
5206253189,Anaxyrus americanus,-68.876682,44.63528,2025,6.671333312988281,991.13623046875,78.0,-13.288000106811523,991.13623046875,78.0,-13.288000106811523
5206209935,Anaxyrus americanus,-70.758505,43.245997,2025,8.242166519165039,937.81640625,82.0,-10.404000282287598,937.81640625,82.0,-10.404000282287598
5206194722,Dryophytes versicolor,-70.703147,44.055228,2025,6.709499835968018,1007.33544921875,80.0,-14.435999870300293,1007.33544921875,80.0,-14.435999870300293
5206177040,Anaxyrus americanus,-69.373604,44.434643,2025,6.558000087738037,981.718994140625,77.0,-13.0600004196167,981.718994140625,77.0,-13.0600004196167
5206172844,Anaxyrus americanus,-68.909647,45.916204,2025,1.7834999561309814,1074.402587890625,75.0,-19.06800079345703,1074.402587890625,75.0,-19.06800079345703
5206131592,Dryophytes versicolor,-68.346132,46.16192,2025,3.8459999561309814,1112.150146484375,56.0,-18.780000686645508,1112.150146484375,56.0,-18.780000686645508
5206099604,Anaxyrus americanus,-70.466012,45.187572,2025,4.04616641998291,1071.39697265625,61.0,-17.61600112915039,1071.39697265625,61.0,-17.61600112915039
5206093326,Anaxyrus americanus,-70.825627,44.181851,2025,6.274666786193848,1005.5418090820312,79.0,-14.732000350952148,1005.5418090820312,79.0,-14.732000350952148
5206075036,Dryophytes versicolor,-70.648828,44.289682,2025,6.017333507537842,1005.428955078125,77.0,-14.751999855041504,1005.428955078125,77.0,-14.751999855041504
5206032753,Anaxyrus americanus,-69.735512,44.685574,2025,6.234833240509033,1028.6566162109375,66.0,-14.887999534606934,1028.6566162109375,66.0,-14.887999534606934
5206016746,Anaxyrus americanus,-68.38662,44.764088,2025,6.460666656494141,996.6609497070312,81.0,-13.687999725341797,996.6609497070312,81.0,-13.687999725341797
5206003888,Anaxyrus americanus,-69.427683,44.971422,2025,5.484833240509033,1043.416015625,70.0,-15.871999740600586,1043.416015625,70.0,-15.871999740600586
5205983711,Dryophytes versicolor,-67.708786,44.519962,2025,6.5802083015441895,868.2957763671875,77.0,-11.481249809265137,868.2957763671875,77.0,-11.481249809265137
5205958966,Anaxyrus americanus,-68.995492,44.338678,2025,6.944999694824219,942.6117553710938,83.0,-11.652000427246094,942.6117553710938,83.0,-11.652000427246094
5205954377,Anaxyrus americanus,-70.521238,43.565117,2025,7.5329999923706055,950.1115112304688,82.0,-11.86400032043457,950.1115112304688,82.0,-11.86400032043457
5205919881,Anaxyrus americanus,-70.852053,43.623187,2025,7.0368332862854,976.4541625976562,87.0,-13.272000312805176,976.4541625976562,87.0,-13.272000312805176
5205915888,Anaxyrus americanus,-68.909779,45.922097,2025,1.9283332824707031,1081.6168212890625,72.0,-19.04400062561035,1081.6168212890625,72.0,-19.04400062561035
5205863268,Anaxyrus americanus,-70.814368,43.362186,2025,7.714166641235352,948.2498168945312,87.0,-11.48799991607666,948.2498168945312,87.0,-11.48799991607666
5205833747,Anaxyrus americanus,-69.735374,44.685574,2025,6.234833240509033,1028.6566162109375,66.0,-14.887999534606934,1028.6566162109375,66.0,-14.887999534606934
5205818588,Anaxyrus americanus,-67.136199,44.726233,2025,6.146833419799805,933.43359375,77.0,-12.472000122070312,933.43359375,77.0,-12.472000122070312
5199219646,Dryophytes versicolor,-70.236662,43.70837,2025,7.533522605895996,934.5509643554688,80.0,-11.022727012634277,934.5509643554688,80.0,-11.022727012634277
5199204677,Lithobates pipiens,-68.543512,44.954503,2025,6.275833606719971,1018.7763671875,70.0,-14.248000144958496,1018.7763671875,70.0,-14.248000144958496
5199202572,Dryophytes versicolor,-68.682244,44.735627,2025,6.362666606903076,1001.3154907226562,79.0,-13.736000061035156,1001.3154907226562,79.0,-13.736000061035156
5199170151,Anaxyrus americanus,-70.915314,44.176517,2025,6.575833320617676,1012.11328125,77.0,-14.555999755859375,1012.11328125,77.0,-14.555999755859375
5199124544,Anaxyrus americanus,-70.582055,43.671891,2025,7.141833305358887,971.3515625,83.0,-12.97599983215332,971.3515625,83.0,-12.97599983215332
5199115571,Dryophytes versicolor,-69.753569,44.896327,2014,5.599999904632568,1043.3126220703125,66.0,-15.967999458312988,1043.3126220703125,66.0,-15.967999458312988
5199028499,Lithobates pipiens,-68.531412,45.018181,2025,6.12333345413208,1026.37744140625,71.0,-14.668000221252441,1026.37744140625,71.0,-14.668000221252441
5199018972,Anaxyrus americanus,-68.879853,44.451255,2025,,,,,,,
5198963722,Dryophytes versicolor,-68.761082,44.795323,2025,7.00333309173584,1028.0465087890625,72.0,-13.616000175476074,1028.0465087890625,72.0,-13.616000175476074
5198813941,Dryophytes versicolor,-69.661163,43.872845,2025,7.671229839324951,873.7918701171875,77.0,-9.295238494873047,873.7918701171875,77.0,-9.295238494873047
5198735639,Anaxyrus americanus,-70.36985,44.258278,2025,6.500833511352539,1009.2700805664062,75.0,-14.088000297546387,1009.2700805664062,75.0,-14.088000297546387
5198653852,Dryophytes versicolor,-68.300911,44.403209,2025,7.011833190917969,935.604248046875,75.0,-11.715999603271484,935.604248046875,75.0,-11.715999603271484
5198633509,Dryophytes versicolor,-69.483772,44.606254,2011,6.684333324432373,1012.0117797851562,68.0,-13.895999908447266,1012.0117797851562,68.0,-13.895999908447266
5198609849,Anaxyrus americanus,-70.380562,45.731363,2025,2.563833236694336,1087.25048828125,68.0,-18.739999771118164,1087.25048828125,68.0,-18.739999771118164
5198606922,Dryophytes versicolor,-69.038371,46.168292,2025,3.682666540145874,1109.2041015625,51.0,-18.988000869750977,1109.2041015625,51.0,-18.988000869750977
5198599754,Anaxyrus americanus,-70.8254,44.178253,2025,6.274666786193848,1005.5418090820312,79.0,-14.732000350952148,1005.5418090820312,79.0,-14.732000350952148
5198514026,Anaxyrus americanus,-69.498747,44.387345,2025,6.719666481018066,986.6702270507812,74.0,-12.996000289916992,986.6702270507812,74.0,-12.996000289916992
5198512762,Anaxyrus americanus,-70.825553,44.1783,2025,6.274666786193848,1005.5418090820312,79.0,-14.732000350952148,1005.5418090820312,79.0,-14.732000350952148
5198492429,Dryophytes versicolor,-68.722751,44.789999,2025,6.7813334465026855,1015.2465209960938,73.0,-13.644000053405762,1015.2465209960938,73.0,-13.644000053405762
5198455178,Lithobates pipiens,-69.127434,45.287533,2025,5.301166534423828,1056.2548828125,69.0,-16.27199935913086,1056.2548828125,69.0,-16.27199935913086
5198421200,Dryophytes versicolor,-70.540009,44.212956,2025,6.489333629608154,1014.1370239257812,76.0,-14.387999534606934,1014.1370239257812,76.0,-14.387999534606934
5198419650,Anaxyrus americanus,-69.901445,43.874722,2025,,,,,,,
5198366984,Anaxyrus americanus,-67.461376,44.715073,2025,6.238500118255615,957.5205688476562,78.0,-13.300000190734863,957.5205688476562,78.0,-13.300000190734863
5198364606,Anaxyrus americanus,-69.641434,44.741817,2025,6.332833290100098,1034.3677978515625,65.0,-14.944000244140625,1034.3677978515625,65.0,-14.944000244140625
5198297547,Anaxyrus americanus,-69.657953,43.889353,2025,7.634166717529297,895.5366821289062,77.0,-9.765000343322754,895.5366821289062,77.0,-9.765000343322754
5188458714,Dryophytes versicolor,-69.925933,43.878913,2025,7.652651786804199,950.5384521484375,78.0,-10.940909385681152,950.5384521484375,78.0,-10.940909385681152
5188415358,Dryophytes versicolor,-70.237354,43.717267,2025,7.533522605895996,934.5509643554688,80.0,-11.022727012634277,934.5509643554688,80.0,-11.022727012634277
5188406282,Dryophytes versicolor,-68.294267,44.414347,2025,7.011833190917969,935.604248046875,75.0,-11.715999603271484,935.604248046875,75.0,-11.715999603271484
5188316440,Anaxyrus americanus,-68.397208,44.283275,2025,7.122499942779541,887.8829956054688,75.0,-10.600000381469727,887.8829956054688,75.0,-10.600000381469727
5188271701,Dryophytes versicolor,-68.904122,44.812769,2025,6.488666534423828,1016.676513671875,72.0,-14.027999877929688,1016.676513671875,72.0,-14.027999877929688
5188269835,Dryophytes versicolor,-69.656712,44.043976,2025,7.3448333740234375,950.9174194335938,79.0,-11.276000022888184,950.9174194335938,79.0,-11.276000022888184
5188230986,Anaxyrus americanus,-70.682554,43.275853,2025,8.07349967956543,927.5001220703125,84.0,-10.404000282287598,927.5001220703125,84.0,-10.404000282287598
5188222636,Anaxyrus americanus,-68.400362,44.302128,2025,7.01649284362793,903.1987915039062,76.0,-11.041666984558105,903.1987915039062,76.0,-11.041666984558105
5188216098,Dryophytes versicolor,-68.931705,44.919503,2025,6.230833053588867,1027.0938720703125,69.0,-14.564000129699707,1027.0938720703125,69.0,-14.564000129699707
5188166428,Anaxyrus americanus,-70.133078,44.40074,2025,6.486833095550537,1016.959228515625,72.0,-14.140000343322754,1016.959228515625,72.0,-14.140000343322754
5188161683,Anaxyrus americanus,-68.48552,46.111696,2025,3.3259999752044678,1112.5517578125,60.0,-19.059999465942383,1112.5517578125,60.0,-19.059999465942383
5188136392,Dryophytes versicolor,-69.416641,43.977828,2025,,,,,,,
5188121693,Anaxyrus americanus,-70.843807,44.975794,2025,3.5934998989105225,1065.8245849609375,63.0,-17.97599983215332,1065.8245849609375,63.0,-17.97599983215332
5188106976,Dryophytes versicolor,-68.573112,44.437474,2025,6.809999942779541,957.6420288085938,78.0,-12.220000267028809,957.6420288085938,78.0,-12.220000267028809
5188093709,Anaxyrus americanus,-67.89811,45.973246,2025,4.691999912261963,1082.0723876953125,62.0,-17.236000061035156,1082.0723876953125,62.0,-17.236000061035156
5188072164,Dryophytes versicolor,-70.648982,44.28898,2025,6.017333507537842,1005.428955078125,77.0,-14.751999855041504,1005.428955078125,77.0,-14.751999855041504
5188056429,Anaxyrus americanus,-70.728122,43.486701,2025,7.647333145141602,961.1978149414062,84.0,-12.03600025177002,961.1978149414062,84.0,-12.03600025177002
5188052926,Anaxyrus americanus,-68.492227,46.078154,2025,3.9056665897369385,1099.3494873046875,57.0,-18.56800079345703,1099.3494873046875,57.0,-18.56800079345703
5188047104,Anaxyrus americanus,-67.40103,44.785237,2025,6.284333229064941,960.6953735351562,78.0,-13.312000274658203,960.6953735351562,78.0,-13.312000274658203
5188040874,Anaxyrus americanus,-70.585083,43.913033,2025,7.1623334884643555,958.4794311523438,83.0,-12.604000091552734,958.4794311523438,83.0,-12.604000091552734
5188016389,Dryophytes versicolor,-69.852133,43.940372,2025,7.644886493682861,949.91552734375,78.0,-10.895454406738281,949.91552734375,78.0,-10.895454406738281
5188004739,Dryophytes versicolor,-68.780198,44.626772,2025,6.589333534240723,991.220703125,80.0,-13.263999938964844,991.220703125,80.0,-13.263999938964844
5187969491,Anaxyrus americanus,-69.550597,45.57417,2025,3.9783334732055664,1083.577392578125,59.0,-17.895999908447266,1083.577392578125,59.0,-17.895999908447266
5187963108,Anaxyrus americanus,-69.772255,43.857575,2025,,,,,,,
5187959464,Anaxyrus americanus,-70.604207,43.452426,2025,7.81083345413208,945.3026123046875,83.0,-11.371999740600586,945.3026123046875,83.0,-11.371999740600586
5187952824,Anaxyrus americanus,-69.01382,45.955209,2025,2.3434998989105225,1091.3916015625,69.0,-19.200000762939453,1091.3916015625,69.0,-19.200000762939453
5187945457,Dryophytes versicolor,-70.869212,44.049292,2025,6.543333530426025,1010.4114379882812,82.0,-14.636000633239746,1010.4114379882812,82.0,-14.636000633239746
5187939988,Dryophytes versicolor,-68.084643,44.342427,2025,,,,,,,
5187924662,Dryophytes versicolor,-69.390819,44.276959,2025,6.909666538238525,966.7813720703125,79.0,-12.175999641418457,966.7813720703125,79.0,-12.175999641418457
5187902093,Anaxyrus americanus,-68.948123,46.142322,2025,3.7274999618530273,1107.4044189453125,52.0,-18.8439998626709,1107.4044189453125,52.0,-18.8439998626709
5187901849,Anaxyrus americanus,-67.589854,44.483771,2025,,,,,,,
5187885898,Dryophytes versicolor,-68.280533,44.954117,2025,5.964166641235352,1016.5315551757812,83.0,-14.640000343322754,1016.5315551757812,83.0,-14.640000343322754
5187872789,Anaxyrus americanus,-68.362938,44.277467,2025,7.109375,906.3528442382812,75.0,-10.866666793823242,906.3528442382812,75.0,-10.866666793823242
5187844314,Dryophytes versicolor,-70.111904,44.122315,2025,7.0894999504089355,997.0051879882812,78.0,-12.644000053405762,997.0051879882812,78.0,-12.644000053405762
5187830667,Dryophytes versicolor,-68.802241,44.566114,2025,6.883833408355713,964.126953125,81.0,-12.472000122070312,964.126953125,81.0,-12.472000122070312
5187830620,Anaxyrus americanus,-68.909329,45.918407,2025,1.9283332824707031,1081.6168212890625,72.0,-19.04400062561035,1081.6168212890625,72.0,-19.04400062561035
5187812879,Anaxyrus americanus,-70.769074,43.459973,2025,7.5376667976379395,963.3530883789062,85.0,-12.175999641418457,963.3530883789062,85.0,-12.175999641418457
5187809031,Anaxyrus americanus,-70.358048,43.568543,2025,7.8378472328186035,933.6320190429688,79.0,-10.8125,933.6320190429688,79.0,-10.8125
5187783894,Anaxyrus americanus,-69.017419,44.324265,2025,7.0291666984558105,938.0237426757812,82.0,-11.472000122070312,938.0237426757812,82.0,-11.472000122070312
5187776932,Dryophytes versicolor,-68.600205,44.405092,2025,6.983333110809326,952.0177612304688,78.0,-11.847999572753906,952.0177612304688,78.0,-11.847999572753906
5187747260,Anaxyrus americanus,-68.995683,46.161101,2025,3.6019999980926514,1109.27490234375,52.0,-18.95599937438965,1109.27490234375,52.0,-18.95599937438965
5187728753,Dryophytes versicolor,-68.280542,44.954095,2025,5.964166641235352,1016.5315551757812,83.0,-14.640000343322754,1016.5315551757812,83.0,-14.640000343322754
5187725477,Dryophytes versicolor,-69.595166,43.991822,2025,7.512666702270508,921.2686157226562,78.0,-10.407999992370605,921.2686157226562,78.0,-10.407999992370605
5187722070,Dryophytes versicolor,-70.878028,43.084828,2025,,,,,,,
5187719911,Anaxyrus americanus,-68.78972,45.914292,2025,4.010666847229004,1091.8072509765625,60.0,-17.788000106811523,1091.8072509765625,60.0,-17.788000106811523
5187673120,Anaxyrus americanus,-70.005525,44.36615,2025,6.632166862487793,1014.8817749023438,73.0,-13.779999732971191,1014.8817749023438,73.0,-13.779999732971191
5187640454,Dryophytes versicolor,-69.43182,44.123684,2025,7.343999862670898,953.3834228515625,79.0,-11.204000473022461,953.3834228515625,79.0,-11.204000473022461
5187627981,Dryophytes versicolor,-70.270109,44.06658,2025,7.060500144958496,993.5248413085938,79.0,-12.803999900817871,993.5248413085938,79.0,-12.803999900817871
5187623241,Anaxyrus americanus,-70.793672,43.688383,2025,6.944333553314209,982.7440185546875,85.0,-13.711999893188477,982.7440185546875,85.0,-13.711999893188477
5187610129,Dryophytes versicolor,-68.723449,44.682158,2025,6.60366678237915,996.2638549804688,78.0,-13.399999618530273,996.2638549804688,78.0,-13.399999618530273
5187588823,Dryophytes versicolor,-70.288995,43.733105,2025,7.567666530609131,948.2005004882812,81.0,-11.359999656677246,948.2005004882812,81.0,-11.359999656677246
5187585911,Anaxyrus americanus,-68.364472,44.277672,2025,7.109375,906.3528442382812,75.0,-10.866666793823242,906.3528442382812,75.0,-10.866666793823242
5187544886,Dryophytes versicolor,-67.20247,45.010006,2025,6.097167015075684,979.5553588867188,80.0,-13.616000175476074,979.5553588867188,80.0,-13.616000175476074
5187543060,Dryophytes versicolor,-68.294167,44.414242,2025,7.011833190917969,935.604248046875,75.0,-11.715999603271484,935.604248046875,75.0,-11.715999603271484
5187540847,Dryophytes versicolor,-69.594286,45.419806,2025,3.9206666946411133,1083.189453125,63.0,-17.911998748779297,1083.189453125,63.0,-17.911998748779297
5177358409,Anaxyrus americanus,-70.137955,44.673758,2025,5.76633358001709,1037.781982421875,73.0,-15.859999656677246,1037.781982421875,73.0,-15.859999656677246
5177355198,Anaxyrus americanus,-69.034333,44.513692,2025,6.715333461761475,972.5800170898438,82.0,-12.779999732971191,972.5800170898438,82.0,-12.779999732971191
5177324445,Anaxyrus americanus,-68.35215,44.282608,2025,7.109375,906.3528442382812,75.0,-10.866666793823242,906.3528442382812,75.0,-10.866666793823242
5177288625,Anaxyrus americanus,-70.813817,44.420533,2025,5.888333320617676,1025.17626953125,65.0,-15.263999938964844,1025.17626953125,65.0,-15.263999938964844
5177281399,Lithobates pipiens,-68.725312,44.899503,2024,6.447999954223633,1016.3721923828125,68.0,-13.955999374389648,1016.3721923828125,68.0,-13.955999374389648
5177248400,Dryophytes versicolor,-70.478553,43.543783,2025,7.53849983215332,945.0792846679688,82.0,-11.65999984741211,945.0792846679688,82.0,-11.65999984741211
5177242827,Dryophytes versicolor,-70.391331,43.454831,2025,7.86566686630249,900.4729614257812,80.0,-10.079999923706055,900.4729614257812,80.0,-10.079999923706055
5177197794,Dryophytes versicolor,-68.222197,44.4446,2025,,,,,,,
5177177665,Anaxyrus americanus,-70.304628,44.770726,2025,4.959833145141602,1043.1600341796875,69.0,-16.40799903869629,1043.1600341796875,69.0,-16.40799903869629
5177140995,Dryophytes versicolor,-68.381,44.546655,2025,6.762499809265137,981.9171752929688,78.0,-12.956000328063965,981.9171752929688,78.0,-12.956000328063965
5177126555,Dryophytes versicolor,-70.134255,44.674867,2025,5.76633358001709,1037.781982421875,73.0,-15.859999656677246,1037.781982421875,73.0,-15.859999656677246
5177120148,Anaxyrus americanus,-69.81493,43.76712,2025,7.678030014038086,888.3682861328125,77.0,-9.486363410949707,888.3682861328125,77.0,-9.486363410949707
5177053927,Dryophytes versicolor,-68.320205,44.489851,2025,6.888999938964844,951.5165405273438,76.0,-12.208000183105469,951.5165405273438,76.0,-12.208000183105469
5176952703,Anaxyrus americanus,-70.623425,43.40561,2025,7.929999828338623,939.15185546875,83.0,-11.015999794006348,939.15185546875,83.0,-11.015999794006348
5176925160,Dryophytes versicolor,-68.392822,44.516797,2025,6.832833290100098,966.325927734375,77.0,-12.567999839782715,966.325927734375,77.0,-12.567999839782715
5176876051,Anaxyrus americanus,-69.045294,44.608533,2025,6.49066686630249,986.267578125,79.0,-13.383999824523926,986.267578125,79.0,-13.383999824523926
5176869611,Dryophytes versicolor,-68.27753,44.4202,2025,7.051602363586426,940.7837524414062,75.0,-11.769230842590332,940.7837524414062,75.0,-11.769230842590332
5176862137,Anaxyrus americanus,-68.373445,44.277825,2025,7.109375,906.3528442382812,75.0,-10.866666793823242,906.3528442382812,75.0,-10.866666793823242
5176764070,Anaxyrus americanus,-70.453087,44.533672,2025,5.983833312988281,1028.2120361328125,68.0,-14.984000205993652,1028.2120361328125,68.0,-14.984000205993652
5176746548,Lithobates pipiens,-68.722045,44.903452,2022,6.447999954223633,1016.3721923828125,68.0,-13.955999374389648,1016.3721923828125,68.0,-13.955999374389648
5176714490,Dryophytes versicolor,-68.626229,44.60436,2025,6.58050012588501,989.641357421875,82.0,-13.187999725341797,989.641357421875,82.0,-13.187999725341797
5176693289,Dryophytes versicolor,-68.309488,44.403627,2025,7.011833190917969,935.604248046875,75.0,-11.715999603271484,935.604248046875,75.0,-11.715999603271484
5176687198,Dryophytes versicolor,-69.113947,44.094793,2025,7.386029243469238,915.9136962890625,79.0,-10.323529243469238,915.9136962890625,79.0,-10.323529243469238
5176683378,Dryophytes versicolor,-68.273555,44.588225,2025,6.628499984741211,976.6722412109375,78.0,-13.144000053405762,976.6722412109375,78.0,-13.144000053405762
5176654249,Anaxyrus americanus,-70.538567,43.720142,2025,7.113833427429199,970.32763671875,83.0,-12.871999740600586,970.32763671875,83.0,-12.871999740600586
5176638405,Anaxyrus americanus,-69.12738,45.28751,2025,5.301166534423828,1056.2548828125,69.0,-16.27199935913086,1056.2548828125,69.0,-16.27199935913086
5176609816,Dryophytes versicolor,-70.353022,43.596505,2025,7.789999961853027,946.3635864257812,80.0,-11.175999641418457,946.3635864257812,80.0,-11.175999641418457
5176562526,Dryophytes versicolor,-69.991104,44.417075,2025,6.501166820526123,1018.360595703125,72.0,-14.180000305175781,1018.360595703125,72.0,-14.180000305175781
5176520010,Anaxyrus americanus,-70.502576,43.768491,2025,7.12833309173584,962.2102661132812,83.0,-12.668000221252441,962.2102661132812,83.0,-12.668000221252441
5176498691,Anaxyrus americanus,-70.673295,44.32085,2025,5.6601667404174805,1009.9796752929688,77.0,-15.079999923706055,1009.9796752929688,77.0,-15.079999923706055
5176493587,Dryophytes versicolor,-69.526002,44.007802,2025,7.539015293121338,931.5986938476562,79.0,-10.554545402526855,931.5986938476562,79.0,-10.554545402526855
5176467482,Dryophytes versicolor,-68.335382,44.52374,2025,6.8438334465026855,972.4920043945312,77.0,-12.687999725341797,972.4920043945312,77.0,-12.687999725341797
5176442880,Anaxyrus americanus,-68.217575,46.583553,2025,3.5821666717529297,1131.619873046875,48.0,-19.59200096130371,1131.619873046875,48.0,-19.59200096130371
5176420501,Anaxyrus americanus,-70.387498,44.373233,2025,6.161999702453613,1011.9039306640625,75.0,-14.491999626159668,1011.9039306640625,75.0,-14.491999626159668
5176402039,Anaxyrus americanus,-69.086761,44.236053,2025,7.1670002937316895,940.2926635742188,81.0,-11.227999687194824,940.2926635742188,81.0,-11.227999687194824
5176385194,Dryophytes versicolor,-68.294517,44.414038,2025,7.011833190917969,935.604248046875,75.0,-11.715999603271484,935.604248046875,75.0,-11.715999603271484
5176385040,Dryophytes versicolor,-69.074423,44.594573,2025,6.49066686630249,986.267578125,79.0,-13.383999824523926,986.267578125,79.0,-13.383999824523926
5176372809,Lithobates pipiens,-68.222733,46.635387,2025,3.5191667079925537,1130.8114013671875,48.0,-19.56800079345703,1130.8114013671875,48.0,-19.56800079345703
5168528822,Lithobates pipiens,-69.105049,45.239802,2025,5.378000259399414,1053.853759765625,70.0,-16.11199951171875,1053.853759765625,70.0,-16.11199951171875
5168488453,Anaxyrus americanus,-69.028983,45.880317,2025,3.693333387374878,1090.853271484375,55.0,-18.148000717163086,1090.853271484375,55.0,-18.148000717163086
5168411100,Dryophytes versicolor,-68.32688,44.397987,2025,7.011833190917969,935.604248046875,75.0,-11.715999603271484,935.604248046875,75.0,-11.715999603271484
5168392609,Anaxyrus americanus,-68.406067,44.263612,2025,7.122499942779541,887.8829956054688,75.0,-10.600000381469727,887.8829956054688,75.0,-10.600000381469727
5168345862,Anaxyrus americanus,-68.631906,44.568282,2025,6.709333419799805,983.5159912109375,81.0,-12.928000450134277,983.5159912109375,81.0,-12.928000450134277
5168130564,Dryophytes versicolor,-69.661075,43.872689,2025,7.671229839324951,873.7918701171875,77.0,-9.295238494873047,873.7918701171875,77.0,-9.295238494873047
5168124050,Dryophytes versicolor,-70.609062,43.510088,2025,7.540333271026611,952.433349609375,84.0,-11.984000205993652,952.433349609375,84.0,-11.984000205993652
5168102874,Dryophytes versicolor,-70.137367,44.674167,2025,5.76633358001709,1037.781982421875,73.0,-15.859999656677246,1037.781982421875,73.0,-15.859999656677246
5168049555,Dryophytes versicolor,-68.476528,46.007513,2025,4.053666591644287,1099.9935302734375,58.0,-18.38399887084961,1099.9935302734375,58.0,-18.38399887084961
5167997412,Dryophytes versicolor,-68.299737,44.413222,2025,7.011833190917969,935.604248046875,75.0,-11.715999603271484,935.604248046875,75.0,-11.715999603271484
5167994381,Dryophytes versicolor,-70.709694,43.083362,2025,,,,,,,
5167962915,Anaxyrus americanus,-70.648616,44.288776,2025,6.017333507537842,1005.428955078125,77.0,-14.751999855041504,1005.428955078125,77.0,-14.751999855041504
5167843104,Dryophytes versicolor,-68.698644,44.641621,2025,6.632166862487793,992.1956176757812,81.0,-13.227999687194824,992.1956176757812,81.0,-13.227999687194824
5167801260,Anaxyrus americanus,-68.43553,46.1976,2025,3.4863333702087402,1122.19677734375,57.0,-19.20800018310547,1122.19677734375,57.0,-19.20800018310547
5167752010,Anaxyrus americanus,-69.066514,44.331383,2025,7.104166507720947,946.0034790039062,82.0,-11.604000091552734,946.0034790039062,82.0,-11.604000091552734
5167747137,Anaxyrus americanus,-68.249281,44.398049,2025,6.991421699523926,945.6722412109375,74.0,-11.79411792755127,945.6722412109375,74.0,-11.79411792755127
5167693407,Anaxyrus americanus,-69.734,44.81268,2025,5.966333389282227,1042.8409423828125,65.0,-15.5,1042.8409423828125,65.0,-15.5
5167691330,Anaxyrus americanus,-68.89247,46.937505,2025,2.378000020980835,1140.0328369140625,59.0,-20.59200096130371,1140.0328369140625,59.0,-20.59200096130371
5167581275,Anaxyrus americanus,-70.603078,43.501333,2025,7.540333271026611,952.433349609375,84.0,-11.984000205993652,952.433349609375,84.0,-11.984000205993652
5167568575,Dryophytes versicolor,-70.453059,43.710591,2025,7.2769999504089355,967.3765869140625,81.0,-12.423999786376953,967.3765869140625,81.0,-12.423999786376953
5167548282,Dryophytes versicolor,-69.662301,43.873974,2025,7.671229839324951,873.7918701171875,77.0,-9.295238494873047,873.7918701171875,77.0,-9.295238494873047
5167538222,Dryophytes versicolor,-70.374878,43.851483,2025,7.060999870300293,969.4967041015625,83.0,-12.584000587463379,969.4967041015625,83.0,-12.584000587463379
5167512916,Dryophytes versicolor,-68.693947,44.605619,2025,6.751500129699707,989.9302368164062,82.0,-13.01200008392334,989.9302368164062,82.0,-13.01200008392334
5167511678,Anaxyrus americanus,-69.211511,44.384406,2025,6.859000205993652,967.8286743164062,80.0,-12.411999702453613,967.8286743164062,80.0,-12.411999702453613
5167444974,Anaxyrus americanus,-70.25199,43.999208,2025,7.0351667404174805,978.0534057617188,81.0,-12.583999633789062,978.0534057617188,81.0,-12.583999633789062
5167435171,Anaxyrus americanus,-70.692785,44.182873,2025,6.329666614532471,1006.8850708007812,78.0,-14.619999885559082,1006.8850708007812,78.0,-14.619999885559082
5167313918,Dryophytes versicolor,-70.137458,44.673905,2025,5.76633358001709,1037.781982421875,73.0,-15.859999656677246,1037.781982421875,73.0,-15.859999656677246
5167303095,Anaxyrus americanus,-70.869222,44.049297,2025,6.543333530426025,1010.4114379882812,82.0,-14.636000633239746,1010.4114379882812,82.0,-14.636000633239746
5167246632,Anaxyrus americanus,-68.535,44.297643,2024,,,,,,,
5167205837,Lithobates pipiens,-68.540341,46.071145,2025,3.862333297729492,1102.995849609375,57.0,-18.59600067138672,1102.995849609375,57.0,-18.59600067138672
5167181508,Anaxyrus americanus,-69.072119,44.337913,2025,6.846166610717773,952.9188232421875,84.0,-11.984000205993652,952.9188232421875,84.0,-11.984000205993652
5167114959,Dryophytes versicolor,-68.777618,44.618211,2025,6.803500175476074,979.0145263671875,80.0,-12.819999694824219,979.0145263671875,80.0,-12.819999694824219
5167108647,Dryophytes versicolor,-68.332732,44.398364,2025,7.011833190917969,935.604248046875,75.0,-11.715999603271484,935.604248046875,75.0,-11.715999603271484
5166982808,Dryophytes versicolor,-68.365661,44.558099,2025,6.771666526794434,980.9488525390625,77.0,-12.97599983215332,980.9488525390625,77.0,-12.97599983215332
5166914146,Dryophytes versicolor,-68.41417,44.67129,2025,6.70283317565918,996.3406372070312,79.0,-13.415999412536621,996.3406372070312,79.0,-13.415999412536621
5166868425,Dryophytes versicolor,-70.40204,43.508085,2025,7.800347328186035,931.6404418945312,80.0,-10.804166793823242,931.6404418945312,80.0,-10.804166793823242
5166856582,Dryophytes versicolor,-70.267403,43.993717,2025,7.0351667404174805,978.0534057617188,81.0,-12.583999633789062,978.0534057617188,81.0,-12.583999633789062
5166780380,Anaxyrus americanus,-69.661392,43.877439,2022,7.634166717529297,895.5366821289062,77.0,-9.765000343322754,895.5366821289062,77.0,-9.765000343322754
5154963612,Anaxyrus americanus,-68.359308,44.251558,2025,7.109375,906.3528442382812,75.0,-10.866666793823242,906.3528442382812,75.0,-10.866666793823242
5154958865,Anaxyrus americanus,-68.402389,44.308133,2025,7.01649284362793,903.1987915039062,76.0,-11.041666984558105,903.1987915039062,76.0,-11.041666984558105
5154939402,Anaxyrus americanus,-70.018844,43.890442,2025,7.3520002365112305,946.6617431640625,80.0,-11.315999984741211,946.6617431640625,80.0,-11.315999984741211
5154894310,Anaxyrus americanus,-69.764855,45.272413,2020,3.387666702270508,1074.5174560546875,71.0,-18.09200096130371,1074.5174560546875,71.0,-18.09200096130371
5154851390,Dryophytes versicolor,-70.623621,43.512016,2024,7.540333271026611,952.433349609375,84.0,-11.984000205993652,952.433349609375,84.0,-11.984000205993652
5154738584,Anaxyrus americanus,-69.4202,43.994627,2025,7.5020833015441895,911.857177734375,78.0,-10.022222518920898,911.857177734375,78.0,-10.022222518920898
5154726204,Anaxyrus americanus,-70.137161,44.674225,2025,5.76633358001709,1037.781982421875,73.0,-15.859999656677246,1037.781982421875,73.0,-15.859999656677246
5154698479,Dryophytes versicolor,-68.662378,44.888263,2025,6.609499931335449,1018.5863647460938,68.0,-13.807999610900879,1018.5863647460938,68.0,-13.807999610900879
5154597834,Anaxyrus americanus,-70.682569,44.368181,2025,5.712166786193848,1017.0795288085938,74.0,-15.15999984741211,1017.0795288085938,74.0,-15.15999984741211
5154546886,Dryophytes versicolor,-69.637092,44.184187,2025,7.1545000076293945,975.701171875,75.0,-12.168000221252441,975.701171875,75.0,-12.168000221252441
5154516368,Anaxyrus americanus,-69.186967,44.373222,2025,6.91616678237915,961.9364013671875,82.0,-12.14799976348877,961.9364013671875,82.0,-12.14799976348877
5154399038,Anaxyrus americanus,-70.288475,43.731323,2025,7.567666530609131,948.2005004882812,81.0,-11.359999656677246,948.2005004882812,81.0,-11.359999656677246
5154385894,Anaxyrus americanus,-69.428328,43.84151,2025,,,,,,,
5154230012,Dryophytes versicolor,-70.139344,44.673078,2025,5.76633358001709,1037.781982421875,73.0,-15.859999656677246,1037.781982421875,73.0,-15.859999656677246
5154208350,Dryophytes versicolor,-68.922981,44.83003,2025,6.423500061035156,1016.4802856445312,72.0,-14.12399959564209,1016.4802856445312,72.0,-14.12399959564209
5154153702,Dryophytes versicolor,-69.684842,44.092056,2025,7.180166721343994,968.954833984375,78.0,-11.868000030517578,968.954833984375,78.0,-11.868000030517578
5154031712,Anaxyrus americanus,-68.923857,44.830263,2025,6.423500061035156,1016.4802856445312,72.0,-14.12399959564209,1016.4802856445312,72.0,-14.12399959564209
5153919086,Anaxyrus americanus,-69.852465,43.9375,2025,7.644886493682861,949.91552734375,78.0,-10.895454406738281,949.91552734375,78.0,-10.895454406738281
5153889345,Dryophytes versicolor,-69.178764,44.058567,2025,,,,,,,
5153820898,Dryophytes versicolor,-69.481071,44.034738,2025,7.489166736602783,929.9183959960938,79.0,-10.53600025177002,929.9183959960938,79.0,-10.53600025177002
5153815894,Dryophytes versicolor,-68.321663,44.393617,2025,7.011833190917969,935.604248046875,75.0,-11.715999603271484,935.604248046875,75.0,-11.715999603271484
5153768437,Dryophytes versicolor,-70.477133,43.477519,2025,7.818833351135254,935.7440185546875,82.0,-11.0,935.7440185546875,82.0,-11.0
5153743686,Anaxyrus americanus,-68.396008,44.265478,2025,7.122499942779541,887.8829956054688,75.0,-10.600000381469727,887.8829956054688,75.0,-10.600000381469727
5153740029,Anaxyrus americanus,-68.727403,44.821428,2025,6.86566686630249,1019.4971923828125,71.0,-13.619999885559082,1019.4971923828125,71.0,-13.619999885559082
5153736597,Anaxyrus americanus,-69.810328,43.801865,2025,7.709868431091309,900.6714477539062,77.0,-9.77368450164795,900.6714477539062,77.0,-9.77368450164795
5153625539,Anaxyrus americanus,-68.923857,44.830263,2025,6.423500061035156,1016.4802856445312,72.0,-14.12399959564209,1016.4802856445312,72.0,-14.12399959564209
5153522437,Anaxyrus americanus,-70.134147,44.675062,2025,5.76633358001709,1037.781982421875,73.0,-15.859999656677246,1037.781982421875,73.0,-15.859999656677246
5153484159,Anaxyrus americanus,-68.493616,46.187296,2025,3.448500156402588,1119.3802490234375,57.0,-19.27199935913086,1119.3802490234375,57.0,-19.27199935913086
5153384049,Anaxyrus americanus,-69.420578,43.993222,2025,7.5020833015441895,911.857177734375,78.0,-10.022222518920898,911.857177734375,78.0,-10.022222518920898
5153322818,Dryophytes versicolor,-69.577338,44.744932,2025,6.2848334312438965,1029.0484619140625,66.0,-14.791999816894531,1029.0484619140625,66.0,-14.791999816894531
5153322505,Anaxyrus americanus,-68.44419,46.171111,2025,3.4863333702087402,1122.19677734375,57.0,-19.20800018310547,1122.19677734375,57.0,-19.20800018310547
5153259876,Dryophytes versicolor,-70.456417,43.472733,2025,7.889999866485596,928.1427001953125,81.0,-10.684000015258789,928.1427001953125,81.0,-10.684000015258789
5153219883,Anaxyrus americanus,-70.208257,44.042981,2025,7.302000045776367,998.7686767578125,79.0,-12.460000038146973,998.7686767578125,79.0,-12.460000038146973
5153204145,Anaxyrus americanus,-69.901695,43.874855,2025,,,,,,,
5145926094,Lithobates pipiens,-68.919433,45.029515,2022,6.112333297729492,1037.829345703125,68.0,-14.97599983215332,1037.829345703125,68.0,-14.97599983215332
5145926078,Anaxyrus americanus,-68.931519,45.058343,2022,5.924666404724121,1040.5211181640625,69.0,-15.208000183105469,1040.5211181640625,69.0,-15.208000183105469
5145925476,Lithobates pipiens,-68.89364,45.012708,2022,6.115166664123535,1032.8228759765625,68.0,-14.907999992370605,1032.8228759765625,68.0,-14.907999992370605
5145925472,Lithobates pipiens,-68.916128,45.023533,2022,6.115166664123535,1032.8228759765625,68.0,-14.907999992370605,1032.8228759765625,68.0,-14.907999992370605
5145925470,Lithobates pipiens,-68.895552,45.016226,2022,6.115166664123535,1032.8228759765625,68.0,-14.907999992370605,1032.8228759765625,68.0,-14.907999992370605
5145925464,Anaxyrus americanus,-68.126582,46.755201,2022,3.7306666374206543,1140.508056640625,49.0,-19.011999130249023,1140.508056640625,49.0,-19.011999130249023
5145925463,Anaxyrus americanus,-69.158337,45.176699,2022,5.4751667976379395,1055.41064453125,70.0,-16.083999633789062,1055.41064453125,70.0,-16.083999633789062
5145925462,Anaxyrus americanus,-69.14539,45.180206,2022,5.4751667976379395,1055.41064453125,70.0,-16.083999633789062,1055.41064453125,70.0,-16.083999633789062
5145920393,Lithobates pipiens,-68.148469,46.767893,2022,3.7306666374206543,1140.508056640625,49.0,-19.011999130249023,1140.508056640625,49.0,-19.011999130249023
5145920389,Lithobates pipiens,-68.143562,46.763919,2022,3.7306666374206543,1140.508056640625,49.0,-19.011999130249023,1140.508056640625,49.0,-19.011999130249023
5145920382,Lithobates pipiens,-68.155339,46.776032,2022,3.7306666374206543,1140.508056640625,49.0,-19.011999130249023,1140.508056640625,49.0,-19.011999130249023
5145920336,Anaxyrus americanus,-68.464188,46.723933,2022,3.37416672706604,1139.04296875,51.0,-20.29199981689453,1139.04296875,51.0,-20.29199981689453
5145920333,Anaxyrus americanus,-68.452732,46.69841,2022,3.488499879837036,1137.4583740234375,50.0,-20.29599952697754,1137.4583740234375,50.0,-20.29599952697754
5145920331,Lithobates pipiens,-67.857969,46.702716,2022,3.684166669845581,1124.2733154296875,53.0,-18.148000717163086,1124.2733154296875,53.0,-18.148000717163086
5145920325,Anaxyrus americanus,-68.419939,46.654907,2022,3.577000141143799,1139.9482421875,49.0,-20.34000015258789,1139.9482421875,49.0,-20.34000015258789
5145920304,Anaxyrus americanus,-68.158344,46.603224,2022,3.7190001010894775,1124.14404296875,48.0,-18.90399932861328,1124.14404296875,48.0,-18.90399932861328
5145920303,Lithobates pipiens,-67.898408,46.684262,2022,3.7249999046325684,1127.2703857421875,51.0,-18.192001342773438,1127.2703857421875,51.0,-18.192001342773438
5140648291,Dryophytes versicolor,-70.719583,43.557278,2025,7.306333065032959,962.368896484375,85.0,-12.644000053405762,962.368896484375,85.0,-12.644000053405762
5140646004,Anaxyrus americanus,-70.719356,43.557236,2025,7.306333065032959,962.368896484375,85.0,-12.644000053405762,962.368896484375,85.0,-12.644000053405762
5140618710,Anaxyrus americanus,-69.420267,43.989197,2025,7.5020833015441895,911.857177734375,78.0,-10.022222518920898,911.857177734375,78.0,-10.022222518920898
5140596889,Lithobates pipiens,-67.910019,46.419446,2025,3.998666524887085,1102.0888671875,54.0,-17.847999572753906,1102.0888671875,54.0,-17.847999572753906
5140567672,Dryophytes versicolor,-69.420507,43.991959,2025,7.5020833015441895,911.857177734375,78.0,-10.022222518920898,911.857177734375,78.0,-10.022222518920898
5140534463,Dryophytes versicolor,-70.759867,43.156055,2025,8.51883316040039,925.3447875976562,81.0,-9.751999855041504,925.3447875976562,81.0,-9.751999855041504
5140521752,Dryophytes versicolor,-68.287133,44.383767,2025,6.910666465759277,945.4031372070312,75.0,-11.907999992370605,945.4031372070312,75.0,-11.907999992370605
5140165723,Anaxyrus americanus,-69.661101,43.872808,2025,7.671229839324951,873.7918701171875,77.0,-9.295238494873047,873.7918701171875,77.0,-9.295238494873047
5134650188,Dryophytes versicolor,-69.386558,44.447955,2025,6.376500129699707,987.0676879882812,78.0,-13.303999900817871,987.0676879882812,78.0,-13.303999900817871
5134573484,Lithobates pipiens,-69.191496,45.199159,2023,5.429500102996826,1057.1693115234375,71.0,-16.20400047302246,1057.1693115234375,71.0,-16.20400047302246
5134572357,Dryophytes versicolor,-70.401962,43.50791,2025,7.800347328186035,931.6404418945312,80.0,-10.804166793823242,931.6404418945312,80.0,-10.804166793823242
5134520802,Anaxyrus americanus,-69.469417,43.972887,2025,7.464666843414307,917.0228881835938,78.0,-10.208000183105469,917.0228881835938,78.0,-10.208000183105469
5134480627,Anaxyrus americanus,-69.84503,43.707917,2024,,,,,,,
5134431582,Anaxyrus americanus,-69.385313,44.447363,2025,6.376500129699707,987.0676879882812,78.0,-13.303999900817871,987.0676879882812,78.0,-13.303999900817871
5134393026,Anaxyrus americanus,-69.392813,44.450792,2025,6.376500129699707,987.0676879882812,78.0,-13.303999900817871,987.0676879882812,78.0,-13.303999900817871
5134266509,Dryophytes versicolor,-70.539467,43.383404,2023,7.984833240509033,922.3854370117188,82.0,-10.460000038146973,922.3854370117188,82.0,-10.460000038146973
5134205660,Dryophytes versicolor,-68.671257,44.902225,2019,6.562333106994629,1017.734375,68.0,-13.807999610900879,1017.734375,68.0,-13.807999610900879
5134158789,Dryophytes versicolor,-70.401845,43.507938,2024,7.800347328186035,931.6404418945312,80.0,-10.804166793823242,931.6404418945312,80.0,-10.804166793823242
5134078756,Anaxyrus americanus,-69.420632,43.989364,2025,7.5020833015441895,911.857177734375,78.0,-10.022222518920898,911.857177734375,78.0,-10.022222518920898
5134012698,Lithobates pipiens,-68.638696,44.836585,2025,6.544000148773193,1010.6740112304688,70.0,-13.751999855041504,1010.6740112304688,70.0,-13.751999855041504
5133977697,Anaxyrus americanus,-70.853097,43.10577,2023,,,,,,,
5133974819,Anaxyrus americanus,-69.952064,43.873766,2025,,,,,,,
5133938254,Anaxyrus americanus,-70.204467,43.771308,2025,,,,,,,
5133913725,Anaxyrus americanus,-69.949408,43.875991,2025,7.652651786804199,950.5384521484375,78.0,-10.940909385681152,950.5384521484375,78.0,-10.940909385681152
5133808821,Anaxyrus americanus,-70.204522,43.771297,2025,,,,,,,
5133808819,Anaxyrus americanus,-70.19812,43.788322,2025,,,,,,,
5133785005,Anaxyrus americanus,-70.016061,43.8931,2025,7.3520002365112305,946.6617431640625,80.0,-11.315999984741211,946.6617431640625,80.0,-11.315999984741211
5133777492,Anaxyrus americanus,-70.453883,43.471447,2025,7.889999866485596,928.1427001953125,81.0,-10.684000015258789,928.1427001953125,81.0,-10.684000015258789
5133716830,Lithobates pipiens,-68.66968,44.882218,2025,6.562333106994629,1017.734375,68.0,-13.807999610900879,1017.734375,68.0,-13.807999610900879
5108490459,Lithobates pipiens,-68.676822,44.859777,2025,6.613666534423828,1014.6782836914062,69.0,-13.739999771118164,1014.6782836914062,69.0,-13.739999771118164
5108455575,Dryophytes versicolor,-70.385488,44.024346,2022,6.861000061035156,988.4619750976562,82.0,-13.307999610900879,988.4619750976562,82.0,-13.307999610900879
5108381215,Anaxyrus americanus,-70.070733,45.252188,2018,3.995333433151245,1072.8367919921875,62.0,-17.607999801635742,1072.8367919921875,62.0,-17.607999801635742
5108347705,Anaxyrus americanus,-70.385505,44.024283,2023,6.861000061035156,988.4619750976562,82.0,-13.307999610900879,988.4619750976562,82.0,-13.307999610900879
5108344650,Dryophytes versicolor,-70.566637,43.910517,2022,7.2804999351501465,947.5828247070312,83.0,-12.067999839782715,947.5828247070312,83.0,-12.067999839782715
5108328330,Dryophytes versicolor,-69.805558,44.723347,2021,6.1541666984558105,1036.317626953125,66.0,-15.284000396728516,1036.317626953125,66.0,-15.284000396728516
5104743970,Dryophytes versicolor,-70.872721,43.208747,2019,,,,,,,
5104738958,Anaxyrus americanus,-70.872033,43.209261,2019,,,,,,,
5104726017,Anaxyrus americanus,-69.068417,44.210426,2024,6.89965295791626,935.4232177734375,83.0,-11.337499618530273,935.4232177734375,83.0,-11.337499618530273
5104588766,Dryophytes versicolor,-68.65725,44.902867,2024,6.609499931335449,1018.5863647460938,68.0,-13.807999610900879,1018.5863647460938,68.0,-13.807999610900879
5104464323,Dryophytes versicolor,-68.663921,44.913957,2016,6.609499931335449,1018.5863647460938,68.0,-13.807999610900879,1018.5863647460938,68.0,-13.807999610900879
5104262699,Dryophytes versicolor,-68.304234,44.205201,2022,,,,,,,
5101024396,Lithobates pipiens,-68.78971,44.885093,2022,6.487833023071289,1021.14892578125,68.0,-14.032000541687012,1021.14892578125,68.0,-14.032000541687012
5101021117,Lithobates pipiens,-68.930916,44.823797,2022,6.423500061035156,1016.4802856445312,72.0,-14.12399959564209,1016.4802856445312,72.0,-14.12399959564209
5101017543,Lithobates pipiens,-68.748229,44.888796,2022,6.447999954223633,1016.3721923828125,68.0,-13.955999374389648,1016.3721923828125,68.0,-13.955999374389648
5101017511,Anaxyrus americanus,-70.712944,43.283154,2022,8.107166290283203,935.1823120117188,84.0,-10.53600025177002,935.1823120117188,84.0,-10.53600025177002
5101016187,Lithobates pipiens,-68.755555,44.888288,2022,6.487833023071289,1021.14892578125,68.0,-14.032000541687012,1021.14892578125,68.0,-14.032000541687012
5101015057,Lithobates pipiens,-68.78971,44.885093,2023,6.487833023071289,1021.14892578125,68.0,-14.032000541687012,1021.14892578125,68.0,-14.032000541687012
5101014564,Lithobates pipiens,-68.737429,44.891326,2020,6.447999954223633,1016.3721923828125,68.0,-13.955999374389648,1016.3721923828125,68.0,-13.955999374389648
5101012952,Anaxyrus americanus,-70.582358,43.512591,2022,7.61566686630249,950.5247192382812,83.0,-11.791999816894531,950.5247192382812,83.0,-11.791999816894531
5101012924,Anaxyrus americanus,-70.263564,43.761722,2021,7.379166603088379,952.9747924804688,81.0,-11.755999565124512,952.9747924804688,81.0,-11.755999565124512
5101011650,Anaxyrus americanus,-70.690463,43.27397,2023,8.07349967956543,927.5001220703125,84.0,-10.404000282287598,927.5001220703125,84.0,-10.404000282287598
5101009898,Lithobates pipiens,-68.788673,44.889553,2022,6.487833023071289,1021.14892578125,68.0,-14.032000541687012,1021.14892578125,68.0,-14.032000541687012
5101008784,Lithobates pipiens,-68.723652,44.89199,2023,6.447999954223633,1016.3721923828125,68.0,-13.955999374389648,1016.3721923828125,68.0,-13.955999374389648
5101007380,Anaxyrus americanus,-69.953333,44.037079,2022,7.211666584014893,968.1348876953125,81.0,-11.904000282287598,968.1348876953125,81.0,-11.904000282287598
5101002758,Anaxyrus americanus,-69.838622,43.747212,2021,7.704807758331299,862.8372192382812,76.0,-8.992307662963867,862.8372192382812,76.0,-8.992307662963867
5101001851,Anaxyrus americanus,-70.714453,43.26024,2022,8.107166290283203,935.1823120117188,84.0,-10.53600025177002,935.1823120117188,84.0,-10.53600025177002
5101001560,Dryophytes versicolor,-70.865193,43.320181,2021,7.880499839782715,954.80712890625,85.0,-11.407999992370605,954.80712890625,85.0,-11.407999992370605
5100997413,Lithobates pipiens,-68.680071,44.898086,2021,6.562333106994629,1017.734375,68.0,-13.807999610900879,1017.734375,68.0,-13.807999610900879
5100991839,Lithobates pipiens,-68.705827,44.92149,2023,6.475833415985107,1022.7228393554688,67.0,-14.04800033569336,1022.7228393554688,67.0,-14.04800033569336
5100989737,Lithobates pipiens,-68.716418,44.792205,2022,6.86566686630249,1019.4971923828125,71.0,-13.619999885559082,1019.4971923828125,71.0,-13.619999885559082
5100988161,Anaxyrus americanus,-69.78428,43.873325,2021,,,,,,,
5100985663,Dryophytes versicolor,-70.39263,43.456101,2021,7.86566686630249,900.4729614257812,80.0,-10.079999923706055,900.4729614257812,80.0,-10.079999923706055
5100984289,Dryophytes versicolor,-69.946434,43.913109,2023,7.652651786804199,950.5384521484375,78.0,-10.940909385681152,950.5384521484375,78.0,-10.940909385681152
5100983819,Anaxyrus americanus,-70.698452,43.278138,2021,8.07349967956543,927.5001220703125,84.0,-10.404000282287598,927.5001220703125,84.0,-10.404000282287598
5100981994,Dryophytes versicolor,-70.214391,43.612456,2021,7.891848087310791,915.8037719726562,80.0,-10.265216827392578,915.8037719726562,80.0,-10.265216827392578
5100979871,Lithobates pipiens,-68.674547,44.943543,2023,6.475833415985107,1022.7228393554688,67.0,-14.04800033569336,1022.7228393554688,67.0,-14.04800033569336
5100979335,Anaxyrus americanus,-69.788982,43.950418,2020,7.6347222328186035,933.9669189453125,78.0,-10.533333778381348,933.9669189453125,78.0,-10.533333778381348
5100967989,Dryophytes versicolor,-70.690463,43.27397,2021,8.07349967956543,927.5001220703125,84.0,-10.404000282287598,927.5001220703125,84.0,-10.404000282287598
5100967588,Dryophytes versicolor,-70.698452,43.278138,2022,8.07349967956543,927.5001220703125,84.0,-10.404000282287598,927.5001220703125,84.0,-10.404000282287598
5100966290,Anaxyrus americanus,-69.788982,43.950418,2022,7.6347222328186035,933.9669189453125,78.0,-10.533333778381348,933.9669189453125,78.0,-10.533333778381348
5100966216,Dryophytes versicolor,-70.468236,43.787917,2022,7.0916666984558105,968.2830810546875,82.0,-12.772000312805176,968.2830810546875,82.0,-12.772000312805176
5100965793,Anaxyrus americanus,-68.930916,44.823797,2022,6.423500061035156,1016.4802856445312,72.0,-14.12399959564209,1016.4802856445312,72.0,-14.12399959564209
5100963909,Anaxyrus americanus,-70.710249,44.067136,2023,6.552000045776367,1006.482177734375,81.0,-14.652000427246094,1006.482177734375,81.0,-14.652000427246094
5100959781,Anaxyrus americanus,-69.199472,44.256446,2021,6.678833484649658,955.5068969726562,85.0,-12.052000045776367,955.5068969726562,85.0,-12.052000045776367
5100959408,Lithobates pipiens,-68.78971,44.885093,2022,6.487833023071289,1021.14892578125,68.0,-14.032000541687012,1021.14892578125,68.0,-14.032000541687012
5100957953,Anaxyrus americanus,-69.552011,44.643555,2021,6.509500026702881,1026.5736083984375,66.0,-14.423999786376953,1026.5736083984375,66.0,-14.423999786376953
5100953894,Lithobates pipiens,-68.788673,44.889553,2022,6.487833023071289,1021.14892578125,68.0,-14.032000541687012,1021.14892578125,68.0,-14.032000541687012
5100952022,Dryophytes versicolor,-70.39157,43.482476,2022,7.868287086486816,918.8888549804688,80.0,-10.466666221618652,918.8888549804688,80.0,-10.466666221618652
5100951336,Anaxyrus americanus,-70.698452,43.278138,2022,8.07349967956543,927.5001220703125,84.0,-10.404000282287598,927.5001220703125,84.0,-10.404000282287598
5100949589,Anaxyrus americanus,-70.698452,43.278138,2021,8.07349967956543,927.5001220703125,84.0,-10.404000282287598,927.5001220703125,84.0,-10.404000282287598
5100949499,Lithobates pipiens,-68.678166,44.988338,2023,6.349833011627197,1027.5784912109375,68.0,-14.36400032043457,1027.5784912109375,68.0,-14.36400032043457
5100949340,Dryophytes versicolor,-70.673397,43.107567,2023,8.609000205993652,900.3008422851562,79.0,-9.008000373840332,900.3008422851562,79.0,-9.008000373840332
5100943616,Anaxyrus americanus,-70.698452,43.278138,2022,8.07349967956543,927.5001220703125,84.0,-10.404000282287598,927.5001220703125,84.0,-10.404000282287598
5100939845,Lithobates pipiens,-68.709691,44.92454,2023,6.369500160217285,1019.7598266601562,67.0,-14.128000259399414,1019.7598266601562,67.0,-14.128000259399414
5100937514,Anaxyrus americanus,-70.690463,43.27397,2021,8.07349967956543,927.5001220703125,84.0,-10.404000282287598,927.5001220703125,84.0,-10.404000282287598
5100936006,Anaxyrus americanus,-69.091101,44.053705,2023,7.429861068725586,903.4520874023438,79.0,-9.991666793823242,903.4520874023438,79.0,-9.991666793823242
5100935365,Lithobates pipiens,-68.788673,44.889553,2022,6.487833023071289,1021.14892578125,68.0,-14.032000541687012,1021.14892578125,68.0,-14.032000541687012
5100933685,Dryophytes versicolor,-68.921373,44.830066,2023,6.423500061035156,1016.4802856445312,72.0,-14.12399959564209,1016.4802856445312,72.0,-14.12399959564209
5100932113,Anaxyrus americanus,-70.687493,43.272597,2022,8.07349967956543,927.5001220703125,84.0,-10.404000282287598,927.5001220703125,84.0,-10.404000282287598
5100930251,Dryophytes versicolor,-70.701556,43.103124,2022,8.609000205993652,900.3008422851562,79.0,-9.008000373840332,900.3008422851562,79.0,-9.008000373840332
5100930243,Lithobates pipiens,-68.740767,44.889892,2023,6.447999954223633,1016.3721923828125,68.0,-13.955999374389648,1016.3721923828125,68.0,-13.955999374389648
5100929547,Dryophytes versicolor,-70.698452,43.278138,2020,8.07349967956543,927.5001220703125,84.0,-10.404000282287598,927.5001220703125,84.0,-10.404000282287598
5100929413,Anaxyrus americanus,-69.838622,43.747212,2022,7.704807758331299,862.8372192382812,76.0,-8.992307662963867,862.8372192382812,76.0,-8.992307662963867
5100927755,Anaxyrus americanus,-69.78428,43.873325,2021,,,,,,,
5100926223,Lithobates pipiens,-70.95731,44.092109,2023,6.576833248138428,1022.822998046875,81.0,-14.727999687194824,1022.822998046875,81.0,-14.727999687194824
5100926154,Lithobates pipiens,-68.740767,44.889892,2020,6.447999954223633,1016.3721923828125,68.0,-13.955999374389648,1016.3721923828125,68.0,-13.955999374389648
5100925359,Lithobates pipiens,-68.78971,44.885093,2022,6.487833023071289,1021.14892578125,68.0,-14.032000541687012,1021.14892578125,68.0,-14.032000541687012
5100924285,Anaxyrus americanus,-70.033669,43.916164,2022,7.3520002365112305,946.6617431640625,80.0,-11.315999984741211,946.6617431640625,80.0,-11.315999984741211
5100923941,Anaxyrus americanus,-69.199472,44.256446,2022,6.678833484649658,955.5068969726562,85.0,-12.052000045776367,955.5068969726562,85.0,-12.052000045776367
5100923908,Lithobates pipiens,-68.78971,44.885093,2022,6.487833023071289,1021.14892578125,68.0,-14.032000541687012,1021.14892578125,68.0,-14.032000541687012
5100923325,Dryophytes versicolor,-70.39263,43.456101,2022,7.86566686630249,900.4729614257812,80.0,-10.079999923706055,900.4729614257812,80.0,-10.079999923706055
5100921997,Dryophytes versicolor,-70.654956,43.112763,2023,,,,,,,
5100921577,Anaxyrus americanus,-69.788982,43.950418,2021,7.6347222328186035,933.9669189453125,78.0,-10.533333778381348,933.9669189453125,78.0,-10.533333778381348
5100921416,Lithobates pipiens,-68.78971,44.885093,2023,6.487833023071289,1021.14892578125,68.0,-14.032000541687012,1021.14892578125,68.0,-14.032000541687012
5100920041,Anaxyrus americanus,-69.838622,43.747212,2021,7.704807758331299,862.8372192382812,76.0,-8.992307662963867,862.8372192382812,76.0,-8.992307662963867
5100917857,Dryophytes versicolor,-68.804644,44.830826,2022,6.762666702270508,1022.8121948242188,72.0,-13.760000228881836,1022.8121948242188,72.0,-13.760000228881836
5100915876,Lithobates pipiens,-68.744378,44.88904,2022,6.447999954223633,1016.3721923828125,68.0,-13.955999374389648,1016.3721923828125,68.0,-13.955999374389648
5100915309,Anaxyrus americanus,-69.317313,44.578131,2022,6.479166507720947,999.6758422851562,75.0,-13.616000175476074,999.6758422851562,75.0,-13.616000175476074
5100913380,Lithobates pipiens,-68.729649,44.891914,2022,6.447999954223633,1016.3721923828125,68.0,-13.955999374389648,1016.3721923828125,68.0,-13.955999374389648
5100911641,Dryophytes versicolor,-68.680071,44.898086,2021,6.562333106994629,1017.734375,68.0,-13.807999610900879,1017.734375,68.0,-13.807999610900879
5100906091,Anaxyrus americanus,-70.117012,43.922318,2022,7.171333312988281,961.98291015625,82.0,-11.868000030517578,961.98291015625,82.0,-11.868000030517578
5100905823,Anaxyrus americanus,-69.65919,43.874643,2021,7.671229839324951,873.7918701171875,77.0,-9.295238494873047,873.7918701171875,77.0,-9.295238494873047
5100901695,Anaxyrus americanus,-70.690463,43.27397,2022,8.07349967956543,927.5001220703125,84.0,-10.404000282287598,927.5001220703125,84.0,-10.404000282287598
5100900273,Anaxyrus americanus,-69.78428,43.873325,2021,,,,,,,
5100898082,Anaxyrus americanus,-69.091101,44.053705,2021,7.429861068725586,903.4520874023438,79.0,-9.991666793823242,903.4520874023438,79.0,-9.991666793823242
5100896108,Anaxyrus americanus,-70.033669,43.916164,2021,7.3520002365112305,946.6617431640625,80.0,-11.315999984741211,946.6617431640625,80.0,-11.315999984741211
5100895466,Dryophytes versicolor,-70.690463,43.27397,2022,8.07349967956543,927.5001220703125,84.0,-10.404000282287598,927.5001220703125,84.0,-10.404000282287598
5100894104,Lithobates pipiens,-68.733531,44.891838,2020,6.447999954223633,1016.3721923828125,68.0,-13.955999374389648,1016.3721923828125,68.0,-13.955999374389648
5100890159,Anaxyrus americanus,-70.582358,43.512591,2022,7.61566686630249,950.5247192382812,83.0,-11.791999816894531,950.5247192382812,83.0,-11.791999816894531
5100887919,Anaxyrus americanus,-70.040095,43.920675,2023,7.269333362579346,958.091796875,81.0,-11.619999885559082,958.091796875,81.0,-11.619999885559082
5100881427,Lithobates pipiens,-68.788673,44.889553,2023,6.487833023071289,1021.14892578125,68.0,-14.032000541687012,1021.14892578125,68.0,-14.032000541687012
5100880129,Anaxyrus americanus,-70.359877,43.841918,2020,7.060999870300293,969.4967041015625,83.0,-12.584000587463379,969.4967041015625,83.0,-12.584000587463379
5100876216,Lithobates pipiens,-68.788673,44.889553,2022,6.487833023071289,1021.14892578125,68.0,-14.032000541687012,1021.14892578125,68.0,-14.032000541687012
5100871827,Anaxyrus americanus,-70.854729,44.563768,2022,5.023333549499512,1025.68505859375,64.0,-15.96399974822998,1025.68505859375,64.0,-15.96399974822998
5100871468,Lithobates pipiens,-68.709691,44.92454,2022,6.369500160217285,1019.7598266601562,67.0,-14.128000259399414,1019.7598266601562,67.0,-14.128000259399414
5100869329,Lithobates pipiens,-68.748229,44.888796,2020,6.447999954223633,1016.3721923828125,68.0,-13.955999374389648,1016.3721923828125,68.0,-13.955999374389648
5100864177,Anaxyrus americanus,-70.712944,43.283154,2022,8.107166290283203,935.1823120117188,84.0,-10.53600025177002,935.1823120117188,84.0,-10.53600025177002
5100863640,Lithobates pipiens,-68.705827,44.92149,2020,6.475833415985107,1022.7228393554688,67.0,-14.04800033569336,1022.7228393554688,67.0,-14.04800033569336
5100862055,Anaxyrus americanus,-70.690463,43.27397,2021,8.07349967956543,927.5001220703125,84.0,-10.404000282287598,927.5001220703125,84.0,-10.404000282287598
5100861466,Lithobates pipiens,-68.78971,44.885093,2022,6.487833023071289,1021.14892578125,68.0,-14.032000541687012,1021.14892578125,68.0,-14.032000541687012
5100861306,Dryophytes versicolor,-70.718288,43.232101,2021,8.189332962036133,927.5410766601562,83.0,-10.223999977111816,927.5410766601562,83.0,-10.223999977111816
5100859596,Dryophytes versicolor,-68.680744,44.900747,2021,6.562333106994629,1017.734375,68.0,-13.807999610900879,1017.734375,68.0,-13.807999610900879
5100857803,Anaxyrus americanus,-70.718288,43.232101,2022,8.189332962036133,927.5410766601562,83.0,-10.223999977111816,927.5410766601562,83.0,-10.223999977111816
5100853350,Lithobates pipiens,-68.729649,44.891914,2022,6.447999954223633,1016.3721923828125,68.0,-13.955999374389648,1016.3721923828125,68.0,-13.955999374389648
5100850274,Anaxyrus americanus,-70.690463,43.27397,2022,8.07349967956543,927.5001220703125,84.0,-10.404000282287598,927.5001220703125,84.0,-10.404000282287598
5088098440,Dryophytes versicolor,-68.669634,44.896454,2020,6.562333106994629,1017.734375,68.0,-13.807999610900879,1017.734375,68.0,-13.807999610900879
5087943243,Dryophytes versicolor,-68.668092,44.901988,2020,6.562333106994629,1017.734375,68.0,-13.807999610900879,1017.734375,68.0,-13.807999610900879
5087903346,Dryophytes versicolor,-68.931307,44.828981,2024,6.423500061035156,1016.4802856445312,72.0,-14.12399959564209,1016.4802856445312,72.0,-14.12399959564209
5087874306,Dryophytes versicolor,-68.249213,45.762457,2024,4.910999774932861,1081.7042236328125,63.0,-16.968000411987305,1081.7042236328125,63.0,-16.968000411987305
5087221235,Lithobates pipiens,-69.200353,44.755312,2019,6.313833236694336,1021.4426879882812,72.0,-14.392000198364258,1021.4426879882812,72.0,-14.392000198364258
5087100570,Anaxyrus americanus,-70.353454,43.596798,2024,7.789999961853027,946.3635864257812,80.0,-11.175999641418457,946.3635864257812,80.0,-11.175999641418457
5087072871,Dryophytes versicolor,-69.728011,44.049078,2024,7.2164998054504395,962.75146484375,79.0,-11.696000099182129,962.75146484375,79.0,-11.696000099182129
5087023975,Lithobates pipiens,-68.420933,46.084558,2024,3.7016665935516357,1108.703125,58.0,-18.76799964904785,1108.703125,58.0,-18.76799964904785
5087006601,Dryophytes versicolor,-69.987523,43.922079,2023,7.442666530609131,963.3717651367188,80.0,-11.51200008392334,963.3717651367188,80.0,-11.51200008392334
5086945120,Dryophytes versicolor,-70.64827,44.289596,2021,6.017333507537842,1005.428955078125,77.0,-14.751999855041504,1005.428955078125,77.0,-14.751999855041504
5076866608,Anaxyrus americanus,-67.594513,44.481001,2015,,,,,,,
5076826659,Anaxyrus americanus,-68.812906,44.321111,2024,7.239930629730225,886.6063842773438,78.0,-10.383333206176758,886.6063842773438,78.0,-10.383333206176758
5076805530,Anaxyrus americanus,-68.813592,44.321122,2024,7.239930629730225,886.6063842773438,78.0,-10.383333206176758,886.6063842773438,78.0,-10.383333206176758
5076797605,Anaxyrus americanus,-68.813228,44.321292,2024,7.239930629730225,886.6063842773438,78.0,-10.383333206176758,886.6063842773438,78.0,-10.383333206176758
5076796467,Dryophytes versicolor,-68.813153,44.319975,2024,7.239930629730225,886.6063842773438,78.0,-10.383333206176758,886.6063842773438,78.0,-10.383333206176758
5076787429,Anaxyrus americanus,-68.813022,44.321183,2024,7.239930629730225,886.6063842773438,78.0,-10.383333206176758,886.6063842773438,78.0,-10.383333206176758
5076742903,Anaxyrus americanus,-67.158953,44.680281,2023,6.150781154632568,923.06884765625,78.0,-12.231249809265137,923.06884765625,78.0,-12.231249809265137
5076732846,Anaxyrus americanus,-70.022235,44.653121,2021,6.019166946411133,1032.469482421875,71.0,-15.395999908447266,1032.469482421875,71.0,-15.395999908447266
5076719982,Anaxyrus americanus,-69.06396,45.953938,2023,2.798166513442993,1096.8492431640625,63.0,-18.91200065612793,1096.8492431640625,63.0,-18.91200065612793
5069812960,Anaxyrus americanus,-70.352745,43.739533,2024,7.359166622161865,956.9597778320312,82.0,-11.97599983215332,956.9597778320312,82.0,-11.97599983215332
5063871812,Dryophytes versicolor,-70.227082,43.871072,2024,7.278833389282227,962.320556640625,81.0,-11.98799991607666,962.320556640625,81.0,-11.98799991607666
5063869362,Anaxyrus americanus,-70.648889,44.289021,2024,6.017333507537842,1005.428955078125,77.0,-14.751999855041504,1005.428955078125,77.0,-14.751999855041504
5037021546,Lithobates pipiens,-68.27157,45.41041,2024,5.5338335037231445,1056.116943359375,71.0,-15.932000160217285,1056.116943359375,71.0,-15.932000160217285
5036887607,Anaxyrus americanus,-69.859253,44.000708,2024,7.473090171813965,964.9923706054688,79.0,-11.508333206176758,964.9923706054688,79.0,-11.508333206176758
5008392162,Lithobates pipiens,-69.348572,44.630028,2024,6.563666820526123,1011.065185546875,70.0,-14.01200008392334,1011.065185546875,70.0,-14.01200008392334
5007894229,Anaxyrus americanus,-70.048186,44.306942,2019,6.735833644866943,1014.5154418945312,74.0,-13.652000427246094,1014.5154418945312,74.0,-13.652000427246094
5007863167,Anaxyrus americanus,-70.288637,44.265892,2021,6.583499908447266,1009.2554321289062,75.0,-13.86400032043457,1009.2554321289062,75.0,-13.86400032043457
5007855135,Anaxyrus americanus,-70.048186,44.306942,2019,6.735833644866943,1014.5154418945312,74.0,-13.652000427246094,1014.5154418945312,74.0,-13.652000427246094
5007808014,Anaxyrus americanus,-70.023186,44.303297,2023,6.668833255767822,1011.173828125,75.0,-13.612000465393066,1011.173828125,75.0,-13.612000465393066
5007802615,Dryophytes versicolor,-69.328392,45.103447,2024,5.3379998207092285,1049.041015625,71.0,-16.15999984741211,1049.041015625,71.0,-16.15999984741211
4994622476,Anaxyrus americanus,-70.696831,44.095844,2024,6.677666664123535,1008.8466796875,80.0,-14.491999626159668,1008.8466796875,80.0,-14.491999626159668
4994574356,Anaxyrus americanus,-68.616608,46.139936,2022,3.933166742324829,1111.25244140625,54.0,-18.8439998626709,1111.25244140625,54.0,-18.8439998626709
4994563340,Anaxyrus americanus,-68.724215,45.944415,2022,4.465000152587891,1087.68603515625,57.0,-17.275999069213867,1087.68603515625,57.0,-17.275999069213867
4994410687,Lithobates pipiens,-67.871981,46.687338,2024,3.684166669845581,1124.2733154296875,53.0,-18.148000717163086,1124.2733154296875,53.0,-18.148000717163086
4994330612,Anaxyrus americanus,-68.756687,45.932114,2020,4.166833400726318,1088.72021484375,58.0,-17.555999755859375,1088.72021484375,58.0,-17.555999755859375
4994275184,Anaxyrus americanus,-68.971275,45.987894,2012,1.8828333616256714,1095.1580810546875,71.0,-19.535999298095703,1095.1580810546875,71.0,-19.535999298095703
4993827467,Anaxyrus americanus,-68.34535,44.286008,2024,7.109375,906.3528442382812,75.0,-10.866666793823242,906.3528442382812,75.0,-10.866666793823242
4987820405,Dryophytes versicolor,-70.433307,43.509316,2024,7.809833526611328,939.0907592773438,82.0,-11.027999877929688,939.0907592773438,82.0,-11.027999877929688
4987518696,Anaxyrus americanus,-68.974892,45.785725,2020,4.67716646194458,1088.1475830078125,55.0,-17.215999603271484,1088.1475830078125,55.0,-17.215999603271484
4987508573,Dryophytes versicolor,-69.860421,44.198384,2024,7.100500106811523,995.6187744140625,74.0,-12.664000511169434,995.6187744140625,74.0,-12.664000511169434
4987492131,Dryophytes versicolor,-70.925278,43.402322,2020,7.514333248138428,960.789794921875,85.0,-12.131999969482422,960.789794921875,85.0,-12.131999969482422
4982370261,Anaxyrus americanus,-70.869212,44.189588,2024,6.3125,1006.4719848632812,79.0,-14.699999809265137,1006.4719848632812,79.0,-14.699999809265137
4982339233,Anaxyrus americanus,-69.49423,44.168509,2023,7.314499855041504,965.78955078125,77.0,-11.720000267028809,965.78955078125,77.0,-11.720000267028809
4982334735,Anaxyrus americanus,-70.228181,44.128998,2024,7.008666515350342,1000.6619262695312,77.0,-13.027999877929688,1000.6619262695312,77.0,-13.027999877929688
4982334550,Anaxyrus americanus,-70.705521,43.962291,2024,6.5901665687561035,998.140380859375,83.0,-14.371999740600586,998.140380859375,83.0,-14.371999740600586
4982307184,Anaxyrus americanus,-67.622069,45.183459,2024,5.860499858856201,1022.5902099609375,79.0,-15.215999603271484,1022.5902099609375,79.0,-15.215999603271484
4982297439,Anaxyrus americanus,-67.838158,46.131531,2024,4.518166542053223,1107.4674072265625,61.0,-17.672000885009766,1107.4674072265625,61.0,-17.672000885009766
4982258602,Anaxyrus americanus,-68.389349,44.266421,2024,7.122499942779541,887.8829956054688,75.0,-10.600000381469727,887.8829956054688,75.0,-10.600000381469727
4982144862,Anaxyrus americanus,-69.817282,43.950386,2024,,,,,,,
4982106845,Anaxyrus americanus,-70.079453,43.834,2024,7.436166763305664,938.69384765625,80.0,-11.100000381469727,938.69384765625,80.0,-11.100000381469727
4982106684,Anaxyrus americanus,-70.707962,44.277687,2024,5.887333393096924,1005.5117797851562,78.0,-14.887999534606934,1005.5117797851562,78.0,-14.887999534606934
4982103213,Anaxyrus americanus,-70.403752,43.586546,2024,7.627833366394043,945.665771484375,80.0,-11.4399995803833,945.665771484375,80.0,-11.4399995803833
4982044393,Anaxyrus americanus,-70.7042,44.4745,2024,5.676833152770996,1028.425537109375,66.0,-15.347999572753906,1028.425537109375,66.0,-15.347999572753906
4982038303,Anaxyrus americanus,-70.66912,43.370603,2024,7.914666652679443,944.36572265625,85.0,-11.071999549865723,944.36572265625,85.0,-11.071999549865723
4982033598,Anaxyrus americanus,-69.088501,44.248423,2024,7.1670002937316895,940.2926635742188,81.0,-11.227999687194824,940.2926635742188,81.0,-11.227999687194824
4982033268,Anaxyrus americanus,-70.885522,43.127092,2024,,,,,,,
4981978436,Anaxyrus americanus,-70.839054,43.907483,2024,6.638166427612305,1001.8033447265625,85.0,-14.572000503540039,1001.8033447265625,85.0,-14.572000503540039
4981963328,Anaxyrus americanus,-70.533981,43.558788,2024,7.5329999923706055,950.1115112304688,82.0,-11.86400032043457,950.1115112304688,82.0,-11.86400032043457
4980504528,Anaxyrus americanus,-68.931314,44.828907,2024,6.423500061035156,1016.4802856445312,72.0,-14.12399959564209,1016.4802856445312,72.0,-14.12399959564209
4980299495,Anaxyrus americanus,-69.780813,44.238087,2024,7.238166809082031,999.3550415039062,72.0,-12.732000350952148,999.3550415039062,72.0,-12.732000350952148
4980242451,Anaxyrus americanus,-69.157666,44.684506,2024,6.18916654586792,1007.0484619140625,78.0,-14.104000091552734,1007.0484619140625,78.0,-14.104000091552734
4978659388,Anaxyrus americanus,-69.463447,43.898347,2024,7.535745620727539,883.2525634765625,78.0,-9.421052932739258,883.2525634765625,78.0,-9.421052932739258
4978644446,Anaxyrus americanus,-70.190475,45.136167,2024,3.945666790008545,1058.35107421875,64.0,-17.435998916625977,1058.35107421875,64.0,-17.435998916625977
4978444039,Dryophytes versicolor,-68.744115,44.822167,2024,6.86566686630249,1019.4971923828125,71.0,-13.619999885559082,1019.4971923828125,71.0,-13.619999885559082
4978369048,Anaxyrus americanus,-68.884875,44.345113,2024,7.161403179168701,886.3173217773438,80.0,-10.59999942779541,886.3173217773438,80.0,-10.59999942779541
4978191168,Anaxyrus americanus,-70.441847,43.929995,2024,6.845666885375977,981.4913940429688,85.0,-13.260000228881836,981.4913940429688,85.0,-13.260000228881836
4976285028,Dryophytes versicolor,-70.854645,43.089356,2024,,,,,,,
4976202900,Dryophytes versicolor,-68.39778,44.569835,2024,6.762499809265137,981.9171752929688,78.0,-12.956000328063965,981.9171752929688,78.0,-12.956000328063965
4974286555,Anaxyrus americanus,-69.310651,44.398401,2024,6.6875,977.5900268554688,80.0,-12.776000022888184,977.5900268554688,80.0,-12.776000022888184
4974252613,Lithobates pipiens,-68.630361,45.920231,2024,4.843166351318359,1087.99169921875,56.0,-17.07200050354004,1087.99169921875,56.0,-17.07200050354004
4974182413,Anaxyrus americanus,-69.310462,44.454619,2024,6.458333492279053,977.8721923828125,80.0,-13.055999755859375,977.8721923828125,80.0,-13.055999755859375
4973912915,Dryophytes versicolor,-70.916402,43.126516,2023,,,,,,,
4973884751,Anaxyrus americanus,-69.305285,44.456437,2024,6.458333492279053,977.8721923828125,80.0,-13.055999755859375,977.8721923828125,80.0,-13.055999755859375
4973867132,Dryophytes versicolor,-68.061404,44.333567,2024,6.8611979484558105,866.7794799804688,75.0,-10.793749809265137,866.7794799804688,75.0,-10.793749809265137
4973820294,Dryophytes versicolor,-69.470619,44.588967,2020,6.684333324432373,1012.0117797851562,68.0,-13.895999908447266,1012.0117797851562,68.0,-13.895999908447266
4973799666,Dryophytes versicolor,-70.813399,43.361483,2024,7.714166641235352,948.2498168945312,87.0,-11.48799991607666,948.2498168945312,87.0,-11.48799991607666
4954758060,Dryophytes versicolor,-69.284589,45.333634,2024,4.80316686630249,1066.4923095703125,67.0,-16.92799949645996,1066.4923095703125,67.0,-16.92799949645996
4954750197,Anaxyrus americanus,-68.873998,47.096389,2024,2.4098331928253174,1145.8114013671875,61.0,-20.52400016784668,1145.8114013671875,61.0,-20.52400016784668
4954736203,Anaxyrus americanus,-68.56465,46.115194,2024,3.871666669845581,1114.9013671875,57.0,-18.823999404907227,1114.9013671875,57.0,-18.823999404907227
4954711176,Dryophytes versicolor,-70.198875,44.081043,2024,7.302000045776367,998.7686767578125,79.0,-12.460000038146973,998.7686767578125,79.0,-12.460000038146973
4954695378,Dryophytes versicolor,-70.521332,43.762143,2024,7.12833309173584,962.2102661132812,83.0,-12.668000221252441,962.2102661132812,83.0,-12.668000221252441
4954546343,Dryophytes versicolor,-69.054173,44.757349,2024,6.442500114440918,1011.37353515625,73.0,-14.067999839782715,1011.37353515625,73.0,-14.067999839782715
4954507205,Dryophytes versicolor,-70.792317,43.267745,2024,8.090666770935059,948.1780395507812,83.0,-10.9399995803833,948.1780395507812,83.0,-10.9399995803833
4954507188,Dryophytes versicolor,-68.590484,45.880246,2024,4.756999969482422,1090.1136474609375,59.0,-17.18000030517578,1090.1136474609375,59.0,-17.18000030517578
4954471785,Dryophytes versicolor,-69.834192,44.085849,2024,7.121833324432373,983.2495727539062,78.0,-12.307999610900879,983.2495727539062,78.0,-12.307999610900879
4954421110,Dryophytes versicolor,-70.103674,43.857543,2024,7.414311408996582,947.5896606445312,81.0,-11.343478202819824,947.5896606445312,81.0,-11.343478202819824
4954369408,Anaxyrus americanus,-70.319857,45.136208,2024,3.0968334674835205,1048.7525634765625,76.0,-17.763999938964844,1048.7525634765625,76.0,-17.763999938964844
4954337970,Dryophytes versicolor,-70.870038,43.19179,2024,,,,,,,
4954316131,Dryophytes versicolor,-70.556687,43.390312,2024,7.988166809082031,931.4705200195312,82.0,-10.723999977111816,931.4705200195312,82.0,-10.723999977111816
4953198640,Lithobates pipiens,-67.841131,46.230884,2024,4.332333564758301,1104.598876953125,59.0,-17.775999069213867,1104.598876953125,59.0,-17.775999069213867
4953091101,Anaxyrus americanus,-69.036383,45.874677,2024,4.179499626159668,1086.803955078125,54.0,-17.628000259399414,1086.803955078125,54.0,-17.628000259399414
4953064851,Anaxyrus americanus,-69.469192,44.012439,2024,7.489166736602783,929.9183959960938,79.0,-10.53600025177002,929.9183959960938,79.0,-10.53600025177002
4953056133,Anaxyrus americanus,-69.287624,45.480798,2024,4.2241668701171875,1067.6583251953125,65.0,-17.299999237060547,1067.6583251953125,65.0,-17.299999237060547
4952998061,Anaxyrus americanus,-70.425456,44.975875,2024,3.2784998416900635,1045.0538330078125,74.0,-17.59600067138672,1045.0538330078125,74.0,-17.59600067138672
4952888835,Anaxyrus americanus,-70.292122,43.88772,2024,7.0985002517700195,974.6211547851562,82.0,-12.52400016784668,974.6211547851562,82.0,-12.52400016784668
4952872540,Lithobates pipiens,-68.431269,45.900718,2020,4.7848334312438965,1093.5679931640625,59.0,-17.288000106811523,1093.5679931640625,59.0,-17.288000106811523
4952806855,Lithobates pipiens,-68.724343,44.900585,2024,6.447999954223633,1016.3721923828125,68.0,-13.955999374389648,1016.3721923828125,68.0,-13.955999374389648
4952586688,Dryophytes versicolor,-68.662292,44.90778,2024,6.609499931335449,1018.5863647460938,68.0,-13.807999610900879,1018.5863647460938,68.0,-13.807999610900879
4952412316,Anaxyrus americanus,-70.532539,43.557713,2024,7.5329999923706055,950.1115112304688,82.0,-11.86400032043457,950.1115112304688,82.0,-11.86400032043457
4952360698,Anaxyrus americanus,-70.556328,43.618417,2024,7.396833419799805,960.0033569335938,83.0,-12.411999702453613,960.0033569335938,83.0,-12.411999702453613
4952320793,Anaxyrus americanus,-69.967103,43.891883,2024,7.499833106994629,951.3106079101562,79.0,-11.196000099182129,951.3106079101562,79.0,-11.196000099182129
4952273261,Anaxyrus americanus,-68.721139,45.945504,2024,4.465000152587891,1087.68603515625,57.0,-17.275999069213867,1087.68603515625,57.0,-17.275999069213867
4952226294,Anaxyrus americanus,-69.027161,46.085328,2024,3.4671666622161865,1103.618408203125,53.0,-18.940000534057617,1103.618408203125,53.0,-18.940000534057617
4950611460,Anaxyrus americanus,-70.612938,43.902838,2024,7.1623334884643555,958.4794311523438,83.0,-12.604000091552734,958.4794311523438,83.0,-12.604000091552734
4950601727,Anaxyrus americanus,-68.414458,44.671122,2024,6.70283317565918,996.3406372070312,79.0,-13.415999412536621,996.3406372070312,79.0,-13.415999412536621
4950492764,Lithobates pipiens,-68.701919,44.908239,2024,6.562333106994629,1017.734375,68.0,-13.807999610900879,1017.734375,68.0,-13.807999610900879
4950486415,Lithobates pipiens,-68.73133,44.861278,2024,6.577000141143799,1016.5341796875,70.0,-13.859999656677246,1016.5341796875,70.0,-13.859999656677246
4950393199,Dryophytes versicolor,-69.489128,44.434927,2024,6.68149995803833,995.8087768554688,73.0,-13.255999565124512,995.8087768554688,73.0,-13.255999565124512
4950348180,Anaxyrus americanus,-70.084469,43.822592,2024,,,,,,,
4950280893,Anaxyrus americanus,-69.890083,43.932911,2024,7.6147918701171875,956.69775390625,78.0,-11.114999771118164,956.69775390625,78.0,-11.114999771118164
4950182764,Anaxyrus americanus,-70.206961,44.876217,2024,4.933500289916992,1045.770263671875,68.0,-16.624000549316406,1045.770263671875,68.0,-16.624000549316406
4950174386,Lithobates pipiens,-68.669555,44.894578,2024,6.562333106994629,1017.734375,68.0,-13.807999610900879,1017.734375,68.0,-13.807999610900879
4950161166,Dryophytes versicolor,-70.859695,44.40063,2024,5.893833637237549,1022.2346801757812,67.0,-15.119999885559082,1022.2346801757812,67.0,-15.119999885559082
4950055020,Anaxyrus americanus,-70.337677,45.110168,2024,3.8416666984558105,1052.4803466796875,65.0,-17.328001022338867,1052.4803466796875,65.0,-17.328001022338867
4950010946,Anaxyrus americanus,-70.342567,44.283792,2024,6.500833511352539,1009.2700805664062,75.0,-14.088000297546387,1009.2700805664062,75.0,-14.088000297546387
4949984973,Anaxyrus americanus,-68.346712,44.253958,2023,7.109375,906.3528442382812,75.0,-10.866666793823242,906.3528442382812,75.0,-10.866666793823242
4949962381,Anaxyrus americanus,-69.426567,45.378472,2024,4.403500080108643,1070.4959716796875,65.0,-17.299999237060547,1070.4959716796875,65.0,-17.299999237060547
4949943567,Anaxyrus americanus,-70.770387,44.276303,2024,6.042666912078857,1009.5172119140625,76.0,-14.887999534606934,1009.5172119140625,76.0,-14.887999534606934
4949920592,Anaxyrus americanus,-70.337677,45.110168,2024,3.8416666984558105,1052.4803466796875,65.0,-17.328001022338867,1052.4803466796875,65.0,-17.328001022338867
4949910302,Dryophytes versicolor,-70.859855,44.400478,2024,5.893833637237549,1022.2346801757812,67.0,-15.119999885559082,1022.2346801757812,67.0,-15.119999885559082
4949906991,Anaxyrus americanus,-68.900595,45.922323,2024,1.9283332824707031,1081.6168212890625,72.0,-19.04400062561035,1081.6168212890625,72.0,-19.04400062561035
4946702047,Lithobates pipiens,-69.342271,44.628653,2024,6.563666820526123,1011.065185546875,70.0,-14.01200008392334,1011.065185546875,70.0,-14.01200008392334
4946615606,Lithobates pipiens,-68.735062,44.861028,2024,6.577000141143799,1016.5341796875,70.0,-13.859999656677246,1016.5341796875,70.0,-13.859999656677246
4946604195,Dryophytes versicolor,-68.96907,44.82067,2024,6.440666675567627,1015.537109375,71.0,-14.140000343322754,1015.537109375,71.0,-14.140000343322754
4946528197,Anaxyrus americanus,-69.718242,44.337636,2011,7.04116678237915,1005.2614135742188,69.0,-13.100000381469727,1005.2614135742188,69.0,-13.100000381469727
4946439838,Anaxyrus americanus,-70.895421,44.636277,2024,4.026666641235352,1036.8416748046875,67.0,-16.895999908447266,1036.8416748046875,67.0,-16.895999908447266
4946430902,Dryophytes versicolor,-68.0614,44.332762,2024,,,,,,,
4946430700,Anaxyrus americanus,-68.429639,46.199784,2024,3.4863333702087402,1122.19677734375,57.0,-19.20800018310547,1122.19677734375,57.0,-19.20800018310547
4946404427,Anaxyrus americanus,-69.941875,43.814315,2024,7.696666717529297,895.9265747070312,77.0,-9.866666793823242,895.9265747070312,77.0,-9.866666793823242
4946393442,Anaxyrus americanus,-68.906641,45.924366,2024,1.9283332824707031,1081.6168212890625,72.0,-19.04400062561035,1081.6168212890625,72.0,-19.04400062561035
4946369634,Lithobates pipiens,-67.402971,45.141464,2024,6.062833309173584,1007.3968505859375,78.0,-14.600000381469727,1007.3968505859375,78.0,-14.600000381469727
4946305536,Anaxyrus americanus,-68.18245,45.311089,2024,5.579500198364258,1046.9647216796875,74.0,-15.739999771118164,1046.9647216796875,74.0,-15.739999771118164
4946225767,Lithobates pipiens,-68.546105,44.971176,2024,6.215666770935059,1022.820556640625,70.0,-14.45199966430664,1022.820556640625,70.0,-14.45199966430664
4946216347,Lithobates pipiens,-68.595695,46.110713,2024,3.8543334007263184,1111.10107421875,56.0,-18.788000106811523,1111.10107421875,56.0,-18.788000106811523
4946178122,Anaxyrus americanus,-69.62375,44.136631,2024,7.195333003997803,965.7000122070312,77.0,-11.776000022888184,965.7000122070312,77.0,-11.776000022888184
4946156841,Dryophytes versicolor,-70.529678,43.555908,2024,7.5329999923706055,950.1115112304688,82.0,-11.86400032043457,950.1115112304688,82.0,-11.86400032043457
4946134988,Anaxyrus americanus,-70.589037,43.922622,2024,6.918499946594238,980.228759765625,83.0,-13.456000328063965,980.228759765625,83.0,-13.456000328063965
4946120001,Anaxyrus americanus,-68.414322,44.671208,2024,6.70283317565918,996.3406372070312,79.0,-13.415999412536621,996.3406372070312,79.0,-13.415999412536621
4946090135,Anaxyrus americanus,-69.417947,45.379587,2024,4.403500080108643,1070.4959716796875,65.0,-17.299999237060547,1070.4959716796875,65.0,-17.299999237060547
4946059234,Anaxyrus americanus,-68.405329,46.017812,2024,4.265999794006348,1101.1578369140625,57.0,-18.224000930786133,1101.1578369140625,57.0,-18.224000930786133
4946058877,Lithobates pipiens,-68.736678,44.860875,2024,6.577000141143799,1016.5341796875,70.0,-13.859999656677246,1016.5341796875,70.0,-13.859999656677246
4946045674,Anaxyrus americanus,-68.341964,44.234617,2024,,,,,,,
4945967276,Anaxyrus americanus,-70.292045,43.888022,2024,7.0985002517700195,974.6211547851562,82.0,-12.52400016784668,974.6211547851562,82.0,-12.52400016784668
4945895289,Lithobates pipiens,-68.726775,44.82097,2024,6.86566686630249,1019.4971923828125,71.0,-13.619999885559082,1019.4971923828125,71.0,-13.619999885559082
4945852852,Anaxyrus americanus,-70.592803,43.921212,2024,6.918499946594238,980.228759765625,83.0,-13.456000328063965,980.228759765625,83.0,-13.456000328063965
4945803375,Dryophytes versicolor,-69.637009,44.18406,2024,7.1545000076293945,975.701171875,75.0,-12.168000221252441,975.701171875,75.0,-12.168000221252441
4945797389,Anaxyrus americanus,-69.565789,44.667232,2012,6.306666374206543,1028.130615234375,67.0,-14.696000099182129,1028.130615234375,67.0,-14.696000099182129
4945786488,Anaxyrus americanus,-69.532662,44.808322,2024,6.077666759490967,1031.4715576171875,67.0,-15.032000541687012,1031.4715576171875,67.0,-15.032000541687012
4945732780,Lithobates pipiens,-68.54293,44.954555,2024,6.275833606719971,1018.7763671875,70.0,-14.248000144958496,1018.7763671875,70.0,-14.248000144958496
4945693524,Lithobates pipiens,-68.718839,44.906482,2024,6.447999954223633,1016.3721923828125,68.0,-13.955999374389648,1016.3721923828125,68.0,-13.955999374389648
4945693179,Anaxyrus americanus,-70.936172,44.1839,2024,6.549833297729492,1008.40576171875,77.0,-14.515999794006348,1008.40576171875,77.0,-14.515999794006348
4945655917,Anaxyrus americanus,-68.389625,44.8,2023,6.356666564941406,1001.2944946289062,81.0,-13.859999656677246,1001.2944946289062,81.0,-13.859999656677246
4945653573,Anaxyrus americanus,-69.049095,45.349731,2024,5.31416654586792,1054.7391357421875,66.0,-16.187999725341797,1054.7391357421875,66.0,-16.187999725341797
4945628487,Anaxyrus americanus,-70.907005,43.305517,2024,7.94083309173584,960.4606323242188,82.0,-11.527999877929688,960.4606323242188,82.0,-11.527999877929688
4945572394,Anaxyrus americanus,-70.989078,44.779343,2024,4.207499980926514,1054.4251708984375,54.0,-17.312000274658203,1054.4251708984375,54.0,-17.312000274658203
4945560850,Anaxyrus americanus,-70.815697,44.042503,2024,6.46750020980835,1006.2122192382812,82.0,-14.644000053405762,1006.2122192382812,82.0,-14.644000053405762
4945544313,Anaxyrus americanus,-68.40845,46.175241,2024,3.7306666374206543,1117.344482421875,55.0,-19.020000457763672,1117.344482421875,55.0,-19.020000457763672
4945489975,Anaxyrus americanus,-68.908676,45.891383,2024,1.7834999561309814,1074.402587890625,75.0,-19.06800079345703,1074.402587890625,75.0,-19.06800079345703
4937262505,Lithobates pipiens,-68.004639,46.61303,2024,3.691499948501587,1117.73388671875,48.0,-18.299999237060547,1117.73388671875,48.0,-18.299999237060547
4937230025,Anaxyrus americanus,-69.965194,43.91589,2024,7.499833106994629,951.3106079101562,79.0,-11.196000099182129,951.3106079101562,79.0,-11.196000099182129
4937206001,Lithobates pipiens,-67.950997,46.6203,2024,3.8388333320617676,1118.7650146484375,49.0,-18.076000213623047,1118.7650146484375,49.0,-18.076000213623047
4937191629,Anaxyrus americanus,-67.84107,46.225615,2024,4.332333564758301,1104.598876953125,59.0,-17.775999069213867,1104.598876953125,59.0,-17.775999069213867
4937177125,Dryophytes versicolor,-70.109109,44.013676,2024,7.176833152770996,977.0897827148438,81.0,-12.144000053405762,977.0897827148438,81.0,-12.144000053405762
4937107180,Anaxyrus americanus,-70.707629,44.006411,2021,6.5938334465026855,1002.0035400390625,82.0,-14.444000244140625,1002.0035400390625,82.0,-14.444000244140625
4937030107,Dryophytes versicolor,-69.4581,44.214221,2024,7.07016658782959,964.1154174804688,78.0,-11.932000160217285,964.1154174804688,78.0,-11.932000160217285
4937011890,Anaxyrus americanus,-70.285728,45.146947,2024,3.1696667671203613,1049.2166748046875,76.0,-17.743999481201172,1049.2166748046875,76.0,-17.743999481201172
4937008577,Anaxyrus americanus,-68.805631,45.930342,2024,3.6440000534057617,1084.0391845703125,61.0,-17.86400032043457,1084.0391845703125,61.0,-17.86400032043457
4936963772,Anaxyrus americanus,-70.119208,44.226722,2024,6.75266695022583,1000.6239624023438,76.0,-13.267999649047852,1000.6239624023438,76.0,-13.267999649047852
4936926803,Anaxyrus americanus,-71.000747,44.557243,2024,4.092166900634766,1037.8721923828125,68.0,-16.851999282836914,1037.8721923828125,68.0,-16.851999282836914
4936911936,Anaxyrus americanus,-70.70485,43.962247,2024,6.5901665687561035,998.140380859375,83.0,-14.371999740600586,998.140380859375,83.0,-14.371999740600586
4936902776,Anaxyrus americanus,-69.502358,43.950633,2024,7.555166721343994,901.4869995117188,78.0,-9.87600040435791,901.4869995117188,78.0,-9.87600040435791
4936892160,Anaxyrus americanus,-69.564211,44.146686,2024,7.2143330574035645,960.4230346679688,78.0,-11.62399959564209,960.4230346679688,78.0,-11.62399959564209
4936864867,Anaxyrus americanus,-70.630882,43.40784,2024,7.875333309173584,946.164306640625,84.0,-11.248000144958496,946.164306640625,84.0,-11.248000144958496
4936848465,Lithobates pipiens,-68.719233,44.906405,2024,6.447999954223633,1016.3721923828125,68.0,-13.955999374389648,1016.3721923828125,68.0,-13.955999374389648
4936842743,Dryophytes versicolor,-69.636863,44.183717,2024,7.1545000076293945,975.701171875,75.0,-12.168000221252441,975.701171875,75.0,-12.168000221252441
4936796962,Lithobates pipiens,-70.201927,44.190118,2024,6.824666500091553,1004.1851806640625,77.0,-13.220000267028809,1004.1851806640625,77.0,-13.220000267028809
4936776650,Anaxyrus americanus,-70.224197,45.300612,2024,4.0316667556762695,1071.6678466796875,57.0,-17.59600067138672,1071.6678466796875,57.0,-17.59600067138672
4936776635,Anaxyrus americanus,-69.836717,43.714797,2024,7.704807758331299,862.8372192382812,76.0,-8.992307662963867,862.8372192382812,76.0,-8.992307662963867
4936760421,Anaxyrus americanus,-70.239176,44.477532,2024,6.029333114624023,1022.1182861328125,75.0,-14.855999946594238,1022.1182861328125,75.0,-14.855999946594238
4936720007,Anaxyrus americanus,-70.740447,44.847962,2024,3.816499948501587,1065.159912109375,63.0,-17.81999969482422,1065.159912109375,63.0,-17.81999969482422
4936709689,Anaxyrus americanus,-69.064731,44.23644,2024,6.89965295791626,935.4232177734375,83.0,-11.337499618530273,935.4232177734375,83.0,-11.337499618530273
4936707564,Anaxyrus americanus,-70.124047,44.024708,2024,7.176833152770996,977.0897827148438,81.0,-12.144000053405762,977.0897827148438,81.0,-12.144000053405762
4936668742,Anaxyrus americanus,-69.786092,43.87309,2024,,,,,,,
4936666777,Anaxyrus americanus,-68.586691,44.413897,2024,6.983333110809326,952.0177612304688,78.0,-11.847999572753906,952.0177612304688,78.0,-11.847999572753906
4936654588,Dryophytes versicolor,-69.636917,44.183917,2024,7.1545000076293945,975.701171875,75.0,-12.168000221252441,975.701171875,75.0,-12.168000221252441
4936634260,Anaxyrus americanus,-70.893611,44.661944,2024,4.026666641235352,1036.8416748046875,67.0,-16.895999908447266,1036.8416748046875,67.0,-16.895999908447266
4936607306,Anaxyrus americanus,-70.000175,45.678883,2024,3.3423335552215576,1090.6055908203125,56.0,-18.43199920654297,1090.6055908203125,56.0,-18.43199920654297
4936541680,Anaxyrus americanus,-70.401694,43.85925,2024,7.086166858673096,976.5992431640625,83.0,-12.779999732971191,976.5992431640625,83.0,-12.779999732971191
4936433527,Anaxyrus americanus,-69.106986,44.209822,2024,7.1670002937316895,940.2926635742188,81.0,-11.227999687194824,940.2926635742188,81.0,-11.227999687194824
4936420052,Anaxyrus americanus,-68.850377,45.93624,2021,2.86299991607666,1079.739013671875,64.0,-18.31999969482422,1079.739013671875,64.0,-18.31999969482422
4936410514,Anaxyrus americanus,-69.482514,44.411839,2024,6.719666481018066,986.6702270507812,74.0,-12.996000289916992,986.6702270507812,74.0,-12.996000289916992
4936337318,Anaxyrus americanus,-68.946791,45.954537,2024,0.8833333849906921,1081.3975830078125,84.0,-19.944000244140625,1081.3975830078125,84.0,-19.944000244140625
4936335934,Anaxyrus americanus,-70.600171,44.964072,2024,3.548166513442993,1072.740966796875,67.0,-18.18400001525879,1072.740966796875,67.0,-18.18400001525879
4936296026,Lithobates pipiens,-67.193732,44.672945,2024,6.133999824523926,924.7009887695312,78.0,-12.355999946594238,924.7009887695312,78.0,-12.355999946594238
4936283904,Anaxyrus americanus,-69.151839,44.217292,2024,6.7704997062683105,946.8226928710938,84.0,-11.696000099182129,946.8226928710938,84.0,-11.696000099182129
4936172522,Anaxyrus americanus,-70.234464,43.644519,2024,8.066319465637207,926.9019165039062,80.0,-10.366666793823242,926.9019165039062,80.0,-10.366666793823242
4936155794,Anaxyrus americanus,-70.685638,43.228833,2024,8.121500015258789,918.7810668945312,84.0,-10.079999923706055,918.7810668945312,84.0,-10.079999923706055
4936149795,Anaxyrus americanus,-68.85349,45.919313,2022,2.86299991607666,1079.739013671875,64.0,-18.31999969482422,1079.739013671875,64.0,-18.31999969482422
4936132239,Anaxyrus americanus,-69.523147,43.895262,2024,7.6572465896606445,871.941650390625,77.0,-9.186956405639648,871.941650390625,77.0,-9.186956405639648
4936092547,Lithobates pipiens,-69.127014,45.287323,2024,5.301166534423828,1056.2548828125,69.0,-16.27199935913086,1056.2548828125,69.0,-16.27199935913086
4936083616,Anaxyrus americanus,-70.695716,44.323235,2024,5.6601667404174805,1009.9796752929688,77.0,-15.079999923706055,1009.9796752929688,77.0,-15.079999923706055
4936082845,Anaxyrus americanus,-70.303505,44.770485,2024,4.959833145141602,1043.1600341796875,69.0,-16.40799903869629,1043.1600341796875,69.0,-16.40799903869629
4936056368,Anaxyrus americanus,-70.311739,45.066434,2024,3.6440000534057617,1051.5694580078125,69.0,-17.399999618530273,1051.5694580078125,69.0,-17.399999618530273
4936051822,Anaxyrus americanus,-70.814771,44.072879,2024,6.46750020980835,1006.2122192382812,82.0,-14.644000053405762,1006.2122192382812,82.0,-14.644000053405762
4936034744,Anaxyrus americanus,-69.626888,44.661936,2024,6.508166790008545,1025.691162109375,65.0,-14.460000038146973,1025.691162109375,65.0,-14.460000038146973
4936019662,Anaxyrus americanus,-70.575794,43.45163,2024,7.876166820526123,939.2447509765625,82.0,-11.112000465393066,939.2447509765625,82.0,-11.112000465393066
4935998084,Anaxyrus americanus,-70.50968,44.934662,2024,2.686833381652832,1045.182373046875,86.0,-17.86400032043457,1045.182373046875,86.0,-17.86400032043457
4935976233,Anaxyrus americanus,-69.473881,43.902285,2024,7.535745620727539,883.2525634765625,78.0,-9.421052932739258,883.2525634765625,78.0,-9.421052932739258
4935885789,Anaxyrus americanus,-70.455483,43.913403,2024,6.956833362579346,980.181884765625,85.0,-13.104000091552734,980.181884765625,85.0,-13.104000091552734
4935882941,Anaxyrus americanus,-70.799023,44.469159,2024,5.67383337020874,1024.9317626953125,65.0,-15.404000282287598,1024.9317626953125,65.0,-15.404000282287598
4935877211,Anaxyrus americanus,-70.513047,44.258883,2024,6.3451666831970215,1014.2173461914062,75.0,-14.5,1014.2173461914062,75.0,-14.5
4935868896,Anaxyrus americanus,-70.611838,43.219987,2024,8.272282600402832,904.3519287109375,81.0,-9.547825813293457,904.3519287109375,81.0,-9.547825813293457
4935816416,Anaxyrus americanus,-69.078064,44.201103,2024,7.273717880249023,927.6812744140625,81.0,-10.776923179626465,927.6812744140625,81.0,-10.776923179626465
4935778741,Anaxyrus americanus,-70.74945,43.745063,2024,6.8379998207092285,977.6327514648438,86.0,-13.675999641418457,977.6327514648438,86.0,-13.675999641418457
4935740150,Anaxyrus americanus,-70.695846,44.323487,2024,5.6601667404174805,1009.9796752929688,77.0,-15.079999923706055,1009.9796752929688,77.0,-15.079999923706055
4935699050,Anaxyrus americanus,-69.147964,44.217562,2024,6.7704997062683105,946.8226928710938,84.0,-11.696000099182129,946.8226928710938,84.0,-11.696000099182129
4935688346,Anaxyrus americanus,-70.704055,43.961503,2024,6.5901665687561035,998.140380859375,83.0,-14.371999740600586,998.140380859375,83.0,-14.371999740600586
4935672997,Anaxyrus americanus,-69.631664,44.659767,2024,6.508166790008545,1025.691162109375,65.0,-14.460000038146973,1025.691162109375,65.0,-14.460000038146973
4929319609,Dryophytes versicolor,-70.85666,44.56362,2024,5.023333549499512,1025.68505859375,64.0,-15.96399974822998,1025.68505859375,64.0,-15.96399974822998
4929319541,Anaxyrus americanus,-70.85654,44.56372,2024,5.023333549499512,1025.68505859375,64.0,-15.96399974822998,1025.68505859375,64.0,-15.96399974822998
4929319457,Anaxyrus americanus,-70.85654,44.56372,2024,5.023333549499512,1025.68505859375,64.0,-15.96399974822998,1025.68505859375,64.0,-15.96399974822998
4929319324,Lithobates pipiens,-67.689348,45.226456,2024,5.836833477020264,1024.974853515625,78.0,-15.303999900817871,1024.974853515625,78.0,-15.303999900817871
4929319323,Lithobates pipiens,-67.689348,45.226456,2024,5.836833477020264,1024.974853515625,78.0,-15.303999900817871,1024.974853515625,78.0,-15.303999900817871
4926381023,Anaxyrus americanus,-68.874808,45.92113,2024,2.86299991607666,1079.739013671875,64.0,-18.31999969482422,1079.739013671875,64.0,-18.31999969482422
4926366628,Anaxyrus americanus,-68.49561,45.197985,2024,5.890833377838135,1039.5069580078125,71.0,-15.248000144958496,1039.5069580078125,71.0,-15.248000144958496
4926364127,Anaxyrus americanus,-68.580356,46.188145,2024,3.7843332290649414,1114.473876953125,54.0,-19.09200096130371,1114.473876953125,54.0,-19.09200096130371
4926351627,Anaxyrus americanus,-68.944883,45.947156,2024,0.8833333849906921,1081.3975830078125,84.0,-19.944000244140625,1081.3975830078125,84.0,-19.944000244140625
4926350754,Anaxyrus americanus,-68.876137,44.45108,2024,,,,,,,
4926336845,Anaxyrus americanus,-70.266037,43.827484,2024,7.257833480834961,958.3055419921875,82.0,-11.996000289916992,958.3055419921875,82.0,-11.996000289916992
4926336792,Anaxyrus americanus,-68.895737,45.921683,2024,1.9283332824707031,1081.6168212890625,72.0,-19.04400062561035,1081.6168212890625,72.0,-19.04400062561035
4926320846,Anaxyrus americanus,-70.363922,44.042472,2024,6.886666774749756,993.9820556640625,80.0,-13.236000061035156,993.9820556640625,80.0,-13.236000061035156
4926317809,Anaxyrus americanus,-68.492188,46.005495,2024,4.053666591644287,1099.9935302734375,58.0,-18.38399887084961,1099.9935302734375,58.0,-18.38399887084961
4926295093,Anaxyrus americanus,-70.30541,43.683995,2024,7.831333160400391,959.189208984375,81.0,-11.355999946594238,959.189208984375,81.0,-11.355999946594238
4926251638,Dryophytes versicolor,-70.889709,43.164337,2024,,,,,,,
4926240492,Anaxyrus americanus,-70.295717,43.754322,2024,7.285333156585693,957.3309936523438,82.0,-12.027999877929688,957.3309936523438,82.0,-12.027999877929688
4926224188,Anaxyrus americanus,-70.80168,45.001829,2024,3.7096667289733887,1067.071044921875,61.0,-17.899999618530273,1067.071044921875,61.0,-17.899999618530273
4926219012,Anaxyrus americanus,-68.497148,45.201867,2024,5.890833377838135,1039.5069580078125,71.0,-15.248000144958496,1039.5069580078125,71.0,-15.248000144958496
4926216064,Anaxyrus americanus,-70.593978,43.322105,2024,8.071000099182129,922.8304443359375,82.0,-10.260000228881836,922.8304443359375,82.0,-10.260000228881836
4926186569,Anaxyrus americanus,-69.080308,45.754597,2024,4.387166500091553,1087.8331298828125,55.0,-17.47599983215332,1087.8331298828125,55.0,-17.47599983215332
4926183780,Anaxyrus americanus,-71.001572,44.237162,2024,,,,,,,
4926181536,Lithobates pipiens,-68.444089,46.049852,2024,3.9665000438690186,1102.7777099609375,58.0,-18.54400062561035,1102.7777099609375,58.0,-18.54400062561035
4926172312,Dryophytes versicolor,-68.388019,44.705656,2024,6.70283317565918,996.3406372070312,79.0,-13.415999412536621,996.3406372070312,79.0,-13.415999412536621
4926160687,Anaxyrus americanus,-68.518928,44.267241,2024,,,,,,,
4926159795,Anaxyrus americanus,-70.148022,44.679531,2024,5.76633358001709,1037.781982421875,73.0,-15.859999656677246,1037.781982421875,73.0,-15.859999656677246
4926155514,Anaxyrus americanus,-69.307403,44.465808,2024,6.334333419799805,982.3825073242188,79.0,-13.291999816894531,982.3825073242188,79.0,-13.291999816894531
4926146661,Anaxyrus americanus,-67.516596,44.723563,2024,6.229666709899902,959.074462890625,78.0,-13.416000366210938,959.074462890625,78.0,-13.416000366210938
4926129531,Anaxyrus americanus,-70.8814,45.062142,2024,3.509666681289673,1069.699951171875,63.0,-18.016000747680664,1069.699951171875,63.0,-18.016000747680664
4926129335,Anaxyrus americanus,-68.995528,44.338719,2024,6.944999694824219,942.6117553710938,83.0,-11.652000427246094,942.6117553710938,83.0,-11.652000427246094
4926115853,Anaxyrus americanus,-68.993694,44.337208,2024,6.944999694824219,942.6117553710938,83.0,-11.652000427246094,942.6117553710938,83.0,-11.652000427246094
4926107282,Anaxyrus americanus,-69.0468,44.324238,2024,7.104166507720947,946.0034790039062,82.0,-11.604000091552734,946.0034790039062,82.0,-11.604000091552734
4926091974,Anaxyrus americanus,-70.057232,43.999304,2024,7.223833084106445,967.0440063476562,82.0,-11.880000114440918,967.0440063476562,82.0,-11.880000114440918
4926073636,Anaxyrus americanus,-70.149405,44.667367,2024,5.76633358001709,1037.781982421875,73.0,-15.859999656677246,1037.781982421875,73.0,-15.859999656677246
4926072961,Anaxyrus americanus,-69.375405,45.415787,2024,4.480000019073486,1070.77685546875,65.0,-17.20400047302246,1070.77685546875,65.0,-17.20400047302246
4926068779,Anaxyrus americanus,-69.59501,44.347603,2024,7.012333393096924,995.3817749023438,71.0,-12.944000244140625,995.3817749023438,71.0,-12.944000244140625
4926040967,Anaxyrus americanus,-70.814319,44.420614,2024,5.888333320617676,1025.17626953125,65.0,-15.263999938964844,1025.17626953125,65.0,-15.263999938964844
4926019453,Anaxyrus americanus,-70.262695,43.819892,2024,7.257833480834961,958.3055419921875,82.0,-11.996000289916992,958.3055419921875,82.0,-11.996000289916992
4925999392,Anaxyrus americanus,-68.70558,44.229295,2024,,,,,,,
4925995368,Anaxyrus americanus,-69.180078,44.21318,2024,6.935500144958496,952.14892578125,83.0,-11.699999809265137,952.14892578125,83.0,-11.699999809265137
4925977123,Anaxyrus americanus,-68.536912,44.287272,2024,,,,,,,
4925970276,Anaxyrus americanus,-70.83844,43.912079,2024,6.638166427612305,1001.8033447265625,85.0,-14.572000503540039,1001.8033447265625,85.0,-14.572000503540039
4925967467,Dryophytes versicolor,-70.705362,43.09742,2024,8.609000205993652,900.3008422851562,79.0,-9.008000373840332,900.3008422851562,79.0,-9.008000373840332
4925945982,Anaxyrus americanus,-70.292022,43.888012,2024,7.0985002517700195,974.6211547851562,82.0,-12.52400016784668,974.6211547851562,82.0,-12.52400016784668
4925944311,Anaxyrus americanus,-70.76936,45.208954,2024,2.758833408355713,1066.2437744140625,77.0,-18.420000076293945,1066.2437744140625,77.0,-18.420000076293945
4925932838,Anaxyrus americanus,-70.147744,44.679625,2024,5.76633358001709,1037.781982421875,73.0,-15.859999656677246,1037.781982421875,73.0,-15.859999656677246
4925923287,Anaxyrus americanus,-68.90998,45.917728,2024,1.9283332824707031,1081.6168212890625,72.0,-19.04400062561035,1081.6168212890625,72.0,-19.04400062561035
4925920750,Anaxyrus americanus,-68.877787,44.363762,2024,7.161403179168701,886.3173217773438,80.0,-10.59999942779541,886.3173217773438,80.0,-10.59999942779541
4925899417,Anaxyrus americanus,-69.80172,44.287483,2024,7.03849983215332,1002.0171508789062,72.0,-12.935999870300293,1002.0171508789062,72.0,-12.935999870300293
4925891097,Dryophytes versicolor,-70.243728,44.197412,2024,6.800333499908447,1004.172119140625,77.0,-13.300000190734863,1004.172119140625,77.0,-13.300000190734863
4925883599,Anaxyrus americanus,-69.741669,45.692535,2024,3.886833429336548,1083.54248046875,56.0,-17.90399932861328,1083.54248046875,56.0,-17.90399932861328
4925878632,Anaxyrus americanus,-68.425497,46.119398,2024,3.7016665935516357,1108.703125,58.0,-18.76799964904785,1108.703125,58.0,-18.76799964904785
4925874828,Anaxyrus americanus,-70.8816,45.063736,2024,3.509666681289673,1069.699951171875,63.0,-18.016000747680664,1069.699951171875,63.0,-18.016000747680664
4925863041,Anaxyrus americanus,-67.869911,46.721992,2024,3.7230000495910645,1128.9176025390625,54.0,-18.260000228881836,1128.9176025390625,54.0,-18.260000228881836
4925857857,Anaxyrus americanus,-69.997283,44.417756,2024,6.501166820526123,1018.360595703125,72.0,-14.180000305175781,1018.360595703125,72.0,-14.180000305175781
4925845191,Anaxyrus americanus,-70.152267,44.680534,2024,5.76633358001709,1037.781982421875,73.0,-15.859999656677246,1037.781982421875,73.0,-15.859999656677246
4925837053,Dryophytes versicolor,-70.603108,43.501414,2024,7.540333271026611,952.433349609375,84.0,-11.984000205993652,952.433349609375,84.0,-11.984000205993652
4925831165,Anaxyrus americanus,-68.877433,44.364025,2024,7.161403179168701,886.3173217773438,80.0,-10.59999942779541,886.3173217773438,80.0,-10.59999942779541
4925813701,Anaxyrus americanus,-68.648314,44.229993,2024,7.239673614501953,899.757080078125,76.0,-10.456521987915039,899.757080078125,76.0,-10.456521987915039
4924176436,Anaxyrus americanus,-70.63836,44.146598,2024,6.452166557312012,1005.82666015625,80.0,-14.51200008392334,1005.82666015625,80.0,-14.51200008392334
4924172779,Anaxyrus americanus,-70.60301,43.50162,2024,7.540333271026611,952.433349609375,84.0,-11.984000205993652,952.433349609375,84.0,-11.984000205993652
4924171048,Anaxyrus americanus,-70.14238,43.971383,2024,7.163166522979736,970.7830200195312,81.0,-12.079999923706055,970.7830200195312,81.0,-12.079999923706055
4924080229,Anaxyrus americanus,-70.028158,44.319276,2024,6.668833255767822,1011.173828125,75.0,-13.612000465393066,1011.173828125,75.0,-13.612000465393066
4924067143,Anaxyrus americanus,-68.865907,46.139165,2024,3.7266666889190674,1110.92822265625,53.0,-18.871999740600586,1110.92822265625,53.0,-18.871999740600586
4924063606,Anaxyrus americanus,-69.392333,44.452542,2024,6.376500129699707,987.0676879882812,78.0,-13.303999900817871,987.0676879882812,78.0,-13.303999900817871
4924058320,Anaxyrus americanus,-68.340691,44.25342,2024,7.109375,906.3528442382812,75.0,-10.866666793823242,906.3528442382812,75.0,-10.866666793823242
4924051528,Anaxyrus americanus,-69.292684,43.961895,2024,,,,,,,
4924037480,Anaxyrus americanus,-68.343833,44.245189,2024,,,,,,,
4924013983,Anaxyrus americanus,-70.172661,44.116281,2024,7.293666362762451,1008.8617553710938,79.0,-12.704000473022461,1008.8617553710938,79.0,-12.704000473022461
4924009427,Lithobates pipiens,-68.198235,46.0047,2024,4.309333324432373,1098.5792236328125,60.0,-17.983999252319336,1098.5792236328125,60.0,-17.983999252319336
4924001385,Anaxyrus americanus,-70.508622,43.760188,2024,7.12833309173584,962.2102661132812,83.0,-12.668000221252441,962.2102661132812,83.0,-12.668000221252441
4923998970,Dryophytes versicolor,-70.465888,43.845378,2024,7.190333366394043,964.6398315429688,83.0,-12.515999794006348,964.6398315429688,83.0,-12.515999794006348
4923995153,Anaxyrus americanus,-69.081269,45.7557,2024,4.387166500091553,1087.8331298828125,55.0,-17.47599983215332,1087.8331298828125,55.0,-17.47599983215332
4923992814,Anaxyrus americanus,-70.407517,44.110101,2024,6.769166469573975,998.0711059570312,79.0,-13.54800033569336,998.0711059570312,79.0,-13.54800033569336
4923969873,Anaxyrus americanus,-68.881012,45.921433,2024,1.9283332824707031,1081.6168212890625,72.0,-19.04400062561035,1081.6168212890625,72.0,-19.04400062561035
4923953565,Anaxyrus americanus,-69.038064,44.335953,2024,6.885833263397217,950.2058715820312,83.0,-11.880000114440918,950.2058715820312,83.0,-11.880000114440918
4923927711,Anaxyrus americanus,-70.396915,43.553435,2024,7.7191667556762695,936.5362548828125,80.0,-11.092000007629395,936.5362548828125,80.0,-11.092000007629395
4923917010,Anaxyrus americanus,-68.306146,44.243059,2024,7.106249809265137,895.186279296875,74.0,-10.649999618530273,895.186279296875,74.0,-10.649999618530273
4923904064,Anaxyrus americanus,-70.302114,43.951725,2024,7.020500183105469,978.892822265625,82.0,-12.704000473022461,978.892822265625,82.0,-12.704000473022461
4923902217,Dryophytes versicolor,-70.200295,43.804008,2024,7.439930438995361,950.9321899414062,81.0,-11.441666603088379,950.9321899414062,81.0,-11.441666603088379
4923890792,Anaxyrus americanus,-68.357934,44.278771,2024,7.109375,906.3528442382812,75.0,-10.866666793823242,906.3528442382812,75.0,-10.866666793823242
4923885345,Anaxyrus americanus,-69.064784,44.209793,2024,6.89965295791626,935.4232177734375,83.0,-11.337499618530273,935.4232177734375,83.0,-11.337499618530273
4923860430,Anaxyrus americanus,-69.517704,44.052944,2024,,,,,,,
4923859232,Anaxyrus americanus,-69.783867,43.752617,2024,,,,,,,
4923857115,Dryophytes versicolor,-70.066894,43.831142,2024,,,,,,,
4923821730,Anaxyrus americanus,-70.675042,44.1369,2024,6.421833515167236,1006.4935913085938,81.0,-14.619999885559082,1006.4935913085938,81.0,-14.619999885559082
4923821035,Anaxyrus americanus,-70.510872,43.763222,2024,7.12833309173584,962.2102661132812,83.0,-12.668000221252441,962.2102661132812,83.0,-12.668000221252441
4923790581,Anaxyrus americanus,-67.145058,44.690653,2024,6.150781154632568,923.06884765625,78.0,-12.231249809265137,923.06884765625,78.0,-12.231249809265137
4923788192,Anaxyrus americanus,-69.0717,44.335445,2024,6.846166610717773,952.9188232421875,84.0,-11.984000205993652,952.9188232421875,84.0,-11.984000205993652
4923781313,Anaxyrus americanus,-68.306546,44.24351,2024,7.106249809265137,895.186279296875,74.0,-10.649999618530273,895.186279296875,74.0,-10.649999618530273
4923778033,Anaxyrus americanus,-70.496445,44.042972,2024,6.818333148956299,996.4578857421875,80.0,-13.711999893188477,996.4578857421875,80.0,-13.711999893188477
4923771669,Anaxyrus americanus,-70.313325,44.965375,2024,2.9064998626708984,1038.439697265625,83.0,-17.607999801635742,1038.439697265625,83.0,-17.607999801635742
4923754228,Dryophytes versicolor,-68.569099,44.627228,2024,6.561833381652832,990.409912109375,82.0,-13.32800006866455,990.409912109375,82.0,-13.32800006866455
4923737218,Dryophytes versicolor,-67.444478,44.732816,2024,6.336166858673096,956.1467895507812,78.0,-13.15999984741211,956.1467895507812,78.0,-13.15999984741211
4923736019,Anaxyrus americanus,-70.152367,44.680488,2024,5.76633358001709,1037.781982421875,73.0,-15.859999656677246,1037.781982421875,73.0,-15.859999656677246
4923722811,Anaxyrus americanus,-68.305359,44.242235,2024,7.106249809265137,895.186279296875,74.0,-10.649999618530273,895.186279296875,74.0,-10.649999618530273
4923715013,Dryophytes versicolor,-68.060089,44.337381,2024,6.8611979484558105,866.7794799804688,75.0,-10.793749809265137,866.7794799804688,75.0,-10.793749809265137
4923714365,Anaxyrus americanus,-69.395648,43.988306,2024,,,,,,,
4923708201,Anaxyrus americanus,-68.306249,44.24308,2024,7.106249809265137,895.186279296875,74.0,-10.649999618530273,895.186279296875,74.0,-10.649999618530273
4923704324,Dryophytes versicolor,-69.661034,43.872912,2024,7.671229839324951,873.7918701171875,77.0,-9.295238494873047,873.7918701171875,77.0,-9.295238494873047
4923699210,Anaxyrus americanus,-70.6466,43.52012,2024,7.513166904449463,954.8770141601562,84.0,-12.119999885559082,954.8770141601562,84.0,-12.119999885559082
4923699132,Dryophytes versicolor,-68.132211,44.382862,2024,,,,,,,
4923690357,Anaxyrus americanus,-68.306205,44.243071,2024,7.106249809265137,895.186279296875,74.0,-10.649999618530273,895.186279296875,74.0,-10.649999618530273
4923678080,Anaxyrus americanus,-70.329872,44.965053,2024,2.9064998626708984,1038.439697265625,83.0,-17.607999801635742,1038.439697265625,83.0,-17.607999801635742
4923658019,Lithobates pipiens,-67.835953,46.131027,2024,4.518166542053223,1107.4674072265625,61.0,-17.672000885009766,1107.4674072265625,61.0,-17.672000885009766
4923645272,Anaxyrus americanus,-68.305513,44.242457,2024,7.106249809265137,895.186279296875,74.0,-10.649999618530273,895.186279296875,74.0,-10.649999618530273
4923610628,Anaxyrus americanus,-68.305324,44.242199,2024,7.106249809265137,895.186279296875,74.0,-10.649999618530273,895.186279296875,74.0,-10.649999618530273
4923597098,Anaxyrus americanus,-70.274162,44.931867,2024,4.083499908447266,1038.99267578125,73.0,-17.003999710083008,1038.99267578125,73.0,-17.003999710083008
4923593402,Lithobates pipiens,-68.394668,45.962103,2024,4.631499767303467,1097.5069580078125,57.0,-17.559999465942383,1097.5069580078125,57.0,-17.559999465942383
4923582140,Anaxyrus americanus,-69.573733,43.939781,2024,7.636666774749756,895.3584594726562,78.0,-9.744999885559082,895.3584594726562,78.0,-9.744999885559082
4923576582,Lithobates pipiens,-67.933989,46.516773,2024,3.755500078201294,1111.1646728515625,52.0,-18.07200050354004,1111.1646728515625,52.0,-18.07200050354004
4921988347,Anaxyrus americanus,-70.346107,44.80457,2024,5.304500102996826,1045.8538818359375,65.0,-16.284000396728516,1045.8538818359375,65.0,-16.284000396728516
4921985151,Dryophytes versicolor,-70.378529,43.606143,2024,7.627833366394043,945.665771484375,80.0,-11.4399995803833,945.665771484375,80.0,-11.4399995803833
4921979266,Lithobates pipiens,-68.735096,44.860839,2024,6.577000141143799,1016.5341796875,70.0,-13.859999656677246,1016.5341796875,70.0,-13.859999656677246
4921961459,Dryophytes versicolor,-70.479499,44.336352,2024,5.912833213806152,1013.578369140625,76.0,-14.788000106811523,1013.578369140625,76.0,-14.788000106811523
4921957740,Dryophytes versicolor,-70.124022,44.024795,2024,7.176833152770996,977.0897827148438,81.0,-12.144000053405762,977.0897827148438,81.0,-12.144000053405762
4921882483,Dryophytes versicolor,-70.850992,43.294012,2024,7.880499839782715,954.80712890625,85.0,-11.407999992370605,954.80712890625,85.0,-11.407999992370605
4921824325,Lithobates pipiens,-68.44144,46.085713,2024,3.7016665935516357,1108.703125,58.0,-18.76799964904785,1108.703125,58.0,-18.76799964904785
4921754368,Anaxyrus americanus,-69.77406,44.399268,2024,6.774333477020264,1007.16650390625,70.0,-13.371999740600586,1007.16650390625,70.0,-13.371999740600586
4921741717,Anaxyrus americanus,-70.088019,43.823112,2024,,,,,,,
4921707961,Dryophytes versicolor,-70.626839,43.222771,2024,8.21833324432373,912.47216796875,82.0,-9.812000274658203,912.47216796875,82.0,-9.812000274658203
4921705554,Lithobates pipiens,-67.938312,45.775142,2024,5.0960001945495605,1070.60009765625,65.0,-16.700000762939453,1070.60009765625,65.0,-16.700000762939453
4921672506,Anaxyrus americanus,-68.802129,47.037215,2024,2.3878333568573,1142.4344482421875,60.0,-20.624000549316406,1142.4344482421875,60.0,-20.624000549316406
4921661748,Dryophytes versicolor,-70.8945,44.1283,2024,6.535000324249268,1014.0557250976562,80.0,-14.64799976348877,1014.0557250976562,80.0,-14.64799976348877
4921633059,Anaxyrus americanus,-70.49203,44.03001,2024,6.7841668128967285,994.3599243164062,83.0,-13.744000434875488,994.3599243164062,83.0,-13.744000434875488
4921618948,Anaxyrus americanus,-67.144583,44.688553,2024,6.150781154632568,923.06884765625,78.0,-12.231249809265137,923.06884765625,78.0,-12.231249809265137
4921598090,Dryophytes versicolor,-68.059216,44.3368,2024,6.8611979484558105,866.7794799804688,75.0,-10.793749809265137,866.7794799804688,75.0,-10.793749809265137
4921540161,Dryophytes versicolor,-70.320975,44.412147,2024,6.188666820526123,1015.3579711914062,73.0,-14.508000373840332,1015.3579711914062,73.0,-14.508000373840332
4921523160,Dryophytes versicolor,-70.522591,43.757172,2024,7.12833309173584,962.2102661132812,83.0,-12.668000221252441,962.2102661132812,83.0,-12.668000221252441
4921502735,Dryophytes versicolor,-68.612992,44.766831,2024,6.500999927520752,1007.5053100585938,76.0,-13.708000183105469,1007.5053100585938,76.0,-13.708000183105469
4921502522,Anaxyrus americanus,-67.833567,46.133082,2024,4.518166542053223,1107.4674072265625,61.0,-17.672000885009766,1107.4674072265625,61.0,-17.672000885009766
4921498462,Anaxyrus americanus,-67.021836,44.864322,2024,6.387744903564453,877.0745849609375,77.0,-11.24117660522461,877.0745849609375,77.0,-11.24117660522461
4921476840,Anaxyrus americanus,-68.643708,44.631083,2024,6.339666843414307,993.2438354492188,84.0,-13.503999710083008,993.2438354492188,84.0,-13.503999710083008
4921466019,Anaxyrus americanus,-70.292013,43.888017,2024,7.0985002517700195,974.6211547851562,82.0,-12.52400016784668,974.6211547851562,82.0,-12.52400016784668
4921444877,Anaxyrus americanus,-69.939863,43.818112,2024,7.696666717529297,895.9265747070312,77.0,-9.866666793823242,895.9265747070312,77.0,-9.866666793823242
4921425691,Dryophytes versicolor,-70.522591,43.757172,2024,7.12833309173584,962.2102661132812,83.0,-12.668000221252441,962.2102661132812,83.0,-12.668000221252441
4919687734,Lithobates pipiens,-68.058901,46.683495,2024,3.9103333950042725,1128.9730224609375,47.0,-18.31599998474121,1128.9730224609375,47.0,-18.31599998474121
4919664560,Dryophytes versicolor,-70.628792,43.220272,2024,8.21833324432373,912.47216796875,82.0,-9.812000274658203,912.47216796875,82.0,-9.812000274658203
4919595719,Dryophytes versicolor,-70.869253,44.049262,2024,6.543333530426025,1010.4114379882812,82.0,-14.636000633239746,1010.4114379882812,82.0,-14.636000633239746
4919553546,Dryophytes versicolor,-70.825373,44.173703,2024,6.274666786193848,1005.5418090820312,79.0,-14.732000350952148,1005.5418090820312,79.0,-14.732000350952148
4919476715,Anaxyrus americanus,-70.093313,44.739917,2024,5.473333358764648,1037.3858642578125,73.0,-16.040000915527344,1037.3858642578125,73.0,-16.040000915527344
4919372827,Lithobates pipiens,-67.288554,45.151442,2024,6.078500270843506,997.8213500976562,78.0,-14.211999893188477,997.8213500976562,78.0,-14.211999893188477
4919323687,Anaxyrus americanus,-70.124153,44.024947,2024,7.176833152770996,977.0897827148438,81.0,-12.144000053405762,977.0897827148438,81.0,-12.144000053405762
4919227301,Lithobates pipiens,-69.328831,44.612295,2018,6.544333457946777,1005.1400756835938,73.0,-13.779999732971191,1005.1400756835938,73.0,-13.779999732971191
4919218677,Dryophytes versicolor,-68.06105,44.332878,2024,,,,,,,
4919198697,Anaxyrus americanus,-69.298272,44.519525,2024,6.397166728973389,993.0767211914062,77.0,-13.456000328063965,993.0767211914062,77.0,-13.456000328063965
4919156986,Anaxyrus americanus,-68.086072,44.629084,2024,6.308833122253418,980.9580078125,79.0,-13.543999671936035,980.9580078125,79.0,-13.543999671936035
4919134468,Dryophytes versicolor,-69.069451,44.881564,2024,6.133333206176758,1027.5889892578125,71.0,-14.723999977111816,1027.5889892578125,71.0,-14.723999977111816
4919133330,Anaxyrus americanus,-70.604287,43.966321,2024,6.833666801452637,996.0924682617188,83.0,-13.979999542236328,996.0924682617188,83.0,-13.979999542236328
4919132492,Anaxyrus americanus,-69.1795,44.684418,2024,6.294666767120361,1009.5563354492188,75.0,-14.095999717712402,1009.5563354492188,75.0,-14.095999717712402
4919120170,Anaxyrus americanus,-70.348591,43.569388,2020,7.8378472328186035,933.6320190429688,79.0,-10.8125,933.6320190429688,79.0,-10.8125
4919096345,Anaxyrus americanus,-68.164105,46.613649,2024,3.7190001010894775,1124.14404296875,48.0,-18.90399932861328,1124.14404296875,48.0,-18.90399932861328
4911138188,Dryophytes versicolor,-70.518942,43.637858,2023,7.278833389282227,964.1917114257812,82.0,-12.567999839782715,964.1917114257812,82.0,-12.567999839782715
4911100134,Dryophytes versicolor,-67.974606,46.027458,2024,4.2816667556762695,1090.98974609375,62.0,-17.687999725341797,1090.98974609375,62.0,-17.687999725341797
4911056342,Anaxyrus americanus,-70.708333,43.969167,2024,6.5901665687561035,998.140380859375,83.0,-14.371999740600586,998.140380859375,83.0,-14.371999740600586
4911012680,Dryophytes versicolor,-70.043113,44.193641,2024,6.796666622161865,999.9151000976562,77.0,-13.107999801635742,999.9151000976562,77.0,-13.107999801635742
4911009408,Anaxyrus americanus,-70.529994,44.433391,2024,5.453833103179932,1021.2543334960938,75.0,-15.276000022888184,1021.2543334960938,75.0,-15.276000022888184
4910890213,Anaxyrus americanus,-68.536362,44.287903,2024,,,,,,,
4910847375,Anaxyrus americanus,-70.87805,44.114837,2024,6.605000019073486,1018.7252807617188,81.0,-14.715999603271484,1018.7252807617188,81.0,-14.715999603271484
4910815659,Anaxyrus americanus,-68.676115,45.876471,2024,4.512666702270508,1087.3382568359375,58.0,-17.288000106811523,1087.3382568359375,58.0,-17.288000106811523
4910754531,Anaxyrus americanus,-69.563091,44.148622,2024,7.2143330574035645,960.4230346679688,78.0,-11.62399959564209,960.4230346679688,78.0,-11.62399959564209
4910749669,Anaxyrus americanus,-68.637467,44.934325,2024,6.517666816711426,1025.43017578125,68.0,-14.072000503540039,1025.43017578125,68.0,-14.072000503540039
4910714031,Dryophytes versicolor,-70.439208,43.747288,2024,7.2769999504089355,967.3765869140625,81.0,-12.423999786376953,967.3765869140625,81.0,-12.423999786376953
4910637517,Anaxyrus americanus,-67.136603,44.712056,2024,6.146833419799805,933.43359375,77.0,-12.472000122070312,933.43359375,77.0,-12.472000122070312
4909310372,Anaxyrus americanus,-70.25843,43.809525,2024,7.257833480834961,958.3055419921875,82.0,-11.996000289916992,958.3055419921875,82.0,-11.996000289916992
4909273766,Anaxyrus americanus,-70.802942,44.165231,2024,6.347833156585693,1004.0897216796875,81.0,-14.684000015258789,1004.0897216796875,81.0,-14.684000015258789
4909238990,Dryophytes versicolor,-67.850012,46.566282,2024,3.8563332557678223,1116.8626708984375,53.0,-17.95199966430664,1116.8626708984375,53.0,-17.95199966430664
4909221074,Dryophytes versicolor,-70.869253,44.049262,2024,6.543333530426025,1010.4114379882812,82.0,-14.636000633239746,1010.4114379882812,82.0,-14.636000633239746
4909190980,Anaxyrus americanus,-70.871972,44.213945,2024,6.290499687194824,1008.4392700195312,77.0,-14.760000228881836,1008.4392700195312,77.0,-14.760000228881836
4909178895,Anaxyrus americanus,-69.834327,44.086172,2024,7.121833324432373,983.2495727539062,78.0,-12.307999610900879,983.2495727539062,78.0,-12.307999610900879
4909171817,Dryophytes versicolor,-70.321153,44.412113,2024,6.188666820526123,1015.3579711914062,73.0,-14.508000373840332,1015.3579711914062,73.0,-14.508000373840332
4909171236,Anaxyrus americanus,-69.763367,44.677605,2024,6.255000114440918,1032.4866943359375,65.0,-14.96399974822998,1032.4866943359375,65.0,-14.96399974822998
4909170521,Anaxyrus americanus,-70.631014,43.40732,2024,7.875333309173584,946.164306640625,84.0,-11.248000144958496,946.164306640625,84.0,-11.248000144958496
4909159859,Dryophytes versicolor,-68.628016,44.61763,2021,6.58050012588501,989.641357421875,82.0,-13.187999725341797,989.641357421875,82.0,-13.187999725341797
4909124943,Anaxyrus americanus,-70.363988,44.042553,2024,6.886666774749756,993.9820556640625,80.0,-13.236000061035156,993.9820556640625,80.0,-13.236000061035156
4909113199,Lithobates pipiens,-68.818066,44.928023,2024,6.328499794006348,1025.414794921875,68.0,-14.34000015258789,1025.414794921875,68.0,-14.34000015258789
4909085370,Dryophytes versicolor,-70.859467,43.82053,2024,6.817999839782715,999.302734375,86.0,-14.312000274658203,999.302734375,86.0,-14.312000274658203
4909035344,Dryophytes versicolor,-68.715652,44.900474,2018,6.447999954223633,1016.3721923828125,68.0,-13.955999374389648,1016.3721923828125,68.0,-13.955999374389648
4909019443,Lithobates pipiens,-68.810783,44.929313,2024,6.328499794006348,1025.414794921875,68.0,-14.34000015258789,1025.414794921875,68.0,-14.34000015258789
4908986741,Anaxyrus americanus,-68.877555,44.364137,2024,7.161403179168701,886.3173217773438,80.0,-10.59999942779541,886.3173217773438,80.0,-10.59999942779541
4908977297,Dryophytes versicolor,-70.824524,43.433693,2024,7.465333461761475,959.8737182617188,86.0,-12.104000091552734,959.8737182617188,86.0,-12.104000091552734
4908966292,Anaxyrus americanus,-68.885109,44.590387,2024,6.617500305175781,984.6773681640625,81.0,-13.17199993133545,984.6773681640625,81.0,-13.17199993133545
4908946660,Anaxyrus americanus,-70.988762,44.036147,2024,6.725333213806152,1017.3042602539062,83.0,-14.604000091552734,1017.3042602539062,83.0,-14.604000091552734
4908943506,Dryophytes versicolor,-68.059242,44.336028,2024,6.8611979484558105,866.7794799804688,75.0,-10.793749809265137,866.7794799804688,75.0,-10.793749809265137
4908929868,Lithobates pipiens,-68.613228,45.909347,2024,4.756999969482422,1090.1136474609375,59.0,-17.18000030517578,1090.1136474609375,59.0,-17.18000030517578
4908890846,Anaxyrus americanus,-68.603404,44.896351,2018,6.424000263214111,1014.4024658203125,69.0,-13.979999542236328,1014.4024658203125,69.0,-13.979999542236328
4908811201,Anaxyrus americanus,-70.516197,44.926132,2024,2.686833381652832,1045.182373046875,86.0,-17.86400032043457,1045.182373046875,86.0,-17.86400032043457
4908800659,Anaxyrus americanus,-70.245008,43.744181,2024,7.533522605895996,934.5509643554688,80.0,-11.022727012634277,934.5509643554688,80.0,-11.022727012634277
4908743715,Lithobates pipiens,-68.458678,45.801567,2024,4.869999885559082,1090.2864990234375,61.0,-17.196001052856445,1090.2864990234375,61.0,-17.196001052856445
4908704918,Dryophytes versicolor,-69.662143,43.873577,2024,7.671229839324951,873.7918701171875,77.0,-9.295238494873047,873.7918701171875,77.0,-9.295238494873047
4908660036,Anaxyrus americanus,-70.607367,44.195119,2024,6.35366678237915,1004.745849609375,79.0,-14.447999954223633,1004.745849609375,79.0,-14.447999954223633
4908630943,Anaxyrus americanus,-69.087117,44.201293,2024,7.210999965667725,931.3956298828125,81.0,-10.927999496459961,931.3956298828125,81.0,-10.927999496459961
4908621083,Dryophytes versicolor,-68.059442,44.336042,2024,6.8611979484558105,866.7794799804688,75.0,-10.793749809265137,866.7794799804688,75.0,-10.793749809265137
4908552523,Dryophytes versicolor,-70.587021,43.417281,2024,7.81083345413208,945.3026123046875,83.0,-11.371999740600586,945.3026123046875,83.0,-11.371999740600586
4908509773,Anaxyrus americanus,-70.903941,44.079158,2024,6.637833595275879,1016.8028564453125,82.0,-14.699999809265137,1016.8028564453125,82.0,-14.699999809265137
4908509658,Anaxyrus americanus,-69.605583,43.940845,2024,7.624275207519531,907.6475219726562,78.0,-9.960869789123535,907.6475219726562,78.0,-9.960869789123535
4908502453,Anaxyrus americanus,-68.94425,45.888692,2024,1.3846666812896729,1074.52685546875,82.0,-19.531999588012695,1074.52685546875,82.0,-19.531999588012695
4908476011,Dryophytes versicolor,-70.46532,43.94336,2024,6.998000144958496,984.4351196289062,83.0,-13.284000396728516,984.4351196289062,83.0,-13.284000396728516
4908441629,Dryophytes versicolor,-68.061578,44.333012,2024,,,,,,,
4908428602,Anaxyrus americanus,-70.864394,44.225429,2024,6.290499687194824,1008.4392700195312,77.0,-14.760000228881836,1008.4392700195312,77.0,-14.760000228881836
4908349438,Dryophytes versicolor,-68.060942,44.332507,2024,,,,,,,
4908345766,Anaxyrus americanus,-68.7424,44.826675,2024,6.86566686630249,1019.4971923828125,71.0,-13.619999885559082,1019.4971923828125,71.0,-13.619999885559082
4908342995,Anaxyrus americanus,-69.893036,44.870865,2024,5.804500102996826,1048.1595458984375,65.0,-16.059999465942383,1048.1595458984375,65.0,-16.059999465942383
4908304161,Lithobates pipiens,-68.97428,45.026764,2024,6.03000020980835,1038.9801025390625,69.0,-15.039999961853027,1038.9801025390625,69.0,-15.039999961853027
4908269942,Anaxyrus americanus,-70.29197,43.887947,2024,7.0985002517700195,974.6211547851562,82.0,-12.52400016784668,974.6211547851562,82.0,-12.52400016784668
4908268412,Anaxyrus americanus,-70.655914,44.291172,2024,6.017333507537842,1005.428955078125,77.0,-14.751999855041504,1005.428955078125,77.0,-14.751999855041504
4908262256,Anaxyrus americanus,-68.536432,44.287619,2024,,,,,,,
4908240671,Dryophytes versicolor,-68.653983,45.094289,2024,6.0908331871032715,1036.339599609375,69.0,-14.907999992370605,1036.339599609375,69.0,-14.907999992370605
4908199873,Anaxyrus americanus,-70.815095,44.197405,2024,6.274666786193848,1005.5418090820312,79.0,-14.732000350952148,1005.5418090820312,79.0,-14.732000350952148
4908166958,Anaxyrus americanus,-69.600334,44.140694,2024,7.195333003997803,965.7000122070312,77.0,-11.776000022888184,965.7000122070312,77.0,-11.776000022888184
4908162426,Anaxyrus americanus,-69.661255,44.625377,2024,6.508166790008545,1025.691162109375,65.0,-14.460000038146973,1025.691162109375,65.0,-14.460000038146973
4908159345,Anaxyrus americanus,-70.283278,44.744739,2024,5.079333305358887,1036.8740234375,72.0,-16.176000595092773,1036.8740234375,72.0,-16.176000595092773
4908113399,Anaxyrus americanus,-68.877533,44.36395,2024,7.161403179168701,886.3173217773438,80.0,-10.59999942779541,886.3173217773438,80.0,-10.59999942779541
4908110320,Anaxyrus americanus,-69.934432,44.292837,2003,6.906833171844482,1010.0679931640625,72.0,-13.392000198364258,1010.0679931640625,72.0,-13.392000198364258
4908106538,Dryophytes versicolor,-67.20316,44.658233,2023,,,,,,,
4908089603,Anaxyrus americanus,-68.877625,44.363717,2024,7.161403179168701,886.3173217773438,80.0,-10.59999942779541,886.3173217773438,80.0,-10.59999942779541
4908034704,Dryophytes versicolor,-70.837908,43.362359,2024,7.757333278656006,953.2755126953125,85.0,-11.592000007629395,953.2755126953125,85.0,-11.592000007629395
4907984852,Anaxyrus americanus,-68.877708,44.363778,2024,7.161403179168701,886.3173217773438,80.0,-10.59999942779541,886.3173217773438,80.0,-10.59999942779541
4907979142,Anaxyrus americanus,-69.889755,43.934211,2024,7.6147918701171875,956.69775390625,78.0,-11.114999771118164,956.69775390625,78.0,-11.114999771118164
4904351585,Dryophytes versicolor,-68.210678,44.897486,2024,5.9664998054504395,1011.3040161132812,84.0,-14.543999671936035,1011.3040161132812,84.0,-14.543999671936035
4904312631,Anaxyrus americanus,-68.909522,45.92433,2024,1.9283332824707031,1081.6168212890625,72.0,-19.04400062561035,1081.6168212890625,72.0,-19.04400062561035
4904268268,Dryophytes versicolor,-67.719353,44.544993,2024,6.55555534362793,894.9177856445312,77.0,-12.0,894.9177856445312,77.0,-12.0
4904249800,Anaxyrus americanus,-70.151895,44.635653,2021,5.921999931335449,1037.581298828125,73.0,-15.687999725341797,1037.581298828125,73.0,-15.687999725341797
4904135833,Anaxyrus americanus,-70.587021,43.417281,2024,7.81083345413208,945.3026123046875,83.0,-11.371999740600586,945.3026123046875,83.0,-11.371999740600586
4904082465,Anaxyrus americanus,-70.697205,44.095689,2024,6.677666664123535,1008.8466796875,80.0,-14.491999626159668,1008.8466796875,80.0,-14.491999626159668
4904060604,Anaxyrus americanus,-70.695913,43.868865,2024,6.61299991607666,982.6649780273438,86.0,-13.915999412536621,982.6649780273438,86.0,-13.915999412536621
4904007175,Anaxyrus americanus,-68.87777,44.363822,2024,7.161403179168701,886.3173217773438,80.0,-10.59999942779541,886.3173217773438,80.0,-10.59999942779541
4903915195,Dryophytes versicolor,-69.293717,45.462722,2024,4.0908331871032715,1068.1163330078125,64.0,-17.43199920654297,1068.1163330078125,64.0,-17.43199920654297
4903878356,Anaxyrus americanus,-70.934661,44.238947,2024,6.256666660308838,1004.6489868164062,77.0,-14.628000259399414,1004.6489868164062,77.0,-14.628000259399414
4903815481,Anaxyrus americanus,-68.877617,44.363792,2024,7.161403179168701,886.3173217773438,80.0,-10.59999942779541,886.3173217773438,80.0,-10.59999942779541
4903776450,Dryophytes versicolor,-69.420674,45.380188,2024,4.403500080108643,1070.4959716796875,65.0,-17.299999237060547,1070.4959716796875,65.0,-17.299999237060547
4903732269,Anaxyrus americanus,-68.088792,44.624973,2024,6.313333511352539,971.3552856445312,79.0,-13.251999855041504,971.3552856445312,79.0,-13.251999855041504
4902095805,Anaxyrus americanus,-68.969812,45.90162,2024,2.928333282470703,1083.318603515625,63.0,-18.59200096130371,1083.318603515625,63.0,-18.59200096130371
4902040689,Anaxyrus americanus,-68.9091,45.915726,2024,1.7834999561309814,1074.402587890625,75.0,-19.06800079345703,1074.402587890625,75.0,-19.06800079345703
4902006830,Anaxyrus americanus,-70.357227,44.026718,2022,6.89633321762085,988.135986328125,82.0,-13.095999717712402,988.135986328125,82.0,-13.095999717712402
4901984558,Anaxyrus americanus,-70.478486,44.099902,2024,6.759666919708252,1000.8755493164062,79.0,-13.772000312805176,1000.8755493164062,79.0,-13.772000312805176
4901984207,Anaxyrus americanus,-70.513591,43.4845,2024,7.723999977111816,940.1644897460938,82.0,-11.263999938964844,940.1644897460938,82.0,-11.263999938964844
4901979777,Dryophytes versicolor,-68.590033,45.705608,2024,5.250333309173584,1086.6751708984375,62.0,-16.644001007080078,1086.6751708984375,62.0,-16.644001007080078
4901969727,Anaxyrus americanus,-70.945739,44.214677,2024,6.256666660308838,1004.6489868164062,77.0,-14.628000259399414,1004.6489868164062,77.0,-14.628000259399414
4901912163,Dryophytes versicolor,-69.632106,44.001961,2024,7.5192461013793945,933.176513671875,79.0,-10.742856979370117,933.176513671875,79.0,-10.742856979370117
4901902935,Anaxyrus americanus,-70.792412,44.032886,2024,6.287166595458984,1002.5038452148438,87.0,-14.680000305175781,1002.5038452148438,87.0,-14.680000305175781
4901838623,Dryophytes versicolor,-70.648898,44.289259,2024,6.017333507537842,1005.428955078125,77.0,-14.751999855041504,1005.428955078125,77.0,-14.751999855041504
4901817499,Anaxyrus americanus,-70.719436,43.556672,2024,7.306333065032959,962.368896484375,85.0,-12.644000053405762,962.368896484375,85.0,-12.644000053405762
4901815136,Dryophytes versicolor,-70.199381,44.080358,2024,7.302000045776367,998.7686767578125,79.0,-12.460000038146973,998.7686767578125,79.0,-12.460000038146973
4901766019,Anaxyrus americanus,-68.877542,44.364105,2024,7.161403179168701,886.3173217773438,80.0,-10.59999942779541,886.3173217773438,80.0,-10.59999942779541
4901760282,Anaxyrus americanus,-69.87838,43.93608,2024,7.6147918701171875,956.69775390625,78.0,-11.114999771118164,956.69775390625,78.0,-11.114999771118164
4901758841,Anaxyrus americanus,-70.259537,43.822258,2024,7.257833480834961,958.3055419921875,82.0,-11.996000289916992,958.3055419921875,82.0,-11.996000289916992
4901680053,Anaxyrus americanus,-68.909854,45.921995,2024,1.9283332824707031,1081.6168212890625,72.0,-19.04400062561035,1081.6168212890625,72.0,-19.04400062561035
4901667580,Anaxyrus americanus,-68.978028,45.9002,2024,2.928333282470703,1083.318603515625,63.0,-18.59200096130371,1083.318603515625,63.0,-18.59200096130371
4901665544,Anaxyrus americanus,-68.877725,44.364138,2024,7.161403179168701,886.3173217773438,80.0,-10.59999942779541,886.3173217773438,80.0,-10.59999942779541
4901639913,Anaxyrus americanus,-68.306167,44.47575,2024,6.888999938964844,951.5165405273438,76.0,-12.208000183105469,951.5165405273438,76.0,-12.208000183105469
4901631547,Dryophytes versicolor,-70.199449,44.080292,2024,7.302000045776367,998.7686767578125,79.0,-12.460000038146973,998.7686767578125,79.0,-12.460000038146973
4901597018,Dryophytes versicolor,-69.660812,43.87207,2024,7.671229839324951,873.7918701171875,77.0,-9.295238494873047,873.7918701171875,77.0,-9.295238494873047
4901589610,Anaxyrus americanus,-69.01542,45.997782,2024,2.618499994277954,1098.6917724609375,63.0,-19.176000595092773,1098.6917724609375,63.0,-19.176000595092773
4901413167,Dryophytes versicolor,-70.719426,43.556924,2024,7.306333065032959,962.368896484375,85.0,-12.644000053405762,962.368896484375,85.0,-12.644000053405762
4901393554,Lithobates pipiens,-68.235652,46.756307,2024,3.551500082015991,1131.8463134765625,51.0,-19.420000076293945,1131.8463134765625,51.0,-19.420000076293945
4901351415,Dryophytes versicolor,-70.864578,43.163161,2024,,,,,,,
4901336017,Dryophytes versicolor,-70.888973,43.330913,2024,7.94083309173584,960.4606323242188,82.0,-11.527999877929688,960.4606323242188,82.0,-11.527999877929688
4901303042,Anaxyrus americanus,-68.877655,44.363888,2024,7.161403179168701,886.3173217773438,80.0,-10.59999942779541,886.3173217773438,80.0,-10.59999942779541
4901253950,Dryophytes versicolor,-70.124364,44.041037,2024,7.176833152770996,977.0897827148438,81.0,-12.144000053405762,977.0897827148438,81.0,-12.144000053405762
4901217722,Anaxyrus americanus,-70.808547,44.217433,2024,6.143166542053223,1008.4170532226562,78.0,-14.855999946594238,1008.4170532226562,78.0,-14.855999946594238
4901168825,Anaxyrus americanus,-70.070863,43.998042,2024,7.223833084106445,967.0440063476562,82.0,-11.880000114440918,967.0440063476562,82.0,-11.880000114440918
4901166141,Anaxyrus americanus,-68.90918,45.92245,2024,1.9283332824707031,1081.6168212890625,72.0,-19.04400062561035,1081.6168212890625,72.0,-19.04400062561035
4901159564,Dryophytes versicolor,-70.352944,43.596183,2024,7.789999961853027,946.3635864257812,80.0,-11.175999641418457,946.3635864257812,80.0,-11.175999641418457
4901154005,Anaxyrus americanus,-69.285362,43.99062,2024,7.543750286102295,866.3265991210938,78.0,-9.193750381469727,866.3265991210938,78.0,-9.193750381469727
4901097983,Anaxyrus americanus,-70.083786,43.862063,2024,7.414311408996582,947.5896606445312,81.0,-11.343478202819824,947.5896606445312,81.0,-11.343478202819824
4901070276,Anaxyrus americanus,-68.817345,45.919435,2024,3.6440000534057617,1084.0391845703125,61.0,-17.86400032043457,1084.0391845703125,61.0,-17.86400032043457
4901051365,Anaxyrus americanus,-70.809197,44.216095,2024,6.143166542053223,1008.4170532226562,78.0,-14.855999946594238,1008.4170532226562,78.0,-14.855999946594238
4901048672,Dryophytes versicolor,-70.648893,44.289636,2024,6.017333507537842,1005.428955078125,77.0,-14.751999855041504,1005.428955078125,77.0,-14.751999855041504
4901016671,Anaxyrus americanus,-68.749162,45.84903,2024,4.250833511352539,1094.669677734375,60.0,-17.691999435424805,1094.669677734375,60.0,-17.691999435424805
4901007278,Anaxyrus americanus,-70.840404,44.173982,2024,6.3125,1006.4719848632812,79.0,-14.699999809265137,1006.4719848632812,79.0,-14.699999809265137
4901005976,Dryophytes versicolor,-70.871623,43.509276,2024,7.195666790008545,972.8535766601562,86.0,-12.835999488830566,972.8535766601562,86.0,-12.835999488830566
4900997137,Dryophytes versicolor,-69.208533,43.959454,2024,7.46600866317749,871.7715454101562,78.0,-9.310526847839355,871.7715454101562,78.0,-9.310526847839355
4900977169,Anaxyrus americanus,-68.675837,44.871172,2024,6.613666534423828,1014.6782836914062,69.0,-13.739999771118164,1014.6782836914062,69.0,-13.739999771118164
4900922912,Anaxyrus americanus,-70.799641,43.602523,2024,7.112333297729492,975.8886108398438,86.0,-13.204000473022461,975.8886108398438,86.0,-13.204000473022461
4900897734,Anaxyrus americanus,-70.703692,43.964845,2024,6.5901665687561035,998.140380859375,83.0,-14.371999740600586,998.140380859375,83.0,-14.371999740600586
4892189571,Dryophytes versicolor,-70.545435,43.343496,2024,8.045666694641113,919.454345703125,81.0,-10.303999900817871,919.454345703125,81.0,-10.303999900817871
4892151245,Anaxyrus americanus,-70.312425,44.003722,2024,6.954333305358887,984.4368286132812,81.0,-12.847999572753906,984.4368286132812,81.0,-12.847999572753906
4892033052,Dryophytes versicolor,-68.71769,45.267227,2024,5.744999885559082,1050.81689453125,68.0,-15.496000289916992,1050.81689453125,68.0,-15.496000289916992
4892000841,Anaxyrus americanus,-69.074883,44.229612,2024,6.89965295791626,935.4232177734375,83.0,-11.337499618530273,935.4232177734375,83.0,-11.337499618530273
4891965628,Dryophytes versicolor,-67.418877,44.832515,2024,6.192999839782715,969.8671264648438,78.0,-13.692000389099121,969.8671264648438,78.0,-13.692000389099121
4891955305,Anaxyrus americanus,-69.187103,44.373208,2024,6.91616678237915,961.9364013671875,82.0,-12.14799976348877,961.9364013671875,82.0,-12.14799976348877
4891942149,Anaxyrus americanus,-70.100433,45.25042,2024,3.687833309173584,1071.5267333984375,65.0,-17.788000106811523,1071.5267333984375,65.0,-17.788000106811523
4891941880,Lithobates pipiens,-69.280979,44.321595,2024,6.839000225067139,963.3562622070312,81.0,-12.192000389099121,963.3562622070312,81.0,-12.192000389099121
4891919154,Anaxyrus americanus,-68.966499,46.028946,2024,2.695833206176758,1104.2618408203125,61.0,-19.3439998626709,1104.2618408203125,61.0,-19.3439998626709
4891870248,Anaxyrus americanus,-68.794113,45.914787,2024,4.039999961853027,1083.252197265625,58.0,-17.56800079345703,1083.252197265625,58.0,-17.56800079345703
4891860948,Dryophytes versicolor,-70.846283,44.46605,2024,5.41349983215332,1024.60498046875,66.0,-15.519999504089355,1024.60498046875,66.0,-15.519999504089355
4891851202,Anaxyrus americanus,-70.344758,43.749828,2024,7.359166622161865,956.9597778320312,82.0,-11.97599983215332,956.9597778320312,82.0,-11.97599983215332
4891796363,Dryophytes versicolor,-70.390964,43.454382,2024,7.86566686630249,900.4729614257812,80.0,-10.079999923706055,900.4729614257812,80.0,-10.079999923706055
4891790948,Anaxyrus americanus,-68.753353,45.928774,2024,4.166833400726318,1088.72021484375,58.0,-17.555999755859375,1088.72021484375,58.0,-17.555999755859375
4891744004,Anaxyrus americanus,-70.581459,43.926453,2024,7.019999980926514,977.3524780273438,83.0,-13.184000015258789,977.3524780273438,83.0,-13.184000015258789
4891736581,Anaxyrus americanus,-69.318803,43.993691,2024,,,,,,,
4891717066,Anaxyrus americanus,-69.014471,46.000539,2024,2.809499979019165,1106.1109619140625,59.0,-19.351999282836914,1106.1109619140625,59.0,-19.351999282836914
4891662897,Anaxyrus americanus,-68.907814,45.989389,2024,2.9559998512268066,1089.227294921875,61.0,-18.56800079345703,1089.227294921875,61.0,-18.56800079345703
4891662390,Anaxyrus americanus,-67.151618,44.695037,2024,6.150781154632568,923.06884765625,78.0,-12.231249809265137,923.06884765625,78.0,-12.231249809265137
4891643954,Anaxyrus americanus,-69.003338,46.004949,2024,2.809499979019165,1106.1109619140625,59.0,-19.351999282836914,1106.1109619140625,59.0,-19.351999282836914
4891625427,Anaxyrus americanus,-68.883343,45.921368,2024,1.9283332824707031,1081.6168212890625,72.0,-19.04400062561035,1081.6168212890625,72.0,-19.04400062561035
4875548004,Anaxyrus americanus,-70.6487,44.288835,2024,6.017333507537842,1005.428955078125,77.0,-14.751999855041504,1005.428955078125,77.0,-14.751999855041504
4875518403,Dryophytes versicolor,-70.420263,45.137611,2024,4.193166732788086,1068.5885009765625,60.0,-17.447999954223633,1068.5885009765625,60.0,-17.447999954223633
4875446478,Anaxyrus americanus,-70.258553,43.82402,2024,7.257833480834961,958.3055419921875,82.0,-11.996000289916992,958.3055419921875,82.0,-11.996000289916992
4875418345,Dryophytes versicolor,-68.764542,44.82558,2024,7.00333309173584,1028.0465087890625,72.0,-13.616000175476074,1028.0465087890625,72.0,-13.616000175476074
4875378771,Anaxyrus americanus,-70.017258,43.893486,2024,7.3520002365112305,946.6617431640625,80.0,-11.315999984741211,946.6617431640625,80.0,-11.315999984741211
4875355607,Anaxyrus americanus,-70.797225,44.757755,2024,3.443000078201294,1050.385009765625,71.0,-17.65999984741211,1050.385009765625,71.0,-17.65999984741211
4875275024,Anaxyrus americanus,-70.948087,44.21402,2024,6.256666660308838,1004.6489868164062,77.0,-14.628000259399414,1004.6489868164062,77.0,-14.628000259399414
4875271343,Dryophytes versicolor,-70.649633,44.289282,2024,6.017333507537842,1005.428955078125,77.0,-14.751999855041504,1005.428955078125,77.0,-14.751999855041504
4875241422,Anaxyrus americanus,-69.038069,45.943797,2024,2.3434998989105225,1091.3916015625,69.0,-19.200000762939453,1091.3916015625,69.0,-19.200000762939453
4875221202,Anaxyrus americanus,-70.605097,43.377273,2024,7.929999828338623,939.15185546875,83.0,-11.015999794006348,939.15185546875,83.0,-11.015999794006348
4875155163,Lithobates pipiens,-68.755547,44.850353,2024,6.592499732971191,1020.1878662109375,70.0,-13.927999496459961,1020.1878662109375,70.0,-13.927999496459961
4875119472,Dryophytes versicolor,-70.213481,43.746754,2024,7.533522605895996,934.5509643554688,80.0,-11.022727012634277,934.5509643554688,80.0,-11.022727012634277
4875106992,Dryophytes versicolor,-68.295082,44.414257,2024,7.011833190917969,935.604248046875,75.0,-11.715999603271484,935.604248046875,75.0,-11.715999603271484
4875056297,Anaxyrus americanus,-70.21575,44.452344,2024,6.128499984741211,1020.8289794921875,75.0,-14.684000015258789,1020.8289794921875,75.0,-14.684000015258789
4875008521,Lithobates pipiens,-68.630858,45.930595,2024,4.843166351318359,1087.99169921875,56.0,-17.07200050354004,1087.99169921875,56.0,-17.07200050354004
4875004180,Anaxyrus americanus,-69.020704,45.949593,2024,2.3434998989105225,1091.3916015625,69.0,-19.200000762939453,1091.3916015625,69.0,-19.200000762939453
4872643534,Anaxyrus americanus,-70.039096,43.983162,2024,7.241166591644287,967.232177734375,81.0,-11.82800006866455,967.232177734375,81.0,-11.82800006866455
4872628897,Anaxyrus americanus,-68.884493,45.921179,2024,1.9283332824707031,1081.6168212890625,72.0,-19.04400062561035,1081.6168212890625,72.0,-19.04400062561035
4872613982,Dryophytes versicolor,-69.661565,43.872559,2024,7.671229839324951,873.7918701171875,77.0,-9.295238494873047,873.7918701171875,77.0,-9.295238494873047
4872595435,Anaxyrus americanus,-69.729482,43.980761,2024,7.476333141326904,935.9535522460938,79.0,-10.767999649047852,935.9535522460938,79.0,-10.767999649047852
4872576529,Dryophytes versicolor,-68.643653,44.631413,2024,6.339666843414307,993.2438354492188,84.0,-13.503999710083008,993.2438354492188,84.0,-13.503999710083008
4872538612,Anaxyrus americanus,-69.800696,43.819402,2024,7.709868431091309,900.6714477539062,77.0,-9.77368450164795,900.6714477539062,77.0,-9.77368450164795
4872494473,Anaxyrus americanus,-68.360824,44.295556,2024,6.921166896820068,925.7542724609375,76.0,-11.420000076293945,925.7542724609375,76.0,-11.420000076293945
4872488141,Anaxyrus americanus,-70.658964,43.620694,2024,7.306833267211914,965.1255493164062,85.0,-12.696000099182129,965.1255493164062,85.0,-12.696000099182129
4872476675,Anaxyrus americanus,-69.8452,43.971714,2024,,,,,,,
4872474812,Anaxyrus americanus,-69.013766,45.955181,2024,2.3434998989105225,1091.3916015625,69.0,-19.200000762939453,1091.3916015625,69.0,-19.200000762939453
4872464038,Anaxyrus americanus,-68.995594,44.338858,2024,6.944999694824219,942.6117553710938,83.0,-11.652000427246094,942.6117553710938,83.0,-11.652000427246094
4872460296,Anaxyrus americanus,-69.411072,45.620045,2024,2.7136666774749756,1087.5616455078125,72.0,-18.711999893188477,1087.5616455078125,72.0,-18.711999893188477
4872450953,Anaxyrus americanus,-69.04992,45.991824,2024,3.123166561126709,1103.7056884765625,57.0,-18.899999618530273,1103.7056884765625,57.0,-18.899999618530273
4872433093,Anaxyrus americanus,-70.886215,43.335867,2024,7.756499767303467,958.7108764648438,84.0,-11.748000144958496,958.7108764648438,84.0,-11.748000144958496
4872382239,Anaxyrus americanus,-68.541075,46.076204,2024,3.862333297729492,1102.995849609375,57.0,-18.59600067138672,1102.995849609375,57.0,-18.59600067138672
4872368872,Dryophytes versicolor,-70.265,43.823383,2024,7.257833480834961,958.3055419921875,82.0,-11.996000289916992,958.3055419921875,82.0,-11.996000289916992
4872344214,Anaxyrus americanus,-70.260872,43.820842,2024,7.257833480834961,958.3055419921875,82.0,-11.996000289916992,958.3055419921875,82.0,-11.996000289916992
4872328671,Dryophytes versicolor,-70.139344,44.673062,2024,5.76633358001709,1037.781982421875,73.0,-15.859999656677246,1037.781982421875,73.0,-15.859999656677246
4872293153,Dryophytes versicolor,-69.70583,44.765478,2024,6.23966646194458,1042.023681640625,64.0,-15.184000015258789,1042.023681640625,64.0,-15.184000015258789
4872238865,Anaxyrus americanus,-68.414784,46.02598,2024,4.265999794006348,1101.1578369140625,57.0,-18.224000930786133,1101.1578369140625,57.0,-18.224000930786133
4872230918,Anaxyrus americanus,-70.846017,44.440883,2024,5.367000102996826,1018.1451416015625,70.0,-15.479999542236328,1018.1451416015625,70.0,-15.479999542236328
4872216196,Anaxyrus americanus,-70.804354,43.231437,2024,8.292166709899902,947.2133178710938,81.0,-10.619999885559082,947.2133178710938,81.0,-10.619999885559082
4872209202,Dryophytes versicolor,-70.111913,43.839868,2024,7.414311408996582,947.5896606445312,81.0,-11.343478202819824,947.5896606445312,81.0,-11.343478202819824
4872204708,Dryophytes versicolor,-69.754525,43.969324,2024,7.450000286102295,947.9898681640625,79.0,-11.104000091552734,947.9898681640625,79.0,-11.104000091552734
4872189788,Anaxyrus americanus,-68.536833,44.287483,2024,,,,,,,
4872174236,Dryophytes versicolor,-69.415884,44.174573,2024,7.148499965667725,959.2625732421875,80.0,-11.607999801635742,959.2625732421875,80.0,-11.607999801635742
4872168513,Dryophytes versicolor,-70.384852,43.567095,2024,7.7191667556762695,936.5362548828125,80.0,-11.092000007629395,936.5362548828125,80.0,-11.092000007629395
4872152298,Anaxyrus americanus,-69.637153,44.184158,2024,7.1545000076293945,975.701171875,75.0,-12.168000221252441,975.701171875,75.0,-12.168000221252441
4872142306,Anaxyrus americanus,-68.593063,46.030597,2024,4.232500076293945,1101.070068359375,56.0,-18.20800018310547,1101.070068359375,56.0,-18.20800018310547
4872127558,Anaxyrus americanus,-69.129183,44.906208,2024,6.075333118438721,1028.7569580078125,71.0,-14.868000030517578,1028.7569580078125,71.0,-14.868000030517578
4872111700,Dryophytes versicolor,-70.758474,43.24079,2024,8.242166519165039,937.81640625,82.0,-10.404000282287598,937.81640625,82.0,-10.404000282287598
4872105067,Dryophytes versicolor,-70.189163,44.095962,2024,7.293666362762451,1008.8617553710938,79.0,-12.704000473022461,1008.8617553710938,79.0,-12.704000473022461
4872079759,Dryophytes versicolor,-68.446143,45.996432,2024,4.515999794006348,1100.449462890625,57.0,-17.724000930786133,1100.449462890625,57.0,-17.724000930786133
4872074038,Anaxyrus americanus,-68.409204,46.075263,2024,4.1066670417785645,1102.8697509765625,57.0,-18.411998748779297,1102.8697509765625,57.0,-18.411998748779297
4872055805,Anaxyrus americanus,-68.877708,44.363905,2024,7.161403179168701,886.3173217773438,80.0,-10.59999942779541,886.3173217773438,80.0,-10.59999942779541
4872035856,Anaxyrus americanus,-68.98139,46.151379,2024,3.6019999980926514,1109.27490234375,52.0,-18.95599937438965,1109.27490234375,52.0,-18.95599937438965
4872030273,Anaxyrus americanus,-70.83041,44.324288,2024,5.793333530426025,1009.2984619140625,74.0,-15.027999877929688,1009.2984619140625,74.0,-15.027999877929688
4872026830,Dryophytes versicolor,-70.44641,43.74709,2024,7.2769999504089355,967.3765869140625,81.0,-12.423999786376953,967.3765869140625,81.0,-12.423999786376953
4872024353,Anaxyrus americanus,-70.851845,43.470233,2024,7.2843337059021,967.35498046875,87.0,-12.552000045776367,967.35498046875,87.0,-12.552000045776367
4868138994,Lithobates pipiens,-68.330257,45.670861,2024,5.17816686630249,1079.9027099609375,64.0,-16.700000762939453,1079.9027099609375,64.0,-16.700000762939453
4868111248,Anaxyrus americanus,-70.308403,43.674797,2024,7.831333160400391,959.189208984375,81.0,-11.355999946594238,959.189208984375,81.0,-11.355999946594238
4868108113,Dryophytes versicolor,-70.181846,43.65742,2021,,,,,,,
4868087195,Dryophytes versicolor,-70.75848,43.240781,2024,8.242166519165039,937.81640625,82.0,-10.404000282287598,937.81640625,82.0,-10.404000282287598
4868019662,Anaxyrus americanus,-70.869253,44.049262,2024,6.543333530426025,1010.4114379882812,82.0,-14.636000633239746,1010.4114379882812,82.0,-14.636000633239746
4867987308,Anaxyrus americanus,-69.156267,44.209512,2024,6.7704997062683105,946.8226928710938,84.0,-11.696000099182129,946.8226928710938,84.0,-11.696000099182129
4867968997,Anaxyrus americanus,-70.631774,43.381928,2024,7.875333309173584,946.164306640625,84.0,-11.248000144958496,946.164306640625,84.0,-11.248000144958496
4867944633,Dryophytes versicolor,-68.820162,44.751933,2024,6.811333179473877,1016.4444580078125,73.0,-13.595999717712402,1016.4444580078125,73.0,-13.595999717712402
4867883276,Anaxyrus americanus,-68.850679,45.937956,2024,2.86299991607666,1079.739013671875,64.0,-18.31999969482422,1079.739013671875,64.0,-18.31999969482422
4867870932,Dryophytes versicolor,-68.820222,44.751475,2024,6.811333179473877,1016.4444580078125,73.0,-13.595999717712402,1016.4444580078125,73.0,-13.595999717712402
4867855077,Dryophytes versicolor,-68.820192,44.751197,2024,6.811333179473877,1016.4444580078125,73.0,-13.595999717712402,1016.4444580078125,73.0,-13.595999717712402
4867799325,Lithobates pipiens,-68.726983,44.898678,2024,6.447999954223633,1016.3721923828125,68.0,-13.955999374389648,1016.3721923828125,68.0,-13.955999374389648
4867725893,Lithobates pipiens,-68.696614,44.947574,2024,6.475833415985107,1022.7228393554688,67.0,-14.04800033569336,1022.7228393554688,67.0,-14.04800033569336
4867639153,Anaxyrus americanus,-68.969965,45.901495,2024,2.928333282470703,1083.318603515625,63.0,-18.59200096130371,1083.318603515625,63.0,-18.59200096130371
4867632054,Anaxyrus americanus,-69.49414,44.261872,2024,6.956166744232178,972.911865234375,77.0,-12.319999694824219,972.911865234375,77.0,-12.319999694824219
4867578241,Anaxyrus americanus,-69.077534,45.755763,2024,4.387166500091553,1087.8331298828125,55.0,-17.47599983215332,1087.8331298828125,55.0,-17.47599983215332
4863853012,Anaxyrus americanus,-69.729123,43.980738,2020,7.476333141326904,935.9535522460938,79.0,-10.767999649047852,935.9535522460938,79.0,-10.767999649047852
4863728553,Anaxyrus americanus,-68.508767,46.097551,2024,3.757833480834961,1111.6126708984375,57.0,-18.8439998626709,1111.6126708984375,57.0,-18.8439998626709
4863636701,Anaxyrus americanus,-70.432,43.581858,2024,7.587833404541016,939.9948120117188,82.0,-11.392000198364258,939.9948120117188,82.0,-11.392000198364258
4863596166,Anaxyrus americanus,-68.959913,44.774988,2024,6.484833240509033,1008.7698974609375,73.0,-13.904000282287598,1008.7698974609375,73.0,-13.904000282287598
4863561711,Lithobates pipiens,-69.239899,44.859425,2024,6.319333553314209,1037.82373046875,69.0,-14.812000274658203,1037.82373046875,69.0,-14.812000274658203
4855549713,Anaxyrus americanus,-68.450387,44.246537,2024,,,,,,,
4855270768,Dryophytes versicolor,-70.397592,43.399867,2024,,,,,,,
4855148487,Anaxyrus americanus,-68.88372,44.356808,2024,7.161403179168701,886.3173217773438,80.0,-10.59999942779541,886.3173217773438,80.0,-10.59999942779541
4854872878,Anaxyrus americanus,-69.637122,44.184108,2024,7.1545000076293945,975.701171875,75.0,-12.168000221252441,975.701171875,75.0,-12.168000221252441
4854844445,Anaxyrus americanus,-70.650898,44.318355,2024,5.928833484649658,1010.7130126953125,75.0,-14.871999740600586,1010.7130126953125,75.0,-14.871999740600586
4853001208,Anaxyrus americanus,-70.029441,43.945542,2024,7.269333362579346,958.091796875,81.0,-11.619999885559082,958.091796875,81.0,-11.619999885559082
4852929123,Dryophytes versicolor,-70.719871,43.27993,2022,8.107166290283203,935.1823120117188,84.0,-10.53600025177002,935.1823120117188,84.0,-10.53600025177002
4852912789,Dryophytes versicolor,-70.922433,43.188338,2023,,,,,,,
4852655583,Anaxyrus americanus,-70.432013,43.581863,2024,7.587833404541016,939.9948120117188,82.0,-11.392000198364258,939.9948120117188,82.0,-11.392000198364258
4852558805,Anaxyrus americanus,-68.94277,46.027322,2019,2.5945000648498535,1104.54296875,62.0,-19.288000106811523,1104.54296875,62.0,-19.288000106811523
4852543480,Anaxyrus americanus,-68.87899,44.205617,2024,,,,,,,
4852294280,Anaxyrus americanus,-70.650898,44.318355,2024,5.928833484649658,1010.7130126953125,75.0,-14.871999740600586,1010.7130126953125,75.0,-14.871999740600586
4847165733,Anaxyrus americanus,-68.874895,44.36428,2024,,,,,,,
4847150141,Anaxyrus americanus,-70.475905,43.59902,2024,7.436833381652832,952.8744506835938,82.0,-11.996000289916992,952.8744506835938,82.0,-11.996000289916992
4847143673,Anaxyrus americanus,-70.7808,44.417887,2024,5.695499897003174,1024.6385498046875,68.0,-15.35200023651123,1024.6385498046875,68.0,-15.35200023651123
4847129853,Anaxyrus americanus,-68.888878,44.354905,2024,7.161403179168701,886.3173217773438,80.0,-10.59999942779541,886.3173217773438,80.0,-10.59999942779541
4847113185,Anaxyrus americanus,-68.923425,44.830052,2024,6.423500061035156,1016.4802856445312,72.0,-14.12399959564209,1016.4802856445312,72.0,-14.12399959564209
4846881052,Anaxyrus americanus,-69.621503,43.979125,2024,7.512666702270508,921.2686157226562,78.0,-10.407999992370605,921.2686157226562,78.0,-10.407999992370605
4846869521,Lithobates pipiens,-68.690515,44.938751,2024,6.475833415985107,1022.7228393554688,67.0,-14.04800033569336,1022.7228393554688,67.0,-14.04800033569336
4846822543,Anaxyrus americanus,-70.141122,44.672005,2024,5.76633358001709,1037.781982421875,73.0,-15.859999656677246,1037.781982421875,73.0,-15.859999656677246
4846805748,Lithobates pipiens,-68.923975,44.83001,2024,6.423500061035156,1016.4802856445312,72.0,-14.12399959564209,1016.4802856445312,72.0,-14.12399959564209
4846794351,Anaxyrus americanus,-69.335831,44.607578,2024,6.595666885375977,1005.7623291015625,72.0,-13.748000144958496,1005.7623291015625,72.0,-13.748000144958496
4607644172,Anaxyrus americanus,-69.950069,43.877,2024,7.652651786804199,950.5384521484375,78.0,-10.940909385681152,950.5384521484375,78.0,-10.940909385681152
4607144369,Dryophytes versicolor,-70.668965,43.442218,2019,7.795666694641113,955.4168090820312,85.0,-11.592000007629395,955.4168090820312,85.0,-11.592000007629395
4607008880,Anaxyrus americanus,-67.89811,45.973246,2023,4.691999912261963,1082.0723876953125,62.0,-17.236000061035156,1082.0723876953125,62.0,-17.236000061035156
4606951812,Anaxyrus americanus,-69.784025,43.87301,2024,,,,,,,
4606626713,Anaxyrus americanus,-70.676063,43.62398,2023,7.287166595458984,970.190673828125,85.0,-12.86400032043457,970.190673828125,85.0,-12.86400032043457
4597018840,Dryophytes versicolor,-69.516098,44.39686,2022,6.782833099365234,992.6173095703125,73.0,-13.084000587463379,992.6173095703125,73.0,-13.084000587463379
4535727192,Dryophytes versicolor,-69.278294,44.875086,2012,6.104666709899902,1040.1575927734375,69.0,-15.14799976348877,1040.1575927734375,69.0,-15.14799976348877
4527922284,Anaxyrus americanus,-70.054726,44.301734,2021,6.735833644866943,1014.5154418945312,74.0,-13.652000427246094,1014.5154418945312,74.0,-13.652000427246094
4522784935,Lithobates pipiens,-68.678946,44.912017,2014,6.562333106994629,1017.734375,68.0,-13.807999610900879,1017.734375,68.0,-13.807999610900879
4522641521,Lithobates pipiens,-70.187726,44.261276,2023,6.728166580200195,1010.7495727539062,74.0,-13.640000343322754,1010.7495727539062,74.0,-13.640000343322754
4522608494,Anaxyrus americanus,-70.187694,44.261357,2023,6.728166580200195,1010.7495727539062,74.0,-13.640000343322754,1010.7495727539062,74.0,-13.640000343322754
4522529890,Lithobates pipiens,-68.807364,44.92993,2023,6.328499794006348,1025.414794921875,68.0,-14.34000015258789,1025.414794921875,68.0,-14.34000015258789
4522484218,Anaxyrus americanus,-69.33342,44.603261,2023,6.595666885375977,1005.7623291015625,72.0,-13.748000144958496,1005.7623291015625,72.0,-13.748000144958496
4522458812,Lithobates pipiens,-68.81821,44.927896,2023,6.328499794006348,1025.414794921875,68.0,-14.34000015258789,1025.414794921875,68.0,-14.34000015258789
4519125017,Dryophytes versicolor,-69.7488,44.313691,2022,7.083166599273682,1005.0117797851562,71.0,-13.015999794006348,1005.0117797851562,71.0,-13.015999794006348
4519051357,Anaxyrus americanus,-68.330867,44.300984,2020,,,,,,,
4516706172,Anaxyrus americanus,-68.958445,45.992322,2019,1.8828333616256714,1095.1580810546875,71.0,-19.535999298095703,1095.1580810546875,71.0,-19.535999298095703
4516689739,Anaxyrus americanus,-69.660248,43.873615,2023,7.671229839324951,873.7918701171875,77.0,-9.295238494873047,873.7918701171875,77.0,-9.295238494873047
4516653181,Dryophytes versicolor,-70.352133,43.595662,2023,7.789999961853027,946.3635864257812,80.0,-11.175999641418457,946.3635864257812,80.0,-11.175999641418457
4510186077,Anaxyrus americanus,-69.135986,44.208679,2023,6.7704997062683105,946.8226928710938,84.0,-11.696000099182129,946.8226928710938,84.0,-11.696000099182129
4510183081,Anaxyrus americanus,-69.135986,44.208679,2023,6.7704997062683105,946.8226928710938,84.0,-11.696000099182129,946.8226928710938,84.0,-11.696000099182129
4510178818,Dryophytes versicolor,-70.917786,43.725178,2023,6.673666477203369,983.27392578125,89.0,-13.843999862670898,983.27392578125,89.0,-13.843999862670898
4510147101,Dryophytes versicolor,-68.95096,46.18157,2023,3.752333402633667,1108.9078369140625,51.0,-18.90799903869629,1108.9078369140625,51.0,-18.90799903869629
4509998910,Dryophytes versicolor,-69.386307,44.458766,2023,6.460000038146973,993.7288208007812,76.0,-13.404000282287598,993.7288208007812,76.0,-13.404000282287598
4506443186,Anaxyrus americanus,-69.067899,44.224541,2023,6.89965295791626,935.4232177734375,83.0,-11.337499618530273,935.4232177734375,83.0,-11.337499618530273
4506423924,Dryophytes versicolor,-68.963642,44.495427,2023,6.820000171661377,965.5169067382812,83.0,-12.531999588012695,965.5169067382812,83.0,-12.531999588012695
4506419337,Anaxyrus americanus,-69.049125,45.887842,2019,3.7096667289733887,1095.42041015625,55.0,-18.18000030517578,1095.42041015625,55.0,-18.18000030517578
4506415078,Anaxyrus americanus,-70.242858,45.158058,2023,3.6005001068115234,1052.8292236328125,69.0,-17.559999465942383,1052.8292236328125,69.0,-17.559999465942383
4506414888,Dryophytes versicolor,-70.015261,44.791133,2023,5.517000198364258,1037.594482421875,71.0,-16.035999298095703,1037.594482421875,71.0,-16.035999298095703
4506412054,Anaxyrus americanus,-69.084192,44.252895,2023,7.117166519165039,948.5928344726562,82.0,-11.54800033569336,948.5928344726562,82.0,-11.54800033569336
4506410116,Anaxyrus americanus,-68.580958,47.250129,2023,2.994499921798706,1164.659912109375,63.0,-20.652000427246094,1164.659912109375,63.0,-20.652000427246094
4506408994,Anaxyrus americanus,-70.746789,44.69491,2023,4.929333209991455,1038.5802001953125,59.0,-16.27199935913086,1038.5802001953125,59.0,-16.27199935913086
4506396126,Anaxyrus americanus,-70.276443,43.878242,2023,7.1610002517700195,969.0565185546875,81.0,-12.284000396728516,969.0565185546875,81.0,-12.284000396728516
4506393078,Anaxyrus americanus,-70.271627,44.487791,2023,6.169166564941406,1022.9811401367188,72.0,-14.776000022888184,1022.9811401367188,72.0,-14.776000022888184
4506392851,Anaxyrus americanus,-70.159211,43.827362,2023,7.479545593261719,941.591064453125,80.0,-11.159090995788574,941.591064453125,80.0,-11.159090995788574
4506390962,Anaxyrus americanus,-70.847192,44.461497,2023,5.41349983215332,1024.60498046875,66.0,-15.519999504089355,1024.60498046875,66.0,-15.519999504089355
4506389078,Dryophytes versicolor,-68.350478,44.467983,2023,,,,,,,
4506388137,Anaxyrus americanus,-70.297819,44.485849,2023,6.169333457946777,1025.310302734375,71.0,-14.85200023651123,1025.310302734375,71.0,-14.85200023651123
4506388066,Anaxyrus americanus,-70.274396,43.630184,2023,8.122618675231934,944.3306274414062,81.0,-10.671428680419922,944.3306274414062,81.0,-10.671428680419922
4506384958,Anaxyrus americanus,-70.688764,43.36466,2023,7.914666652679443,944.36572265625,85.0,-11.071999549865723,944.36572265625,85.0,-11.071999549865723
4506378019,Anaxyrus americanus,-68.591037,44.550881,2023,6.695666790008545,984.1959838867188,81.0,-12.979999542236328,984.1959838867188,81.0,-12.979999542236328
4506253842,Dryophytes versicolor,-70.261126,43.832913,2023,7.257833480834961,958.3055419921875,82.0,-11.996000289916992,958.3055419921875,82.0,-11.996000289916992
4506253808,Lithobates pipiens,-69.249215,44.926348,2023,5.928499698638916,1041.788818359375,70.0,-15.347999572753906,1041.788818359375,70.0,-15.347999572753906
4506247853,Dryophytes versicolor,-70.190789,43.954366,2023,7.1551666259765625,966.578369140625,81.0,-12.079999923706055,966.578369140625,81.0,-12.079999923706055
4506246064,Lithobates pipiens,-68.481489,46.087503,2023,3.3259999752044678,1112.5517578125,60.0,-19.059999465942383,1112.5517578125,60.0,-19.059999465942383
4506238961,Anaxyrus americanus,-70.858558,43.998272,2023,6.676499843597412,1007.2433471679688,83.0,-14.600000381469727,1007.2433471679688,83.0,-14.600000381469727
4506238089,Dryophytes versicolor,-69.063422,45.145089,2023,5.566333293914795,1044.051025390625,70.0,-15.699999809265137,1044.051025390625,70.0,-15.699999809265137
4506236053,Anaxyrus americanus,-70.083511,44.008153,2023,7.176833152770996,977.0897827148438,81.0,-12.144000053405762,977.0897827148438,81.0,-12.144000053405762
4506235994,Anaxyrus americanus,-67.158054,44.698667,2023,6.150781154632568,923.06884765625,78.0,-12.231249809265137,923.06884765625,78.0,-12.231249809265137
4506229288,Lithobates pipiens,-68.721896,44.899515,2023,6.447999954223633,1016.3721923828125,68.0,-13.955999374389648,1016.3721923828125,68.0,-13.955999374389648
4506227145,Anaxyrus americanus,-70.789881,44.404373,2023,5.93916654586792,1025.2254638671875,68.0,-15.196000099182129,1025.2254638671875,68.0,-15.196000099182129
4506224071,Anaxyrus americanus,-69.7855,43.844312,2023,,,,,,,
4506218987,Anaxyrus americanus,-70.902757,43.915319,2023,6.578000068664551,998.2607421875,87.0,-14.5,998.2607421875,87.0,-14.5
4506212084,Dryophytes versicolor,-69.815062,43.797381,2023,7.709868431091309,900.6714477539062,77.0,-9.77368450164795,900.6714477539062,77.0,-9.77368450164795
4506209952,Anaxyrus americanus,-70.287011,44.736268,2023,5.079333305358887,1036.8740234375,72.0,-16.176000595092773,1036.8740234375,72.0,-16.176000595092773
4506206054,Anaxyrus americanus,-70.837351,43.361947,2023,7.757333278656006,953.2755126953125,85.0,-11.592000007629395,953.2755126953125,85.0,-11.592000007629395
4506205035,Anaxyrus americanus,-69.253146,44.116925,2023,7.324833393096924,937.2228393554688,80.0,-10.803999900817871,937.2228393554688,80.0,-10.803999900817871
4506202889,Anaxyrus americanus,-68.999275,45.886275,2023,2.928333282470703,1083.318603515625,63.0,-18.59200096130371,1083.318603515625,63.0,-18.59200096130371
4506201007,Anaxyrus americanus,-69.863194,44.93488,2023,5.683333396911621,1045.4359130859375,64.0,-16.016000747680664,1045.4359130859375,64.0,-16.016000747680664
4506200993,Anaxyrus americanus,-70.519061,44.768368,2023,3.2063333988189697,1038.1346435546875,86.0,-17.2239990234375,1038.1346435546875,86.0,-17.2239990234375
4506199031,Anaxyrus americanus,-67.104583,44.736058,2023,6.153273582458496,924.5128173828125,77.0,-12.214285850524902,924.5128173828125,77.0,-12.214285850524902
4506198988,Anaxyrus americanus,-70.20929,44.522998,2023,6.162166595458984,1025.7655029296875,72.0,-14.968000411987305,1025.7655029296875,72.0,-14.968000411987305
4506198030,Anaxyrus americanus,-70.276054,44.482163,2023,6.169166564941406,1022.9811401367188,72.0,-14.776000022888184,1022.9811401367188,72.0,-14.776000022888184
4506197067,Anaxyrus americanus,-70.044228,43.800731,2023,,,,,,,
4500795362,Dryophytes versicolor,-70.814408,44.420708,2023,5.888333320617676,1025.17626953125,65.0,-15.263999938964844,1025.17626953125,65.0,-15.263999938964844
4500765463,Dryophytes versicolor,-70.814624,44.420749,2023,5.888333320617676,1025.17626953125,65.0,-15.263999938964844,1025.17626953125,65.0,-15.263999938964844
4500765225,Anaxyrus americanus,-70.810529,44.419205,2023,5.888333320617676,1025.17626953125,65.0,-15.263999938964844,1025.17626953125,65.0,-15.263999938964844
4500730182,Anaxyrus americanus,-70.712868,44.054802,2015,6.552000045776367,1006.482177734375,81.0,-14.652000427246094,1006.482177734375,81.0,-14.652000427246094
4500670225,Anaxyrus americanus,-70.712868,44.054802,2015,6.552000045776367,1006.482177734375,81.0,-14.652000427246094,1006.482177734375,81.0,-14.652000427246094
4500668230,Anaxyrus americanus,-70.911101,44.554195,2023,4.391166687011719,1019.8433837890625,71.0,-16.24799919128418,1019.8433837890625,71.0,-16.24799919128418
4500533506,Anaxyrus americanus,-70.815788,44.420578,2023,5.888333320617676,1025.17626953125,65.0,-15.263999938964844,1025.17626953125,65.0,-15.263999938964844
4500522414,Dryophytes versicolor,-70.816672,44.420722,2023,5.888333320617676,1025.17626953125,65.0,-15.263999938964844,1025.17626953125,65.0,-15.263999938964844
4500502110,Anaxyrus americanus,-70.6026,44.284293,2023,6.271999835968018,1009.4383544921875,75.0,-14.607999801635742,1009.4383544921875,75.0,-14.607999801635742
4500488219,Anaxyrus americanus,-70.741067,44.075589,2018,6.552000045776367,1006.482177734375,81.0,-14.652000427246094,1006.482177734375,81.0,-14.652000427246094
4500478232,Anaxyrus americanus,-70.745103,44.077958,2017,6.552000045776367,1006.482177734375,81.0,-14.652000427246094,1006.482177734375,81.0,-14.652000427246094
4500474273,Anaxyrus americanus,-70.745339,44.077039,2021,6.552000045776367,1006.482177734375,81.0,-14.652000427246094,1006.482177734375,81.0,-14.652000427246094
4465597071,Anaxyrus americanus,-67.504853,45.156845,2023,6.02133321762085,1020.0344848632812,78.0,-14.984000205993652,1020.0344848632812,78.0,-14.984000205993652
4458780368,Dryophytes versicolor,-69.855858,45.031814,2023,5.355666637420654,1048.1768798828125,64.0,-16.327999114990234,1048.1768798828125,64.0,-16.327999114990234
4458725322,Anaxyrus americanus,-68.931036,44.828753,2023,6.423500061035156,1016.4802856445312,72.0,-14.12399959564209,1016.4802856445312,72.0,-14.12399959564209
4458678021,Anaxyrus americanus,-67.926739,46.747092,2023,3.74399995803833,1132.8233642578125,51.0,-18.211999893188477,1132.8233642578125,51.0,-18.211999893188477
4458596878,Dryophytes versicolor,-69.78544,43.844455,2023,,,,,,,
4458592365,Dryophytes versicolor,-68.75549,44.720831,2019,6.747833251953125,1006.8766479492188,75.0,-13.479999542236328,1006.8766479492188,75.0,-13.479999542236328
4458481934,Anaxyrus americanus,-67.925555,46.746257,2023,3.74399995803833,1132.8233642578125,51.0,-18.211999893188477,1132.8233642578125,51.0,-18.211999893188477
4458472986,Lithobates pipiens,-68.750154,44.839072,2022,6.592499732971191,1020.1878662109375,70.0,-13.927999496459961,1020.1878662109375,70.0,-13.927999496459961
4458454001,Anaxyrus americanus,-67.926743,46.747037,2023,3.74399995803833,1132.8233642578125,51.0,-18.211999893188477,1132.8233642578125,51.0,-18.211999893188477
4458349927,Dryophytes versicolor,-69.63142,44.48464,2023,6.785666465759277,1010.4420776367188,67.0,-13.631999969482422,1010.4420776367188,67.0,-13.631999969482422
4454015876,Lithobates pipiens,-68.724675,44.899314,2023,6.447999954223633,1016.3721923828125,68.0,-13.955999374389648,1016.3721923828125,68.0,-13.955999374389648
4453974342,Lithobates pipiens,-68.724302,44.901044,2023,6.447999954223633,1016.3721923828125,68.0,-13.955999374389648,1016.3721923828125,68.0,-13.955999374389648
4453919528,Anaxyrus americanus,-69.355196,45.492765,2022,3.927000045776367,1072.24609375,65.0,-17.61199951171875,1072.24609375,65.0,-17.61199951171875
4453861868,Anaxyrus americanus,-70.746565,44.695789,2023,4.929333209991455,1038.5802001953125,59.0,-16.27199935913086,1038.5802001953125,59.0,-16.27199935913086
4453850688,Lithobates pipiens,-68.931218,44.829044,2023,6.423500061035156,1016.4802856445312,72.0,-14.12399959564209,1016.4802856445312,72.0,-14.12399959564209
4453834193,Lithobates pipiens,-68.627391,45.008851,2023,6.237666606903076,1029.2279052734375,68.0,-14.567999839782715,1029.2279052734375,68.0,-14.567999839782715
4453796153,Lithobates pipiens,-68.721298,44.899358,2023,6.447999954223633,1016.3721923828125,68.0,-13.955999374389648,1016.3721923828125,68.0,-13.955999374389648
4453793465,Lithobates pipiens,-68.287627,45.513207,2023,5.421833515167236,1062.669189453125,67.0,-16.1560001373291,1062.669189453125,67.0,-16.1560001373291
4453791461,Lithobates pipiens,-68.284742,45.514586,2023,5.421833515167236,1062.669189453125,67.0,-16.1560001373291,1062.669189453125,67.0,-16.1560001373291
4453772971,Lithobates pipiens,-68.392579,45.467823,2023,5.58650016784668,1066.4276123046875,68.0,-16.04800033569336,1066.4276123046875,68.0,-16.04800033569336
4453668811,Dryophytes versicolor,-67.003771,44.850295,2023,6.387744903564453,877.0745849609375,77.0,-11.24117660522461,877.0745849609375,77.0,-11.24117660522461
4443207302,Dryophytes versicolor,-69.812484,45.158769,2023,4.283999919891357,1064.7431640625,66.0,-17.395999908447266,1064.7431640625,66.0,-17.395999908447266
4442699413,Dryophytes versicolor,-70.240142,43.706158,2022,7.707639217376709,930.7933349609375,80.0,-10.75,930.7933349609375,80.0,-10.75
4442635754,Anaxyrus americanus,-68.031219,44.384945,2023,6.825781345367432,913.0321044921875,74.0,-11.574999809265137,913.0321044921875,74.0,-11.574999809265137
4442625837,Lithobates pipiens,-68.740365,44.86328,2023,6.577000141143799,1016.5341796875,70.0,-13.859999656677246,1016.5341796875,70.0,-13.859999656677246
4442624740,Anaxyrus americanus,-68.375412,44.294342,2023,7.01649284362793,903.1987915039062,76.0,-11.041666984558105,903.1987915039062,76.0,-11.041666984558105
4442613833,Dryophytes versicolor,-70.83963,44.200112,2023,6.3125,1006.4719848632812,79.0,-14.699999809265137,1006.4719848632812,79.0,-14.699999809265137
4442612602,Anaxyrus americanus,-69.930383,44.155814,2023,7.019000053405762,990.5698852539062,78.0,-12.583999633789062,990.5698852539062,78.0,-12.583999633789062
4442576812,Anaxyrus americanus,-69.482644,43.903336,2022,7.535745620727539,883.2525634765625,78.0,-9.421052932739258,883.2525634765625,78.0,-9.421052932739258
4442548966,Anaxyrus americanus,-69.156494,44.220703,2023,6.7704997062683105,946.8226928710938,84.0,-11.696000099182129,946.8226928710938,84.0,-11.696000099182129
4442511912,Anaxyrus americanus,-69.923103,44.157161,2023,7.019000053405762,990.5698852539062,78.0,-12.583999633789062,990.5698852539062,78.0,-12.583999633789062
4442489797,Dryophytes versicolor,-69.074558,44.305201,2023,7.104166507720947,946.0034790039062,82.0,-11.604000091552734,946.0034790039062,82.0,-11.604000091552734
4442482910,Lithobates pipiens,-69.063492,45.145283,2023,5.566333293914795,1044.051025390625,70.0,-15.699999809265137,1044.051025390625,70.0,-15.699999809265137
4442475718,Dryophytes versicolor,-69.902545,44.373194,2023,6.676166534423828,1008.33154296875,72.0,-13.552000045776367,1008.33154296875,72.0,-13.552000045776367
4442471832,Lithobates pipiens,-68.724771,44.89935,2023,6.447999954223633,1016.3721923828125,68.0,-13.955999374389648,1016.3721923828125,68.0,-13.955999374389648
4442405971,Dryophytes versicolor,-70.63059,43.706437,2023,7.141666412353516,977.2069091796875,85.0,-13.300000190734863,977.2069091796875,85.0,-13.300000190734863
4442397883,Lithobates pipiens,-68.645309,44.934214,2023,6.517666816711426,1025.43017578125,68.0,-14.072000503540039,1025.43017578125,68.0,-14.072000503540039
4442394707,Dryophytes versicolor,-69.431054,44.918966,2023,5.5960001945495605,1041.270263671875,71.0,-15.692000389099121,1041.270263671875,71.0,-15.692000389099121
4442370753,Dryophytes versicolor,-68.500949,44.651426,2023,6.625999927520752,991.420654296875,81.0,-13.331999778747559,991.420654296875,81.0,-13.331999778747559
4442359003,Anaxyrus americanus,-67.587945,44.48448,2023,,,,,,,
4442350947,Anaxyrus americanus,-70.417183,43.420687,2023,7.8468337059021,910.0982055664062,81.0,-10.359999656677246,910.0982055664062,81.0,-10.359999656677246
4442347848,Anaxyrus americanus,-69.808975,45.250137,2023,4.026000022888184,1079.835205078125,63.0,-17.799999237060547,1079.835205078125,63.0,-17.799999237060547
4441001564,Anaxyrus americanus,-69.358518,45.516802,2023,3.7071666717529297,1073.601806640625,65.0,-17.803998947143555,1073.601806640625,65.0,-17.803998947143555
4440850687,Dryophytes versicolor,-68.904026,44.812947,2017,6.488666534423828,1016.676513671875,72.0,-14.027999877929688,1016.676513671875,72.0,-14.027999877929688
4440753918,Anaxyrus americanus,-70.628182,43.842758,2023,6.880666732788086,976.7943115234375,83.0,-13.520000457763672,976.7943115234375,83.0,-13.520000457763672
4440680650,Anaxyrus americanus,-68.872803,44.36568,2023,,,,,,,
4440650960,Dryophytes versicolor,-69.645577,43.881427,2023,7.634166717529297,895.5366821289062,77.0,-9.765000343322754,895.5366821289062,77.0,-9.765000343322754
4440623804,Dryophytes versicolor,-69.945624,44.025691,2023,7.211666584014893,968.1348876953125,81.0,-11.904000282287598,968.1348876953125,81.0,-11.904000282287598
4440115449,Anaxyrus americanus,-69.967284,45.336162,2005,4.26966667175293,1072.6165771484375,57.0,-17.564001083374023,1072.6165771484375,57.0,-17.564001083374023
4440115343,Anaxyrus americanus,-69.967284,45.336162,2005,4.26966667175293,1072.6165771484375,57.0,-17.564001083374023,1072.6165771484375,57.0,-17.564001083374023
4440114323,Anaxyrus americanus,-69.748983,44.708589,2022,6.093500137329102,1036.076171875,67.0,-15.180000305175781,1036.076171875,67.0,-15.180000305175781
4440114090,Dryophytes versicolor,-70.359616,45.112025,2020,3.8416666984558105,1052.4803466796875,65.0,-17.328001022338867,1052.4803466796875,65.0,-17.328001022338867
4440112656,Dryophytes versicolor,-69.74896,44.70836,2020,6.093500137329102,1036.076171875,67.0,-15.180000305175781,1036.076171875,67.0,-15.180000305175781
4440111846,Anaxyrus americanus,-69.967284,45.336162,2005,4.26966667175293,1072.6165771484375,57.0,-17.564001083374023,1072.6165771484375,57.0,-17.564001083374023
4440111360,Anaxyrus americanus,-69.967284,45.336162,2005,4.26966667175293,1072.6165771484375,57.0,-17.564001083374023,1072.6165771484375,57.0,-17.564001083374023
4440111020,Anaxyrus americanus,-69.967284,45.336162,2005,4.26966667175293,1072.6165771484375,57.0,-17.564001083374023,1072.6165771484375,57.0,-17.564001083374023
4440110596,Anaxyrus americanus,-69.967284,45.336162,2005,4.26966667175293,1072.6165771484375,57.0,-17.564001083374023,1072.6165771484375,57.0,-17.564001083374023
4440110360,Anaxyrus americanus,-69.967284,45.336162,2005,4.26966667175293,1072.6165771484375,57.0,-17.564001083374023,1072.6165771484375,57.0,-17.564001083374023
4440110103,Anaxyrus americanus,-69.967284,45.336162,2005,4.26966667175293,1072.6165771484375,57.0,-17.564001083374023,1072.6165771484375,57.0,-17.564001083374023
4440109943,Dryophytes versicolor,-70.040608,44.999189,2020,5.115499973297119,1048.348388671875,66.0,-16.559999465942383,1048.348388671875,66.0,-16.559999465942383
4440109556,Anaxyrus americanus,-69.967284,45.336162,2005,4.26966667175293,1072.6165771484375,57.0,-17.564001083374023,1072.6165771484375,57.0,-17.564001083374023
4438918950,Lithobates pipiens,-67.300217,45.161011,2023,,,,,,,
4438848074,Dryophytes versicolor,-69.38443,44.448558,2023,6.376500129699707,987.0676879882812,78.0,-13.303999900817871,987.0676879882812,78.0,-13.303999900817871
4438669975,Anaxyrus americanus,-70.361029,45.041182,2023,2.3589999675750732,1040.7362060546875,87.0,-18.04400062561035,1040.7362060546875,87.0,-18.04400062561035
4438669974,Anaxyrus americanus,-70.534904,44.734753,2023,4.608833312988281,1039.989990234375,69.0,-16.447999954223633,1039.989990234375,69.0,-16.447999954223633
4436453357,Anaxyrus americanus,-69.930825,43.961466,2023,7.389999866485596,964.047119140625,80.0,-11.595999717712402,964.047119140625,80.0,-11.595999717712402
4436446322,Anaxyrus americanus,-68.548178,46.054221,2023,3.866499900817871,1108.488037109375,58.0,-18.676000595092773,1108.488037109375,58.0,-18.676000595092773
4436400145,Anaxyrus americanus,-68.500495,46.044446,2023,3.862333297729492,1102.995849609375,57.0,-18.59600067138672,1102.995849609375,57.0,-18.59600067138672
4436395570,Anaxyrus americanus,-68.430169,46.170527,2023,3.4863333702087402,1122.19677734375,57.0,-19.20800018310547,1122.19677734375,57.0,-19.20800018310547
4436389472,Anaxyrus americanus,-68.4409,46.017126,2023,4.181333541870117,1103.3931884765625,57.0,-18.332000732421875,1103.3931884765625,57.0,-18.332000732421875
4436332842,Anaxyrus americanus,-68.405068,46.031566,2023,4.265999794006348,1101.1578369140625,57.0,-18.224000930786133,1101.1578369140625,57.0,-18.224000930786133
4436317659,Lithobates pipiens,-68.453716,46.09954,2023,3.7016665935516357,1108.703125,58.0,-18.76799964904785,1108.703125,58.0,-18.76799964904785
4436307211,Anaxyrus americanus,-68.50968,46.057638,2023,3.862333297729492,1102.995849609375,57.0,-18.59600067138672,1102.995849609375,57.0,-18.59600067138672
4436294015,Anaxyrus americanus,-69.79427,44.341826,2023,6.9738335609436035,1010.784423828125,70.0,-13.236000061035156,1010.784423828125,70.0,-13.236000061035156
4436262604,Lithobates pipiens,-68.542833,46.136436,2023,3.7253332138061523,1116.0667724609375,56.0,-19.035999298095703,1116.0667724609375,56.0,-19.035999298095703
4436255120,Anaxyrus americanus,-68.528839,46.049565,2023,3.862333297729492,1102.995849609375,57.0,-18.59600067138672,1102.995849609375,57.0,-18.59600067138672
4436195120,Anaxyrus americanus,-69.932368,44.155742,2023,7.019000053405762,990.5698852539062,78.0,-12.583999633789062,990.5698852539062,78.0,-12.583999633789062
4436164855,Anaxyrus americanus,-68.443055,46.198106,2023,3.4863333702087402,1122.19677734375,57.0,-19.20800018310547,1122.19677734375,57.0,-19.20800018310547
4436110659,Anaxyrus americanus,-68.428777,46.058721,2023,3.9665000438690186,1102.7777099609375,58.0,-18.54400062561035,1102.7777099609375,58.0,-18.54400062561035
4436100123,Anaxyrus americanus,-70.892303,43.349005,2023,7.756499767303467,958.7108764648438,84.0,-11.748000144958496,958.7108764648438,84.0,-11.748000144958496
4436092025,Anaxyrus americanus,-69.845876,43.972571,2023,,,,,,,
4436090154,Anaxyrus americanus,-70.384375,45.140425,2023,3.634333372116089,1058.2864990234375,68.0,-17.58799934387207,1058.2864990234375,68.0,-17.58799934387207
4436081098,Lithobates pipiens,-68.485311,44.944727,2023,6.117499828338623,1014.7625732421875,74.0,-14.383999824523926,1014.7625732421875,74.0,-14.383999824523926
4436069965,Dryophytes versicolor,-69.385116,44.099937,2023,7.248610973358154,948.0379638671875,80.0,-11.133333206176758,948.0379638671875,80.0,-11.133333206176758
4430964508,Dryophytes versicolor,-70.809818,43.125706,2023,8.576587677001953,927.1358032226562,79.0,-9.790475845336914,927.1358032226562,79.0,-9.790475845336914
4430959810,Dryophytes versicolor,-70.287132,43.70552,2023,7.834469795227051,949.9675903320312,81.0,-11.068181991577148,949.9675903320312,81.0,-11.068181991577148
4430958583,Dryophytes versicolor,-70.236785,44.243711,2023,6.604666709899902,1007.0133056640625,77.0,-13.595999717712402,1007.0133056640625,77.0,-13.595999717712402
4430953755,Dryophytes versicolor,-67.453332,44.721037,2023,6.336166858673096,956.1467895507812,78.0,-13.15999984741211,956.1467895507812,78.0,-13.15999984741211
4430950597,Dryophytes versicolor,-70.26319,44.218043,2023,6.640833377838135,1004.9652709960938,76.0,-13.664000511169434,1004.9652709960938,76.0,-13.664000511169434
4430949496,Dryophytes versicolor,-70.809818,43.125706,2023,8.576587677001953,927.1358032226562,79.0,-9.790475845336914,927.1358032226562,79.0,-9.790475845336914
4430944963,Dryophytes versicolor,-70.551833,43.38426,2023,7.988166809082031,931.4705200195312,82.0,-10.723999977111816,931.4705200195312,82.0,-10.723999977111816
4430935528,Dryophytes versicolor,-70.134082,44.674944,2023,5.76633358001709,1037.781982421875,73.0,-15.859999656677246,1037.781982421875,73.0,-15.859999656677246
4430934467,Dryophytes versicolor,-68.96363,44.494878,2023,6.820000171661377,965.5169067382812,83.0,-12.531999588012695,965.5169067382812,83.0,-12.531999588012695
4430933723,Dryophytes versicolor,-70.595674,43.279799,2023,8.165398597717285,912.9607543945312,81.0,-9.92173957824707,912.9607543945312,81.0,-9.92173957824707
4430922462,Dryophytes versicolor,-68.64737,44.921088,2023,6.517666816711426,1025.43017578125,68.0,-14.072000503540039,1025.43017578125,68.0,-14.072000503540039
4430919661,Dryophytes versicolor,-70.800575,43.791456,2023,6.719333171844482,990.5844116210938,86.0,-14.131999969482422,990.5844116210938,86.0,-14.131999969482422
4430918008,Dryophytes versicolor,-70.174072,43.764097,2023,,,,,,,
4430887594,Dryophytes versicolor,-67.806422,45.200426,2021,5.734833240509033,1028.9547119140625,81.0,-15.460000038146973,1028.9547119140625,81.0,-15.460000038146973
4430862919,Dryophytes versicolor,-69.978952,44.399207,2022,6.595333099365234,1016.5479125976562,72.0,-13.9399995803833,1016.5479125976562,72.0,-13.9399995803833
4430852592,Dryophytes versicolor,-70.128854,44.158147,2021,6.872166633605957,996.9190673828125,79.0,-12.944000244140625,996.9190673828125,79.0,-12.944000244140625
4430837932,Dryophytes versicolor,-70.554077,43.545197,2022,7.503166675567627,953.3710327148438,83.0,-12.064000129699707,953.3710327148438,83.0,-12.064000129699707
4430781048,Anaxyrus americanus,-68.919363,46.133437,2023,3.7274999618530273,1107.4044189453125,52.0,-18.8439998626709,1107.4044189453125,52.0,-18.8439998626709
4430489653,Anaxyrus americanus,-68.152186,45.780198,2023,4.9118332862854,1077.47998046875,64.0,-16.892000198364258,1077.47998046875,64.0,-16.892000198364258
4430486631,Dryophytes versicolor,-69.805553,45.650885,2023,3.6654999256134033,1099.5775146484375,58.0,-18.2760009765625,1099.5775146484375,58.0,-18.2760009765625
4430482917,Dryophytes versicolor,-70.837829,43.362241,2023,7.757333278656006,953.2755126953125,85.0,-11.592000007629395,953.2755126953125,85.0,-11.592000007629395
4430482530,Dryophytes versicolor,-70.262634,44.233033,2023,6.640833377838135,1004.9652709960938,76.0,-13.664000511169434,1004.9652709960938,76.0,-13.664000511169434
4430465627,Dryophytes versicolor,-68.780766,44.789772,2023,6.9691667556762695,1020.7234497070312,73.0,-13.532000541687012,1020.7234497070312,73.0,-13.532000541687012
4430464906,Dryophytes versicolor,-70.669595,43.113895,2023,8.609000205993652,900.3008422851562,79.0,-9.008000373840332,900.3008422851562,79.0,-9.008000373840332
4430464529,Dryophytes versicolor,-68.616413,44.6844,2023,6.5269999504089355,997.1307373046875,82.0,-13.4399995803833,997.1307373046875,82.0,-13.4399995803833
4430463636,Dryophytes versicolor,-70.348134,43.696597,2023,7.69350004196167,959.7823486328125,81.0,-11.640000343322754,959.7823486328125,81.0,-11.640000343322754
4430459565,Dryophytes versicolor,-70.864925,43.09208,2023,,,,,,,
4430457528,Dryophytes versicolor,-70.134279,44.674887,2023,5.76633358001709,1037.781982421875,73.0,-15.859999656677246,1037.781982421875,73.0,-15.859999656677246
4430454583,Dryophytes versicolor,-68.809151,44.743469,2023,6.744333267211914,1005.8201904296875,74.0,-13.435999870300293,1005.8201904296875,74.0,-13.435999870300293
4430442502,Dryophytes versicolor,-70.513934,44.397208,2023,5.56583309173584,1013.2391967773438,77.0,-15.055999755859375,1013.2391967773438,77.0,-15.055999755859375
4430436539,Dryophytes versicolor,-70.289418,44.135749,2023,6.869166851043701,995.7728271484375,77.0,-13.140000343322754,995.7728271484375,77.0,-13.140000343322754
4430432865,Dryophytes versicolor,-70.527288,44.380215,2023,5.56583309173584,1013.2391967773438,77.0,-15.055999755859375,1013.2391967773438,77.0,-15.055999755859375
4430411604,Dryophytes versicolor,-69.945435,44.415607,2021,6.615333080291748,1013.8983764648438,72.0,-13.84000015258789,1013.8983764648438,72.0,-13.84000015258789
4424703386,Anaxyrus americanus,-69.026908,45.945278,2023,2.3434998989105225,1091.3916015625,69.0,-19.200000762939453,1091.3916015625,69.0,-19.200000762939453
4424534875,Dryophytes versicolor,-70.615067,43.34343,2023,7.983333110809326,929.5902099609375,83.0,-10.628000259399414,929.5902099609375,83.0,-10.628000259399414
4424505809,Anaxyrus americanus,-69.623899,44.889759,2014,5.820333480834961,1039.457763671875,66.0,-15.576000213623047,1039.457763671875,66.0,-15.576000213623047
4424457944,Anaxyrus americanus,-69.9314,44.155401,2023,7.019000053405762,990.5698852539062,78.0,-12.583999633789062,990.5698852539062,78.0,-12.583999633789062
4424337837,Anaxyrus americanus,-70.938737,43.923095,2023,6.585666656494141,1002.701416015625,86.0,-14.532000541687012,1002.701416015625,86.0,-14.532000541687012
4424108952,Anaxyrus americanus,-70.979601,44.252046,2023,5.476166725158691,1000.5040893554688,80.0,-15.03600025177002,1000.5040893554688,80.0,-15.03600025177002
4421203843,Anaxyrus americanus,-69.04349,45.882702,2023,3.7096667289733887,1095.42041015625,55.0,-18.18000030517578,1095.42041015625,55.0,-18.18000030517578
4420989702,Anaxyrus americanus,-71.028405,44.746362,2023,4.45383358001709,1060.1837158203125,53.0,-17.1200008392334,1060.1837158203125,53.0,-17.1200008392334
4420935701,Anaxyrus americanus,-70.45277,43.681403,2023,7.3466668128967285,965.3731079101562,81.0,-12.319999694824219,965.3731079101562,81.0,-12.319999694824219
4420903892,Anaxyrus americanus,-69.651942,44.855828,2023,5.853000164031982,1038.3328857421875,66.0,-15.520000457763672,1038.3328857421875,66.0,-15.520000457763672
4420891367,Anaxyrus americanus,-69.178295,45.76641,2023,4.081666946411133,1091.0943603515625,54.0,-17.803998947143555,1091.0943603515625,54.0,-17.803998947143555
4420873562,Anaxyrus americanus,-70.296162,45.510225,2023,3.7674999237060547,1087.2236328125,56.0,-18.016000747680664,1087.2236328125,56.0,-18.016000747680664
4420861934,Anaxyrus americanus,-69.619322,43.950237,2023,7.624275207519531,907.6475219726562,78.0,-9.960869789123535,907.6475219726562,78.0,-9.960869789123535
4420837273,Anaxyrus americanus,-70.731396,43.643966,2023,7.191666603088379,979.2280883789062,85.0,-13.211999893188477,979.2280883789062,85.0,-13.211999893188477
4420823448,Anaxyrus americanus,-70.927563,43.926753,2023,6.585666656494141,1002.701416015625,86.0,-14.532000541687012,1002.701416015625,86.0,-14.532000541687012
4420723771,Dryophytes versicolor,-69.082472,44.249634,2023,6.89965295791626,935.4232177734375,83.0,-11.337499618530273,935.4232177734375,83.0,-11.337499618530273
4420699926,Anaxyrus americanus,-69.064067,44.22981,2023,6.89965295791626,935.4232177734375,83.0,-11.337499618530273,935.4232177734375,83.0,-11.337499618530273
4420676766,Anaxyrus americanus,-69.925276,43.990293,2023,7.389999866485596,964.047119140625,80.0,-11.595999717712402,964.047119140625,80.0,-11.595999717712402
4417205550,Dryophytes versicolor,-69.419403,45.379537,2023,4.403500080108643,1070.4959716796875,65.0,-17.299999237060547,1070.4959716796875,65.0,-17.299999237060547
4417204549,Anaxyrus americanus,-69.330659,44.604288,2023,6.544333457946777,1005.1400756835938,73.0,-13.779999732971191,1005.1400756835938,73.0,-13.779999732971191
4417142781,Anaxyrus americanus,-70.7508,44.107667,2023,6.460999965667725,1002.8390502929688,82.0,-14.624000549316406,1002.8390502929688,82.0,-14.624000549316406
4417132739,Dryophytes versicolor,-69.918813,44.184015,2023,7.047833442687988,997.1449584960938,76.0,-12.727999687194824,997.1449584960938,76.0,-12.727999687194824
4417116671,Anaxyrus americanus,-70.953262,44.062633,2023,6.67383337020874,1023.0392456054688,83.0,-14.67199993133545,1023.0392456054688,83.0,-14.67199993133545
4417106131,Lithobates pipiens,-68.721999,44.903544,2023,6.447999954223633,1016.3721923828125,68.0,-13.955999374389648,1016.3721923828125,68.0,-13.955999374389648
4416957333,Anaxyrus americanus,-70.747948,43.432376,2023,7.827166557312012,961.7196044921875,84.0,-11.739999771118164,961.7196044921875,84.0,-11.739999771118164
4416926664,Dryophytes versicolor,-70.138764,44.673408,2023,5.76633358001709,1037.781982421875,73.0,-15.859999656677246,1037.781982421875,73.0,-15.859999656677246
4416905760,Anaxyrus americanus,-69.185371,45.603924,2023,3.6004998683929443,1079.20849609375,64.0,-17.91200065612793,1079.20849609375,64.0,-17.91200065612793
4416887817,Anaxyrus americanus,-69.525539,45.857989,2023,3.7643332481384277,1107.822265625,54.0,-18.416000366210938,1107.822265625,54.0,-18.416000366210938
4416885752,Anaxyrus americanus,-69.23407,45.561367,2023,2.820500135421753,1072.4681396484375,72.0,-18.27199935913086,1072.4681396484375,72.0,-18.27199935913086
4416825208,Anaxyrus americanus,-69.395983,44.472761,2023,6.460000038146973,993.7288208007812,76.0,-13.404000282287598,993.7288208007812,76.0,-13.404000282287598
4416741708,Anaxyrus americanus,-68.888378,45.921106,2023,1.9283332824707031,1081.6168212890625,72.0,-19.04400062561035,1081.6168212890625,72.0,-19.04400062561035
4416687994,Anaxyrus americanus,-70.081177,43.861367,2023,7.436166763305664,938.69384765625,80.0,-11.100000381469727,938.69384765625,80.0,-11.100000381469727
4416673901,Anaxyrus americanus,-69.333771,44.602507,2023,6.595666885375977,1005.7623291015625,72.0,-13.748000144958496,1005.7623291015625,72.0,-13.748000144958496
4414426340,Dryophytes versicolor,-69.943723,44.170037,2023,7.047833442687988,997.1449584960938,76.0,-12.727999687194824,997.1449584960938,76.0,-12.727999687194824
4414414757,Lithobates pipiens,-68.058736,46.865732,2023,3.629500150680542,1132.674560546875,52.0,-18.724000930786133,1132.674560546875,52.0,-18.724000930786133
4414408412,Anaxyrus americanus,-69.303169,44.454515,2023,6.458333492279053,977.8721923828125,80.0,-13.055999755859375,977.8721923828125,80.0,-13.055999755859375
4414374963,Dryophytes versicolor,-70.978713,44.020339,2023,6.725333213806152,1017.3042602539062,83.0,-14.604000091552734,1017.3042602539062,83.0,-14.604000091552734
4414345242,Anaxyrus americanus,-69.752701,45.26878,2023,3.387666702270508,1074.5174560546875,71.0,-18.09200096130371,1074.5174560546875,71.0,-18.09200096130371
4414344680,Dryophytes versicolor,-69.57827,43.935453,2023,7.636666774749756,895.3584594726562,78.0,-9.744999885559082,895.3584594726562,78.0,-9.744999885559082
4414343355,Dryophytes versicolor,-70.014591,44.458475,2023,6.397500038146973,1024.0908203125,72.0,-14.539999961853027,1024.0908203125,72.0,-14.539999961853027
4414319366,Anaxyrus americanus,-69.300028,44.456007,2023,6.458333492279053,977.8721923828125,80.0,-13.055999755859375,977.8721923828125,80.0,-13.055999755859375
4414298945,Lithobates pipiens,-68.289596,45.801979,2023,4.8416666984558105,1083.3553466796875,62.0,-17.027999877929688,1083.3553466796875,62.0,-17.027999877929688
4414203308,Anaxyrus americanus,-68.474913,44.831937,2023,6.180500030517578,1005.5964965820312,82.0,-14.0,1005.5964965820312,82.0,-14.0
4414161335,Anaxyrus americanus,-69.044527,44.26712,2023,6.795333385467529,941.8868408203125,84.0,-11.631999969482422,941.8868408203125,84.0,-11.631999969482422
4414138332,Anaxyrus americanus,-70.448349,43.682318,2023,7.3466668128967285,965.3731079101562,81.0,-12.319999694824219,965.3731079101562,81.0,-12.319999694824219
4414123963,Dryophytes versicolor,-68.67098,44.900572,2023,6.562333106994629,1017.734375,68.0,-13.807999610900879,1017.734375,68.0,-13.807999610900879
4414089756,Anaxyrus americanus,-68.906835,45.996456,2023,2.9559998512268066,1089.227294921875,61.0,-18.56800079345703,1089.227294921875,61.0,-18.56800079345703
4413964879,Anaxyrus americanus,-67.588011,44.4845,2023,,,,,,,
4413936738,Dryophytes versicolor,-68.056839,44.34433,2023,6.8611979484558105,866.7794799804688,75.0,-10.793749809265137,866.7794799804688,75.0,-10.793749809265137
4413933980,Anaxyrus americanus,-69.141937,44.601357,2023,6.293833255767822,992.1790161132812,79.0,-13.664000511169434,992.1790161132812,79.0,-13.664000511169434
4413924827,Anaxyrus americanus,-70.187455,44.257053,2023,6.728166580200195,1010.7495727539062,74.0,-13.640000343322754,1010.7495727539062,74.0,-13.640000343322754
4413922394,Anaxyrus americanus,-70.637308,44.945084,2023,3.7801668643951416,1063.3541259765625,65.0,-17.875999450683594,1063.3541259765625,65.0,-17.875999450683594
4413921950,Anaxyrus americanus,-70.522233,45.044661,2023,3.4521665573120117,1065.2919921875,70.0,-17.972000122070312,1065.2919921875,70.0,-17.972000122070312
4413885860,Anaxyrus americanus,-70.904182,43.920319,2023,6.6533331871032715,1005.4049682617188,85.0,-14.604000091552734,1005.4049682617188,85.0,-14.604000091552734
4413884163,Anaxyrus americanus,-70.341705,43.767238,2023,7.260000228881836,961.2611694335938,82.0,-12.208000183105469,961.2611694335938,82.0,-12.208000183105469
4413857515,Anaxyrus americanus,-70.22332,44.100353,2023,7.26966667175293,1003.28759765625,78.0,-12.692000389099121,1003.28759765625,78.0,-12.692000389099121
4413843769,Anaxyrus americanus,-67.458931,44.680335,2023,6.30916690826416,948.1736450195312,78.0,-13.032000541687012,948.1736450195312,78.0,-13.032000541687012
4413837272,Anaxyrus americanus,-70.556896,44.300504,2023,6.101500034332275,1012.4219970703125,74.0,-14.711999893188477,1012.4219970703125,74.0,-14.711999893188477
4413816784,Anaxyrus americanus,-69.075919,44.59035,2023,6.49066686630249,986.267578125,79.0,-13.383999824523926,986.267578125,79.0,-13.383999824523926
4413797544,Dryophytes versicolor,-68.960425,45.865913,2023,4.191666603088379,1085.787841796875,56.0,-17.615999221801758,1085.787841796875,56.0,-17.615999221801758
4413794111,Anaxyrus americanus,-69.075444,44.590161,2023,6.49066686630249,986.267578125,79.0,-13.383999824523926,986.267578125,79.0,-13.383999824523926
4413784170,Anaxyrus americanus,-67.573786,44.483064,2023,,,,,,,
4413741076,Anaxyrus americanus,-69.058814,44.263367,2023,6.795333385467529,941.8868408203125,84.0,-11.631999969482422,941.8868408203125,84.0,-11.631999969482422
4413736977,Dryophytes versicolor,-70.450203,43.684162,2023,7.3466668128967285,965.3731079101562,81.0,-12.319999694824219,965.3731079101562,81.0,-12.319999694824219
4413712107,Anaxyrus americanus,-70.229492,43.639797,2023,8.066319465637207,926.9019165039062,80.0,-10.366666793823242,926.9019165039062,80.0,-10.366666793823242
4413663186,Anaxyrus americanus,-70.7915,44.008002,2023,6.478833198547363,1005.1475219726562,83.0,-14.684000015258789,1005.1475219726562,83.0,-14.684000015258789
4413652399,Anaxyrus americanus,-70.089752,44.516174,2023,6.210500240325928,1024.6922607421875,72.0,-14.923999786376953,1024.6922607421875,72.0,-14.923999786376953
4413642181,Anaxyrus americanus,-69.819231,43.800271,2023,7.709868431091309,900.6714477539062,77.0,-9.77368450164795,900.6714477539062,77.0,-9.77368450164795
4413641857,Anaxyrus americanus,-68.323601,47.123596,2023,3.181666612625122,1153.251708984375,62.0,-20.355998992919922,1153.251708984375,62.0,-20.355998992919922
4413630043,Anaxyrus americanus,-70.776496,44.932217,2023,3.883666753768921,1060.10498046875,61.0,-17.756000518798828,1060.10498046875,61.0,-17.756000518798828
4413628426,Lithobates pipiens,-67.911073,46.642915,2019,3.7648332118988037,1123.9805908203125,51.0,-18.079999923706055,1123.9805908203125,51.0,-18.079999923706055
4413628270,Anaxyrus americanus,-70.786601,44.349966,2023,5.928999900817871,1018.993408203125,71.0,-15.119999885559082,1018.993408203125,71.0,-15.119999885559082
4413623934,Anaxyrus americanus,-69.287238,45.454113,2023,3.996999979019165,1065.945556640625,69.0,-17.38800048828125,1065.945556640625,69.0,-17.38800048828125
4413619597,Anaxyrus americanus,-69.889292,43.933343,2023,7.6147918701171875,956.69775390625,78.0,-11.114999771118164,956.69775390625,78.0,-11.114999771118164
4413618087,Lithobates pipiens,-68.790763,44.987822,2023,6.2838335037231445,1025.2115478515625,68.0,-14.415999412536621,1025.2115478515625,68.0,-14.415999412536621
4413607068,Anaxyrus americanus,-69.503662,43.865797,2023,,,,,,,
4413601311,Lithobates pipiens,-68.731613,44.86635,2019,6.577000141143799,1016.5341796875,70.0,-13.859999656677246,1016.5341796875,70.0,-13.859999656677246
4413595535,Anaxyrus americanus,-69.585248,44.766311,2023,6.144000053405762,1032.327880859375,67.0,-15.031999588012695,1032.327880859375,67.0,-15.031999588012695
4413592212,Anaxyrus americanus,-70.124092,44.024925,2023,7.176833152770996,977.0897827148438,81.0,-12.144000053405762,977.0897827148438,81.0,-12.144000053405762
4413592147,Anaxyrus americanus,-70.351658,44.04151,2023,6.89633321762085,988.135986328125,82.0,-13.095999717712402,988.135986328125,82.0,-13.095999717712402
4413563866,Anaxyrus americanus,-69.480749,44.157374,2023,7.399166584014893,961.317626953125,78.0,-11.4399995803833,961.317626953125,78.0,-11.4399995803833
4413559917,Anaxyrus americanus,-68.031219,44.384945,2023,6.825781345367432,913.0321044921875,74.0,-11.574999809265137,913.0321044921875,74.0,-11.574999809265137
4413556997,Anaxyrus americanus,-67.454105,44.701427,2023,6.328000068664551,943.397216796875,78.0,-12.87600040435791,943.397216796875,78.0,-12.87600040435791
4413546239,Dryophytes versicolor,-70.793672,43.688383,2023,6.944333553314209,982.7440185546875,85.0,-13.711999893188477,982.7440185546875,85.0,-13.711999893188477
4413545159,Anaxyrus americanus,-69.38517,43.998587,2023,,,,,,,
4413518218,Anaxyrus americanus,-69.933365,44.514534,2023,6.331333160400391,1018.25927734375,72.0,-14.508000373840332,1018.25927734375,72.0,-14.508000373840332
4413516294,Anaxyrus americanus,-70.2632,43.819337,2023,7.257833480834961,958.3055419921875,82.0,-11.996000289916992,958.3055419921875,82.0,-11.996000289916992
4413502930,Anaxyrus americanus,-69.113792,45.394976,2023,5.1501665115356445,1055.916259765625,65.0,-16.375999450683594,1055.916259765625,65.0,-16.375999450683594
4413496669,Anaxyrus americanus,-70.889854,44.643333,2023,4.026666641235352,1036.8416748046875,67.0,-16.895999908447266,1036.8416748046875,67.0,-16.895999908447266
4413491664,Anaxyrus americanus,-70.622965,43.868721,2023,7.201833248138428,955.029052734375,83.0,-12.496000289916992,955.029052734375,83.0,-12.496000289916992
4413480749,Anaxyrus americanus,-67.112992,44.894092,2023,,,,,,,
4413477605,Anaxyrus americanus,-70.698435,44.117661,2023,6.677666664123535,1008.8466796875,80.0,-14.491999626159668,1008.8466796875,80.0,-14.491999626159668
4413475225,Anaxyrus americanus,-69.114848,44.258028,2023,7.117166519165039,948.5928344726562,82.0,-11.54800033569336,948.5928344726562,82.0,-11.54800033569336
4413471899,Anaxyrus americanus,-70.182564,43.824951,2023,7.439930438995361,950.9321899414062,81.0,-11.441666603088379,950.9321899414062,81.0,-11.441666603088379
4413469906,Dryophytes versicolor,-70.686361,43.162015,2023,8.510833740234375,913.4719848632812,80.0,-9.432000160217285,913.4719848632812,80.0,-9.432000160217285
4413444931,Anaxyrus americanus,-70.843548,43.912729,2023,6.638166427612305,1001.8033447265625,85.0,-14.572000503540039,1001.8033447265625,85.0,-14.572000503540039
4413444778,Anaxyrus americanus,-69.684806,45.460448,2023,3.429499864578247,1081.62158203125,65.0,-18.191999435424805,1081.62158203125,65.0,-18.191999435424805
4413442153,Lithobates pipiens,-69.164732,46.413818,2023,3.0334999561309814,1123.3895263671875,54.0,-19.72800064086914,1123.3895263671875,54.0,-19.72800064086914
4413439731,Anaxyrus americanus,-70.244629,44.518654,2023,6.162166595458984,1025.7655029296875,72.0,-14.968000411987305,1025.7655029296875,72.0,-14.968000411987305
4413434558,Anaxyrus americanus,-69.671897,45.457341,2023,3.5338332653045654,1078.695068359375,65.0,-18.079999923706055,1078.695068359375,65.0,-18.079999923706055
4413431019,Anaxyrus americanus,-70.709872,44.970042,2023,3.6579997539520264,1069.5648193359375,63.0,-18.107999801635742,1069.5648193359375,63.0,-18.107999801635742
4413422825,Anaxyrus americanus,-68.476544,45.424393,2022,5.603499889373779,1064.5640869140625,68.0,-15.97599983215332,1064.5640869140625,68.0,-15.97599983215332
4413418023,Anaxyrus americanus,-69.076644,45.756028,2023,4.387166500091553,1087.8331298828125,55.0,-17.47599983215332,1087.8331298828125,55.0,-17.47599983215332
4413404292,Anaxyrus americanus,-70.321983,44.592406,2023,5.377666473388672,1029.314208984375,74.0,-15.760000228881836,1029.314208984375,74.0,-15.760000228881836
4413404274,Anaxyrus americanus,-70.283371,44.565419,2023,5.910833358764648,1027.4239501953125,72.0,-15.288000106811523,1027.4239501953125,72.0,-15.288000106811523
4413401688,Anaxyrus americanus,-67.445013,44.655069,2023,6.3847222328186035,904.8436279296875,78.0,-12.106666564941406,904.8436279296875,78.0,-12.106666564941406
4413396818,Dryophytes versicolor,-68.061136,44.332572,2023,,,,,,,
4413394010,Anaxyrus americanus,-70.893181,44.667812,2023,4.01533317565918,1045.7393798828125,65.0,-17.148000717163086,1045.7393798828125,65.0,-17.148000717163086
4413376342,Anaxyrus americanus,-69.02331,45.883752,2019,3.693333387374878,1090.853271484375,55.0,-18.148000717163086,1090.853271484375,55.0,-18.148000717163086
4413373082,Anaxyrus americanus,-69.568642,45.46325,2023,3.697333574295044,1084.2437744140625,64.0,-18.08799934387207,1084.2437744140625,64.0,-18.08799934387207
4413367897,Anaxyrus americanus,-69.066942,44.240708,2023,6.89965295791626,935.4232177734375,83.0,-11.337499618530273,935.4232177734375,83.0,-11.337499618530273
4407670332,Anaxyrus americanus,-70.338683,43.758995,2023,7.260000228881836,961.2611694335938,82.0,-12.208000183105469,961.2611694335938,82.0,-12.208000183105469
4407653601,Dryophytes versicolor,-70.685055,44.180726,2023,6.329666614532471,1006.8850708007812,78.0,-14.619999885559082,1006.8850708007812,78.0,-14.619999885559082
4407544337,Anaxyrus americanus,-70.627939,43.842589,2023,6.880666732788086,976.7943115234375,83.0,-13.520000457763672,976.7943115234375,83.0,-13.520000457763672
4407477061,Lithobates pipiens,-70.192213,44.241372,2023,6.722833156585693,1005.3626098632812,76.0,-13.447999954223633,1005.3626098632812,76.0,-13.447999954223633
4407451359,Dryophytes versicolor,-69.801891,43.95552,2023,,,,,,,
4407446224,Anaxyrus americanus,-68.390232,44.800461,2023,6.356666564941406,1001.2944946289062,81.0,-13.859999656677246,1001.2944946289062,81.0,-13.859999656677246
4407386184,Anaxyrus americanus,-70.374931,44.548513,2023,5.495999813079834,1028.3717041015625,73.0,-15.47599983215332,1028.3717041015625,73.0,-15.47599983215332
4407363990,Anaxyrus americanus,-70.741888,43.96212,2023,6.4651665687561035,1000.7784423828125,84.0,-14.5600004196167,1000.7784423828125,84.0,-14.5600004196167
4407338944,Dryophytes versicolor,-70.814622,44.420712,2023,5.888333320617676,1025.17626953125,65.0,-15.263999938964844,1025.17626953125,65.0,-15.263999938964844
4407267752,Anaxyrus americanus,-70.599964,43.915656,2023,7.1623334884643555,958.4794311523438,83.0,-12.604000091552734,958.4794311523438,83.0,-12.604000091552734
4407265713,Anaxyrus americanus,-70.886681,44.638981,2023,4.026666641235352,1036.8416748046875,67.0,-16.895999908447266,1036.8416748046875,67.0,-16.895999908447266
4407232795,Anaxyrus americanus,-69.089508,44.248718,2023,7.1670002937316895,940.2926635742188,81.0,-11.227999687194824,940.2926635742188,81.0,-11.227999687194824
4407231615,Anaxyrus americanus,-70.341338,44.995792,2023,2.632833242416382,1041.229736328125,87.0,-17.892000198364258,1041.229736328125,87.0,-17.892000198364258
4407165022,Lithobates pipiens,-68.780515,44.99063,2023,6.2838335037231445,1025.2115478515625,68.0,-14.415999412536621,1025.2115478515625,68.0,-14.415999412536621
4405530727,Lithobates pipiens,-68.142051,46.88511,2023,3.3625001907348633,1135.5911865234375,54.0,-19.327999114990234,1135.5911865234375,54.0,-19.327999114990234
4405482031,Dryophytes versicolor,-68.930861,44.828681,2023,6.423500061035156,1016.4802856445312,72.0,-14.12399959564209,1016.4802856445312,72.0,-14.12399959564209
4405448433,Lithobates pipiens,-68.198273,46.0047,2023,4.309333324432373,1098.5792236328125,60.0,-17.983999252319336,1098.5792236328125,60.0,-17.983999252319336
4405448355,Anaxyrus americanus,-70.837672,43.36228,2023,7.757333278656006,953.2755126953125,85.0,-11.592000007629395,953.2755126953125,85.0,-11.592000007629395
4405426903,Lithobates pipiens,-70.106956,44.31697,2023,6.725500106811523,1013.4443969726562,73.0,-13.708000183105469,1013.4443969726562,73.0,-13.708000183105469
4405354902,Anaxyrus americanus,-69.005181,45.93798,2023,2.3434998989105225,1091.3916015625,69.0,-19.200000762939453,1091.3916015625,69.0,-19.200000762939453
4405312413,Lithobates pipiens,-70.107502,44.316808,2023,6.725500106811523,1013.4443969726562,73.0,-13.708000183105469,1013.4443969726562,73.0,-13.708000183105469
4405308754,Dryophytes versicolor,-70.833795,43.673847,2023,6.926000118255615,981.6292724609375,86.0,-13.708000183105469,981.6292724609375,86.0,-13.708000183105469
4405241710,Anaxyrus americanus,-70.837658,43.36227,2023,7.757333278656006,953.2755126953125,85.0,-11.592000007629395,953.2755126953125,85.0,-11.592000007629395
4405215230,Anaxyrus americanus,-68.886192,45.986272,2023,2.9559998512268066,1089.227294921875,61.0,-18.56800079345703,1089.227294921875,61.0,-18.56800079345703
4405185121,Dryophytes versicolor,-70.755612,43.090817,2023,8.785515785217285,921.9078979492188,80.0,-9.328571319580078,921.9078979492188,80.0,-9.328571319580078
4405170229,Dryophytes versicolor,-70.322318,43.703286,2023,7.831333160400391,959.189208984375,81.0,-11.355999946594238,959.189208984375,81.0,-11.355999946594238
4405153114,Anaxyrus americanus,-69.172263,44.382285,2023,6.9608330726623535,967.49560546875,80.0,-12.315999984741211,967.49560546875,80.0,-12.315999984741211
4405110280,Anaxyrus americanus,-69.035369,45.94453,2023,2.3434998989105225,1091.3916015625,69.0,-19.200000762939453,1091.3916015625,69.0,-19.200000762939453
4405077614,Anaxyrus americanus,-70.050747,44.300451,2023,6.735833644866943,1014.5154418945312,74.0,-13.652000427246094,1014.5154418945312,74.0,-13.652000427246094
4405063998,Anaxyrus americanus,-70.646583,43.520292,2023,7.513166904449463,954.8770141601562,84.0,-12.119999885559082,954.8770141601562,84.0,-12.119999885559082
4405030549,Anaxyrus americanus,-70.279942,43.788506,2023,7.379166603088379,952.9747924804688,81.0,-11.755999565124512,952.9747924804688,81.0,-11.755999565124512
4400490965,Dryophytes versicolor,-69.314703,44.522366,2017,6.397166728973389,993.0767211914062,77.0,-13.456000328063965,993.0767211914062,77.0,-13.456000328063965
4400455976,Anaxyrus americanus,-68.639896,44.922772,2023,6.517666816711426,1025.43017578125,68.0,-14.072000503540039,1025.43017578125,68.0,-14.072000503540039
4400433139,Anaxyrus americanus,-70.666986,44.126634,2023,6.421833515167236,1006.4935913085938,81.0,-14.619999885559082,1006.4935913085938,81.0,-14.619999885559082
4400390204,Anaxyrus americanus,-69.779116,44.520065,2023,6.63100004196167,1024.77734375,66.0,-14.164000511169434,1024.77734375,66.0,-14.164000511169434
4400359814,Anaxyrus americanus,-68.840612,46.075443,2023,2.2044999599456787,1118.078369140625,68.0,-19.70800018310547,1118.078369140625,68.0,-19.70800018310547
4400304668,Anaxyrus americanus,-69.836911,44.729961,2023,6.122833251953125,1039.099365234375,66.0,-15.399999618530273,1039.099365234375,66.0,-15.399999618530273
4400299915,Anaxyrus americanus,-68.64021,44.923169,2023,6.517666816711426,1025.43017578125,68.0,-14.072000503540039,1025.43017578125,68.0,-14.072000503540039
4400282121,Anaxyrus americanus,-70.852503,43.141319,2023,,,,,,,
4400251421,Anaxyrus americanus,-68.2847,45.514603,2023,5.421833515167236,1062.669189453125,67.0,-16.1560001373291,1062.669189453125,67.0,-16.1560001373291
4400221068,Lithobates pipiens,-68.640072,44.923137,2023,6.517666816711426,1025.43017578125,68.0,-14.072000503540039,1025.43017578125,68.0,-14.072000503540039
4400209359,Anaxyrus americanus,-70.897537,43.98462,2020,6.763166427612305,1012.42041015625,83.0,-14.631999969482422,1012.42041015625,83.0,-14.631999969482422
4400208506,Anaxyrus americanus,-70.966003,44.246353,2023,6.218166828155518,1003.9236450195312,76.0,-14.64799976348877,1003.9236450195312,76.0,-14.64799976348877
4400150674,Dryophytes versicolor,-69.366768,44.2854,2023,6.95883321762085,966.0692138671875,80.0,-12.084000587463379,966.0692138671875,80.0,-12.084000587463379
4400100572,Anaxyrus americanus,-68.640198,44.923217,2023,6.517666816711426,1025.43017578125,68.0,-14.072000503540039,1025.43017578125,68.0,-14.072000503540039
4400092816,Anaxyrus americanus,-67.824888,46.141145,2023,4.542333602905273,1110.7269287109375,61.0,-17.61199951171875,1110.7269287109375,61.0,-17.61199951171875
4400075978,Dryophytes versicolor,-70.241907,44.49823,2023,6.029333114624023,1022.1182861328125,75.0,-14.855999946594238,1022.1182861328125,75.0,-14.855999946594238
4400051487,Anaxyrus americanus,-70.848335,44.008346,2023,6.497499942779541,1006.6713256835938,84.0,-14.631999969482422,1006.6713256835938,84.0,-14.631999969482422
4400049135,Dryophytes versicolor,-70.239914,44.499096,2023,6.029333114624023,1022.1182861328125,75.0,-14.855999946594238,1022.1182861328125,75.0,-14.855999946594238
4399986032,Anaxyrus americanus,-68.978412,47.027565,2023,2.6595001220703125,1138.3785400390625,58.0,-20.22800064086914,1138.3785400390625,58.0,-20.22800064086914
4399946732,Anaxyrus americanus,-68.640093,44.923049,2023,6.517666816711426,1025.43017578125,68.0,-14.072000503540039,1025.43017578125,68.0,-14.072000503540039
4399925098,Dryophytes versicolor,-68.4971,44.79293,2023,6.180500030517578,1005.5964965820312,82.0,-14.0,1005.5964965820312,82.0,-14.0
4399912231,Dryophytes versicolor,-70.247655,44.507881,2023,6.162166595458984,1025.7655029296875,72.0,-14.968000411987305,1025.7655029296875,72.0,-14.968000411987305
4399908584,Anaxyrus americanus,-70.502725,43.369817,2023,8.057539939880371,912.259765625,81.0,-10.09523868560791,912.259765625,81.0,-10.09523868560791
4399898894,Dryophytes versicolor,-68.641489,44.922717,2023,6.517666816711426,1025.43017578125,68.0,-14.072000503540039,1025.43017578125,68.0,-14.072000503540039
4399872676,Dryophytes versicolor,-70.597213,43.967995,2023,6.833666801452637,996.0924682617188,83.0,-13.979999542236328,996.0924682617188,83.0,-13.979999542236328
4399872173,Anaxyrus americanus,-70.844285,44.009542,2023,6.497499942779541,1006.6713256835938,84.0,-14.631999969482422,1006.6713256835938,84.0,-14.631999969482422
4399863862,Dryophytes versicolor,-69.314741,44.522389,2023,6.397166728973389,993.0767211914062,77.0,-13.456000328063965,993.0767211914062,77.0,-13.456000328063965
4399861565,Anaxyrus americanus,-70.58542,43.912963,2023,7.1623334884643555,958.4794311523438,83.0,-12.604000091552734,958.4794311523438,83.0,-12.604000091552734
4177587800,Anaxyrus americanus,-70.527295,43.83449,2023,7.247499942779541,947.6463012695312,83.0,-12.0600004196167,947.6463012695312,83.0,-12.0600004196167
4177509059,Dryophytes versicolor,-70.34265,43.926767,2023,6.967833518981934,979.8291625976562,83.0,-12.904000282287598,979.8291625976562,83.0,-12.904000282287598
4177480730,Anaxyrus americanus,-70.751975,44.438267,2023,5.695499897003174,1024.6385498046875,68.0,-15.35200023651123,1024.6385498046875,68.0,-15.35200023651123
4177444770,Anaxyrus americanus,-69.942155,43.818753,2023,7.696666717529297,895.9265747070312,77.0,-9.866666793823242,895.9265747070312,77.0,-9.866666793823242
4177410633,Anaxyrus americanus,-70.346011,44.80459,2023,5.304500102996826,1045.8538818359375,65.0,-16.284000396728516,1045.8538818359375,65.0,-16.284000396728516
4177398399,Dryophytes versicolor,-70.667205,43.075958,2023,,,,,,,
4177313949,Anaxyrus americanus,-69.01545,45.874182,2023,4.179499626159668,1086.803955078125,54.0,-17.628000259399414,1086.803955078125,54.0,-17.628000259399414
4177284956,Dryophytes versicolor,-68.931342,44.828672,2023,6.423500061035156,1016.4802856445312,72.0,-14.12399959564209,1016.4802856445312,72.0,-14.12399959564209
4177269907,Anaxyrus americanus,-70.30361,44.77037,2023,4.959833145141602,1043.1600341796875,69.0,-16.40799903869629,1043.1600341796875,69.0,-16.40799903869629
4177248824,Dryophytes versicolor,-70.491675,44.212857,2023,6.2856669425964355,1008.6963500976562,78.0,-14.355999946594238,1008.6963500976562,78.0,-14.355999946594238
4177235008,Anaxyrus americanus,-70.638376,44.038803,2023,6.795833587646484,1001.3462524414062,81.0,-14.204000473022461,1001.3462524414062,81.0,-14.204000473022461
4177231603,Anaxyrus americanus,-69.709197,44.135283,2023,7.184999942779541,980.499755859375,75.0,-12.208000183105469,980.499755859375,75.0,-12.208000183105469
4177164834,Dryophytes versicolor,-68.473703,45.497003,2022,5.457333087921143,1066.805908203125,68.0,-16.15999984741211,1066.805908203125,68.0,-16.15999984741211
4177161764,Dryophytes versicolor,-68.473638,45.497023,2023,5.457333087921143,1066.805908203125,68.0,-16.15999984741211,1066.805908203125,68.0,-16.15999984741211
4177157845,Dryophytes versicolor,-70.203036,44.121232,2023,7.293666362762451,1008.8617553710938,79.0,-12.704000473022461,1008.8617553710938,79.0,-12.704000473022461
4177093985,Dryophytes versicolor,-67.465332,44.607135,2023,,,,,,,
4177080580,Anaxyrus americanus,-70.218357,43.72785,2023,7.533522605895996,934.5509643554688,80.0,-11.022727012634277,934.5509643554688,80.0,-11.022727012634277
4177048147,Dryophytes versicolor,-70.496496,44.042926,2023,6.818333148956299,996.4578857421875,80.0,-13.711999893188477,996.4578857421875,80.0,-13.711999893188477
4177036682,Dryophytes versicolor,-68.475159,45.495362,2023,5.457333087921143,1066.805908203125,68.0,-16.15999984741211,1066.805908203125,68.0,-16.15999984741211
4177012259,Anaxyrus americanus,-69.130887,44.196479,2023,7.0395002365112305,939.052490234375,82.0,-11.211999893188477,939.052490234375,82.0,-11.211999893188477
4177004269,Dryophytes versicolor,-70.119463,44.824009,2023,5.0916666984558105,1045.15185546875,72.0,-16.38399887084961,1045.15185546875,72.0,-16.38399887084961
4176961066,Anaxyrus americanus,-67.495422,45.05637,2023,5.872000217437744,1004.0947265625,81.0,-14.791999816894531,1004.0947265625,81.0,-14.791999816894531
4176940910,Anaxyrus americanus,-70.20535,43.916521,2023,7.204833030700684,960.4813842773438,81.0,-11.916000366210938,960.4813842773438,81.0,-11.916000366210938
4172250480,Anaxyrus americanus,-69.274208,44.385086,2023,6.793166637420654,971.46826171875,80.0,-12.539999961853027,971.46826171875,80.0,-12.539999961853027
4172243498,Dryophytes versicolor,-68.688669,45.166148,2023,5.980500221252441,1037.076904296875,68.0,-15.052000045776367,1037.076904296875,68.0,-15.052000045776367
4172232436,Lithobates pipiens,-69.978457,44.287375,2023,7.016666412353516,1008.1531372070312,73.0,-13.152000427246094,1008.1531372070312,73.0,-13.152000427246094
4172215557,Dryophytes versicolor,-67.955136,44.855147,2023,6.0261664390563965,998.6682739257812,81.0,-14.435999870300293,998.6682739257812,81.0,-14.435999870300293
4172168595,Dryophytes versicolor,-70.470905,43.976665,2023,6.802999973297119,990.3799438476562,85.0,-13.628000259399414,990.3799438476562,85.0,-13.628000259399414
4172139041,Dryophytes versicolor,-69.38,44.21,2023,7.0,962.9039306640625,80.0,-11.928000450134277,962.9039306640625,80.0,-11.928000450134277
4172109696,Anaxyrus americanus,-70.417066,44.716491,2023,5.113333225250244,1039.3944091796875,66.0,-16.148000717163086,1039.3944091796875,66.0,-16.148000717163086
4172065996,Dryophytes versicolor,-69.244705,44.895281,2023,6.063000202178955,1037.8297119140625,70.0,-15.092000007629395,1037.8297119140625,70.0,-15.092000007629395
4172020434,Anaxyrus americanus,-67.010369,44.78965,2023,6.132500171661377,910.2307739257812,78.0,-11.880000114440918,910.2307739257812,78.0,-11.880000114440918
4171996484,Anaxyrus americanus,-68.553828,46.053098,2023,3.866499900817871,1108.488037109375,58.0,-18.676000595092773,1108.488037109375,58.0,-18.676000595092773
4171992948,Dryophytes versicolor,-69.805625,45.650983,2023,3.6654999256134033,1099.5775146484375,58.0,-18.2760009765625,1099.5775146484375,58.0,-18.2760009765625
4171984480,Anaxyrus americanus,-69.594997,43.990844,2023,7.512666702270508,921.2686157226562,78.0,-10.407999992370605,921.2686157226562,78.0,-10.407999992370605
4171898646,Anaxyrus americanus,-69.889181,43.933482,2023,7.6147918701171875,956.69775390625,78.0,-11.114999771118164,956.69775390625,78.0,-11.114999771118164
4171887748,Anaxyrus americanus,-69.032065,45.881843,2023,3.693333387374878,1090.853271484375,55.0,-18.148000717163086,1090.853271484375,55.0,-18.148000717163086
4171832411,Anaxyrus americanus,-67.026825,44.78783,2023,6.132500171661377,910.2307739257812,78.0,-11.880000114440918,910.2307739257812,78.0,-11.880000114440918
4171796795,Anaxyrus americanus,-70.394949,45.144704,2023,3.634333372116089,1058.2864990234375,68.0,-17.58799934387207,1058.2864990234375,68.0,-17.58799934387207
4171778338,Dryophytes versicolor,-68.992233,44.494188,2023,6.820000171661377,965.5169067382812,83.0,-12.531999588012695,965.5169067382812,83.0,-12.531999588012695
4171758897,Anaxyrus americanus,-70.479508,43.971458,2023,6.802999973297119,990.3799438476562,85.0,-13.628000259399414,990.3799438476562,85.0,-13.628000259399414
4171724785,Anaxyrus americanus,-70.669778,43.37038,2023,7.914666652679443,944.36572265625,85.0,-11.071999549865723,944.36572265625,85.0,-11.071999549865723
4171692409,Anaxyrus americanus,-70.890084,44.019232,2023,6.7266669273376465,1013.4074096679688,82.0,-14.616000175476074,1013.4074096679688,82.0,-14.616000175476074
4171661114,Anaxyrus americanus,-70.378835,45.110886,2023,3.740166664123535,1057.573486328125,66.0,-17.52400016784668,1057.573486328125,66.0,-17.52400016784668
4171633979,Anaxyrus americanus,-69.257797,45.456538,2023,3.996999979019165,1065.945556640625,69.0,-17.38800048828125,1065.945556640625,69.0,-17.38800048828125
4171631214,Anaxyrus americanus,-70.139458,44.673172,2023,5.76633358001709,1037.781982421875,73.0,-15.859999656677246,1037.781982421875,73.0,-15.859999656677246
4171557941,Anaxyrus americanus,-70.505686,44.095261,2023,6.597499847412109,999.1660766601562,80.0,-13.97599983215332,999.1660766601562,80.0,-13.97599983215332
4171466064,Dryophytes versicolor,-68.059465,44.338246,2023,6.8611979484558105,866.7794799804688,75.0,-10.793749809265137,866.7794799804688,75.0,-10.793749809265137
4171429450,Anaxyrus americanus,-70.397619,45.147413,2023,3.634333372116089,1058.2864990234375,68.0,-17.58799934387207,1058.2864990234375,68.0,-17.58799934387207
4171411843,Anaxyrus americanus,-67.956011,45.750616,2023,5.0960001945495605,1070.60009765625,65.0,-16.700000762939453,1070.60009765625,65.0,-16.700000762939453
4171381761,Dryophytes versicolor,-70.137742,44.673858,2023,5.76633358001709,1037.781982421875,73.0,-15.859999656677246,1037.781982421875,73.0,-15.859999656677246
4171370850,Anaxyrus americanus,-70.195195,45.135294,2023,3.945666790008545,1058.35107421875,64.0,-17.435998916625977,1058.35107421875,64.0,-17.435998916625977
4171290050,Anaxyrus americanus,-69.920023,43.933171,2023,7.578666687011719,964.7484130859375,79.0,-11.359999656677246,964.7484130859375,79.0,-11.359999656677246
4171284101,Anaxyrus americanus,-70.103457,44.597767,2023,6.047500133514404,1032.7080078125,72.0,-15.387999534606934,1032.7080078125,72.0,-15.387999534606934
4171268874,Lithobates pipiens,-67.979074,46.922536,2023,3.511833429336548,1135.7249755859375,56.0,-19.104000091552734,1135.7249755859375,56.0,-19.104000091552734
4165860322,Dryophytes versicolor,-67.97103,44.844661,2023,6.051000118255615,1002.017578125,81.0,-14.432000160217285,1002.017578125,81.0,-14.432000160217285
4165836086,Anaxyrus americanus,-70.720771,44.179603,2023,6.141833305358887,1003.2992553710938,80.0,-14.711999893188477,1003.2992553710938,80.0,-14.711999893188477
4165831451,Dryophytes versicolor,-68.501504,44.413704,2023,,,,,,,
4165826955,Anaxyrus americanus,-70.411155,43.895108,2023,7.017166614532471,979.3651123046875,84.0,-12.95199966430664,979.3651123046875,84.0,-12.95199966430664
4165822434,Anaxyrus americanus,-70.786192,44.350106,2023,5.928999900817871,1018.993408203125,71.0,-15.119999885559082,1018.993408203125,71.0,-15.119999885559082
4165806802,Dryophytes versicolor,-68.473698,45.496985,2022,5.457333087921143,1066.805908203125,68.0,-16.15999984741211,1066.805908203125,68.0,-16.15999984741211
4165801693,Anaxyrus americanus,-67.966255,44.838704,2023,6.051000118255615,1002.017578125,81.0,-14.432000160217285,1002.017578125,81.0,-14.432000160217285
4165797800,Dryophytes versicolor,-69.391056,44.429417,2023,6.376500129699707,987.0676879882812,78.0,-13.303999900817871,987.0676879882812,78.0,-13.303999900817871
4165796318,Anaxyrus americanus,-69.1138,44.254733,2023,7.117166519165039,948.5928344726562,82.0,-11.54800033569336,948.5928344726562,82.0,-11.54800033569336
4165778336,Anaxyrus americanus,-69.111947,44.251525,2023,7.117166519165039,948.5928344726562,82.0,-11.54800033569336,948.5928344726562,82.0,-11.54800033569336
4165763944,Anaxyrus americanus,-70.124059,44.025249,2023,7.176833152770996,977.0897827148438,81.0,-12.144000053405762,977.0897827148438,81.0,-12.144000053405762
4165729838,Anaxyrus americanus,-70.123961,44.024639,2023,7.176833152770996,977.0897827148438,81.0,-12.144000053405762,977.0897827148438,81.0,-12.144000053405762
4165699997,Anaxyrus americanus,-69.065146,44.239838,2023,6.89965295791626,935.4232177734375,83.0,-11.337499618530273,935.4232177734375,83.0,-11.337499618530273
4165688179,Dryophytes versicolor,-68.474921,45.495622,2023,5.457333087921143,1066.805908203125,68.0,-16.15999984741211,1066.805908203125,68.0,-16.15999984741211
4165680436,Anaxyrus americanus,-68.546952,44.250385,2023,7.139484405517578,901.86083984375,75.0,-10.65238094329834,901.86083984375,75.0,-10.65238094329834
4165637273,Dryophytes versicolor,-68.93127,44.828819,2023,6.423500061035156,1016.4802856445312,72.0,-14.12399959564209,1016.4802856445312,72.0,-14.12399959564209
4165487655,Anaxyrus americanus,-69.0513,44.232272,2023,6.89965295791626,935.4232177734375,83.0,-11.337499618530273,935.4232177734375,83.0,-11.337499618530273
4165467219,Dryophytes versicolor,-69.629519,43.725472,2023,,,,,,,
4165440100,Anaxyrus americanus,-68.630683,44.649758,2023,6.339666843414307,993.2438354492188,84.0,-13.503999710083008,993.2438354492188,84.0,-13.503999710083008
4165434947,Dryophytes versicolor,-68.418535,44.539224,2023,6.885666847229004,958.4854736328125,78.0,-12.336000442504883,958.4854736328125,78.0,-12.336000442504883
4165364126,Anaxyrus americanus,-70.616791,43.796912,2023,6.97866678237915,970.3174438476562,84.0,-13.156000137329102,970.3174438476562,84.0,-13.156000137329102
4164131322,Dryophytes versicolor,-67.422,44.8744,2023,6.201000213623047,976.7977294921875,78.0,-13.855999946594238,976.7977294921875,78.0,-13.855999946594238
4164131321,Dryophytes versicolor,-67.422,44.8744,2023,6.201000213623047,976.7977294921875,78.0,-13.855999946594238,976.7977294921875,78.0,-13.855999946594238
4164131301,Dryophytes versicolor,-67.1718,44.85538,2023,6.197999954223633,951.7337036132812,78.0,-12.895999908447266,951.7337036132812,78.0,-12.895999908447266
4162599538,Anaxyrus americanus,-70.586514,44.755995,2023,3.686333417892456,1046.56640625,75.0,-17.347999572753906,1046.56640625,75.0,-17.347999572753906
4162569558,Dryophytes versicolor,-70.215233,43.87867,2023,7.198333263397217,965.715087890625,81.0,-12.124000549316406,965.715087890625,81.0,-12.124000549316406
4162566423,Anaxyrus americanus,-68.585327,47.20435,2023,2.983166456222534,1154.092529296875,61.0,-20.57200050354004,1154.092529296875,61.0,-20.57200050354004
4162547504,Dryophytes versicolor,-68.475836,45.494371,2023,5.457333087921143,1066.805908203125,68.0,-16.15999984741211,1066.805908203125,68.0,-16.15999984741211
4162503221,Dryophytes versicolor,-68.555525,44.976823,2023,6.215666770935059,1022.820556640625,70.0,-14.45199966430664,1022.820556640625,70.0,-14.45199966430664
4162497994,Dryophytes versicolor,-68.46893,45.502524,2022,5.372499942779541,1068.4027099609375,67.0,-16.192001342773438,1068.4027099609375,67.0,-16.192001342773438
4162491686,Dryophytes versicolor,-68.675837,44.870912,2023,6.613666534423828,1014.6782836914062,69.0,-13.739999771118164,1014.6782836914062,69.0,-13.739999771118164
4162477335,Dryophytes versicolor,-68.2242,44.518268,2023,6.771041393280029,937.2129516601562,76.0,-12.300000190734863,937.2129516601562,76.0,-12.300000190734863
4162464666,Lithobates pipiens,-68.045522,45.664606,2023,5.257999897003174,1068.193603515625,67.0,-16.464000701904297,1068.193603515625,67.0,-16.464000701904297
4162432909,Lithobates pipiens,-67.784399,45.526443,2023,5.315166473388672,1059.27099609375,71.0,-16.25200080871582,1059.27099609375,71.0,-16.25200080871582
4162420992,Dryophytes versicolor,-67.944694,45.734957,2023,5.071333408355713,1070.4168701171875,67.0,-16.724000930786133,1070.4168701171875,67.0,-16.724000930786133
4162417232,Dryophytes versicolor,-68.476498,45.493349,2023,5.457333087921143,1066.805908203125,68.0,-16.15999984741211,1066.805908203125,68.0,-16.15999984741211
4162393363,Lithobates pipiens,-67.945433,45.786213,2023,5.0960001945495605,1070.60009765625,65.0,-16.700000762939453,1070.60009765625,65.0,-16.700000762939453
4162391594,Anaxyrus americanus,-68.476544,45.4927,2023,5.457333087921143,1066.805908203125,68.0,-16.15999984741211,1066.805908203125,68.0,-16.15999984741211
4162390773,Dryophytes versicolor,-68.475948,45.494136,2022,5.457333087921143,1066.805908203125,68.0,-16.15999984741211,1066.805908203125,68.0,-16.15999984741211
4162390050,Dryophytes versicolor,-68.473795,45.496877,2022,5.457333087921143,1066.805908203125,68.0,-16.15999984741211,1066.805908203125,68.0,-16.15999984741211
4162388468,Dryophytes versicolor,-68.476336,45.49347,2023,5.457333087921143,1066.805908203125,68.0,-16.15999984741211,1066.805908203125,68.0,-16.15999984741211
4162385478,Anaxyrus americanus,-67.157841,44.805481,2023,,,,,,,
4162379451,Anaxyrus americanus,-67.091867,44.846797,2023,,,,,,,
4162357729,Dryophytes versicolor,-68.475962,45.494175,2022,5.457333087921143,1066.805908203125,68.0,-16.15999984741211,1066.805908203125,68.0,-16.15999984741211
4162339384,Dryophytes versicolor,-68.472283,45.498712,2023,5.457333087921143,1066.805908203125,68.0,-16.15999984741211,1066.805908203125,68.0,-16.15999984741211
4162311186,Lithobates pipiens,-68.901596,44.792732,2023,6.488666534423828,1016.676513671875,72.0,-14.027999877929688,1016.676513671875,72.0,-14.027999877929688
4162305036,Lithobates pipiens,-68.171337,45.777699,2023,4.945333480834961,1080.679443359375,64.0,-16.923999786376953,1080.679443359375,64.0,-16.923999786376953
4162300575,Dryophytes versicolor,-68.982491,44.810936,2023,6.440666675567627,1015.537109375,71.0,-14.140000343322754,1015.537109375,71.0,-14.140000343322754
4162299126,Dryophytes versicolor,-68.476528,45.493248,2022,5.457333087921143,1066.805908203125,68.0,-16.15999984741211,1066.805908203125,68.0,-16.15999984741211
4162286951,Anaxyrus americanus,-70.58291,44.75891,2023,3.493833303451538,1046.165283203125,77.0,-17.347999572753906,1046.165283203125,77.0,-17.347999572753906
4162284988,Dryophytes versicolor,-70.548033,43.91653,2023,7.2804999351501465,947.5828247070312,83.0,-12.067999839782715,947.5828247070312,83.0,-12.067999839782715
4162260890,Lithobates pipiens,-68.476537,45.492684,2022,5.457333087921143,1066.805908203125,68.0,-16.15999984741211,1066.805908203125,68.0,-16.15999984741211
4162257296,Anaxyrus americanus,-67.159898,44.804506,2023,,,,,,,
4162239287,Anaxyrus americanus,-67.952435,45.792538,2023,5.047999858856201,1071.5946044921875,64.0,-16.720001220703125,1071.5946044921875,64.0,-16.720001220703125
4162236945,Lithobates pipiens,-68.237677,45.894882,2023,4.697166919708252,1088.4375,62.0,-17.22800064086914,1088.4375,62.0,-17.22800064086914
4162211701,Dryophytes versicolor,-68.475301,45.495097,2022,5.457333087921143,1066.805908203125,68.0,-16.15999984741211,1066.805908203125,68.0,-16.15999984741211
4162208795,Dryophytes versicolor,-68.474911,45.495704,2022,5.457333087921143,1066.805908203125,68.0,-16.15999984741211,1066.805908203125,68.0,-16.15999984741211
4162156230,Anaxyrus americanus,-68.476155,45.4939,2023,5.457333087921143,1066.805908203125,68.0,-16.15999984741211,1066.805908203125,68.0,-16.15999984741211
4162117905,Anaxyrus americanus,-70.69507,44.150447,2023,6.421833515167236,1006.4935913085938,81.0,-14.619999885559082,1006.4935913085938,81.0,-14.619999885559082
4162117090,Dryophytes versicolor,-68.443596,44.484483,2023,,,,,,,
4162106858,Dryophytes versicolor,-68.68872,44.585013,2023,6.751500129699707,989.9302368164062,82.0,-13.01200008392334,989.9302368164062,82.0,-13.01200008392334
4162101160,Dryophytes versicolor,-68.475141,45.495313,2023,5.457333087921143,1066.805908203125,68.0,-16.15999984741211,1066.805908203125,68.0,-16.15999984741211
4162079586,Dryophytes versicolor,-70.511322,44.036245,2023,6.7245001792907715,996.3709716796875,83.0,-13.932000160217285,996.3709716796875,83.0,-13.932000160217285
4162078179,Anaxyrus americanus,-70.306943,43.810898,2023,7.2158331871032715,964.1209106445312,82.0,-12.239999771118164,964.1209106445312,82.0,-12.239999771118164
4162069885,Anaxyrus americanus,-70.816349,43.217759,2023,8.292166709899902,947.2133178710938,81.0,-10.619999885559082,947.2133178710938,81.0,-10.619999885559082
4161986198,Dryophytes versicolor,-68.461001,45.506935,2022,5.372499942779541,1068.4027099609375,67.0,-16.192001342773438,1068.4027099609375,67.0,-16.192001342773438
4161975827,Lithobates pipiens,-68.132129,46.858595,2023,3.4711666107177734,1137.460693359375,52.0,-19.200000762939453,1137.460693359375,52.0,-19.200000762939453
4153960438,Anaxyrus americanus,-69.29007,44.553347,2022,6.49399995803833,997.56787109375,75.0,-13.555999755859375,997.56787109375,75.0,-13.555999755859375
4153906516,Anaxyrus americanus,-69.317895,45.461395,2023,4.0908331871032715,1068.1163330078125,64.0,-17.43199920654297,1068.1163330078125,64.0,-17.43199920654297
4153904433,Anaxyrus americanus,-69.691378,44.560172,2022,6.686166763305664,1022.3525390625,65.0,-14.116000175476074,1022.3525390625,65.0,-14.116000175476074
4153887462,Anaxyrus americanus,-69.889356,43.93483,2023,7.6147918701171875,956.69775390625,78.0,-11.114999771118164,956.69775390625,78.0,-11.114999771118164
4153882955,Dryophytes versicolor,-67.266194,44.74835,2023,6.179166793823242,942.532958984375,78.0,-12.847999572753906,942.532958984375,78.0,-12.847999572753906
4153882436,Anaxyrus americanus,-70.963181,44.140003,2022,6.5269999504089355,1009.6727294921875,79.0,-14.616000175476074,1009.6727294921875,79.0,-14.616000175476074
4153871697,Anaxyrus americanus,-70.13311,44.674097,2023,5.76633358001709,1037.781982421875,73.0,-15.859999656677246,1037.781982421875,73.0,-15.859999656677246
4153854373,Anaxyrus americanus,-69.935658,44.369922,2021,6.780666828155518,1013.3598022460938,71.0,-13.631999969482422,1013.3598022460938,71.0,-13.631999969482422
4153770403,Anaxyrus americanus,-70.739857,44.527597,2022,5.0886664390563965,1024.4342041015625,69.0,-15.883999824523926,1024.4342041015625,69.0,-15.883999824523926
4153759529,Anaxyrus americanus,-70.65889,43.649536,2023,7.187666893005371,972.1944580078125,85.0,-13.027999877929688,972.1944580078125,85.0,-13.027999877929688
4153746949,Anaxyrus americanus,-70.222838,44.185695,2023,6.800333499908447,1004.172119140625,77.0,-13.300000190734863,1004.172119140625,77.0,-13.300000190734863
4153737217,Anaxyrus americanus,-67.616653,44.528622,2023,,,,,,,
4153725161,Anaxyrus americanus,-69.848511,45.271575,2023,3.9083333015441895,1078.4320068359375,64.0,-17.875999450683594,1078.4320068359375,64.0,-17.875999450683594
4153723763,Anaxyrus americanus,-69.118861,44.256292,2023,7.117166519165039,948.5928344726562,82.0,-11.54800033569336,948.5928344726562,82.0,-11.54800033569336
4153709379,Anaxyrus americanus,-69.889763,43.93303,2022,7.6147918701171875,956.69775390625,78.0,-11.114999771118164,956.69775390625,78.0,-11.114999771118164
4153700782,Anaxyrus americanus,-68.453943,45.4379,2022,5.567999839782715,1067.9151611328125,69.0,-16.076000213623047,1067.9151611328125,69.0,-16.076000213623047
4153670374,Anaxyrus americanus,-69.078468,45.762761,2023,4.387166500091553,1087.8331298828125,55.0,-17.47599983215332,1087.8331298828125,55.0,-17.47599983215332
4153655535,Anaxyrus americanus,-69.84855,45.271731,2023,3.9083333015441895,1078.4320068359375,64.0,-17.875999450683594,1078.4320068359375,64.0,-17.875999450683594
4153651417,Anaxyrus americanus,-69.629342,44.532455,2022,6.932000160217285,1017.3020629882812,65.0,-13.708000183105469,1017.3020629882812,65.0,-13.708000183105469
4153644581,Dryophytes versicolor,-69.943365,44.025057,2023,7.211666584014893,968.1348876953125,81.0,-11.904000282287598,968.1348876953125,81.0,-11.904000282287598
4153641569,Anaxyrus americanus,-70.22581,43.73047,2023,7.533522605895996,934.5509643554688,80.0,-11.022727012634277,934.5509643554688,80.0,-11.022727012634277
4153636570,Anaxyrus americanus,-68.995481,44.338722,2023,6.944999694824219,942.6117553710938,83.0,-11.652000427246094,942.6117553710938,83.0,-11.652000427246094
4153617545,Anaxyrus americanus,-69.364785,44.345304,2023,6.625500202178955,973.9932250976562,81.0,-12.664000511169434,973.9932250976562,81.0,-12.664000511169434
4153607878,Anaxyrus americanus,-69.57743,45.282692,2023,4.626333236694336,1065.945068359375,65.0,-17.076000213623047,1065.945068359375,65.0,-17.076000213623047
4153571537,Anaxyrus americanus,-69.077935,45.762818,2023,4.387166500091553,1087.8331298828125,55.0,-17.47599983215332,1087.8331298828125,55.0,-17.47599983215332
4153561898,Anaxyrus americanus,-69.135933,44.207655,2023,7.0395002365112305,939.052490234375,82.0,-11.211999893188477,939.052490234375,82.0,-11.211999893188477
4153507472,Anaxyrus americanus,-70.084469,43.822592,2023,,,,,,,
4153492543,Anaxyrus americanus,-68.63418,44.573154,2020,6.709333419799805,983.5159912109375,81.0,-12.928000450134277,983.5159912109375,81.0,-12.928000450134277
4153488456,Anaxyrus americanus,-70.304456,43.684577,2022,7.831333160400391,959.189208984375,81.0,-11.355999946594238,959.189208984375,81.0,-11.355999946594238
4153487526,Anaxyrus americanus,-68.823436,45.916661,2023,4.039999961853027,1083.252197265625,58.0,-17.56800079345703,1083.252197265625,58.0,-17.56800079345703
4153473450,Dryophytes versicolor,-68.462006,45.435275,2022,5.603499889373779,1064.5640869140625,68.0,-15.97599983215332,1064.5640869140625,68.0,-15.97599983215332
4153468544,Anaxyrus americanus,-69.240949,45.045982,2023,5.3358330726623535,1044.014404296875,74.0,-15.98799991607666,1044.014404296875,74.0,-15.98799991607666
4153467704,Anaxyrus americanus,-70.13813,44.673553,2023,5.76633358001709,1037.781982421875,73.0,-15.859999656677246,1037.781982421875,73.0,-15.859999656677246
4153438663,Anaxyrus americanus,-70.819227,43.362039,2023,7.714166641235352,948.2498168945312,87.0,-11.48799991607666,948.2498168945312,87.0,-11.48799991607666
4153408440,Anaxyrus americanus,-69.382561,44.205456,2022,7.148499965667725,959.2625732421875,80.0,-11.607999801635742,959.2625732421875,80.0,-11.607999801635742
4153397657,Anaxyrus americanus,-69.921883,43.93385,2023,7.578666687011719,964.7484130859375,79.0,-11.359999656677246,964.7484130859375,79.0,-11.359999656677246
4153397549,Anaxyrus americanus,-69.84285,44.048261,2023,7.247833251953125,973.2914428710938,79.0,-11.956000328063965,973.2914428710938,79.0,-11.956000328063965
4153375437,Anaxyrus americanus,-70.136148,44.674188,2023,5.76633358001709,1037.781982421875,73.0,-15.859999656677246,1037.781982421875,73.0,-15.859999656677246
4153374807,Anaxyrus americanus,-70.989477,44.235609,2023,6.218166828155518,1003.9236450195312,76.0,-14.64799976348877,1003.9236450195312,76.0,-14.64799976348877
4153372768,Lithobates pipiens,-68.811666,44.929165,2023,6.328499794006348,1025.414794921875,68.0,-14.34000015258789,1025.414794921875,68.0,-14.34000015258789
4153365266,Anaxyrus americanus,-68.845206,44.744631,2023,6.64033317565918,1005.1047973632812,74.0,-13.552000045776367,1005.1047973632812,74.0,-13.552000045776367
4153364206,Anaxyrus americanus,-69.594939,43.991256,2023,7.512666702270508,921.2686157226562,78.0,-10.407999992370605,921.2686157226562,78.0,-10.407999992370605
4153363646,Dryophytes versicolor,-70.905915,43.128502,2023,,,,,,,
4153359152,Anaxyrus americanus,-70.858564,43.998433,2023,6.676499843597412,1007.2433471679688,83.0,-14.600000381469727,1007.2433471679688,83.0,-14.600000381469727
4145814812,Anaxyrus americanus,-70.549617,43.79578,2023,7.1875,952.9636840820312,83.0,-12.399999618530273,952.9636840820312,83.0,-12.399999618530273
4145779443,Dryophytes versicolor,-69.418578,45.379587,2023,4.403500080108643,1070.4959716796875,65.0,-17.299999237060547,1070.4959716796875,65.0,-17.299999237060547
4145743678,Dryophytes versicolor,-68.180953,44.47237,2023,,,,,,,
4145708411,Dryophytes versicolor,-70.49042,43.491318,2023,7.818833351135254,935.7440185546875,82.0,-11.0,935.7440185546875,82.0,-11.0
4145659717,Dryophytes versicolor,-68.060167,44.337478,2023,6.8611979484558105,866.7794799804688,75.0,-10.793749809265137,866.7794799804688,75.0,-10.793749809265137
4145609777,Dryophytes versicolor,-70.864892,43.092033,2023,,,,,,,
4145598891,Dryophytes versicolor,-70.971007,44.010004,2023,6.725333213806152,1017.3042602539062,83.0,-14.604000091552734,1017.3042602539062,83.0,-14.604000091552734
4145578340,Dryophytes versicolor,-69.579996,45.503594,2023,3.869833469390869,1084.3668212890625,61.0,-18.016000747680664,1084.3668212890625,61.0,-18.016000747680664
4145552646,Dryophytes versicolor,-70.877816,43.347652,2023,7.756499767303467,958.7108764648438,84.0,-11.748000144958496,958.7108764648438,84.0,-11.748000144958496
4145550088,Anaxyrus americanus,-70.496392,44.042911,2023,6.818333148956299,996.4578857421875,80.0,-13.711999893188477,996.4578857421875,80.0,-13.711999893188477
4145513926,Anaxyrus americanus,-68.851058,45.938337,2023,2.86299991607666,1079.739013671875,64.0,-18.31999969482422,1079.739013671875,64.0,-18.31999969482422
4145457465,Anaxyrus americanus,-70.732376,44.063629,2022,6.552000045776367,1006.482177734375,81.0,-14.652000427246094,1006.482177734375,81.0,-14.652000427246094
4145425788,Anaxyrus americanus,-70.669289,44.303394,2023,5.6601667404174805,1009.9796752929688,77.0,-15.079999923706055,1009.9796752929688,77.0,-15.079999923706055
4145384962,Anaxyrus americanus,-67.127083,44.71272,2023,6.146833419799805,933.43359375,77.0,-12.472000122070312,933.43359375,77.0,-12.472000122070312
4145331862,Dryophytes versicolor,-70.456839,43.485377,2023,7.889999866485596,928.1427001953125,81.0,-10.684000015258789,928.1427001953125,81.0,-10.684000015258789
4145250794,Dryophytes versicolor,-69.631103,44.484511,2023,6.785666465759277,1010.4420776367188,67.0,-13.631999969482422,1010.4420776367188,67.0,-13.631999969482422
4145239789,Anaxyrus americanus,-68.849817,45.932622,2023,2.86299991607666,1079.739013671875,64.0,-18.31999969482422,1079.739013671875,64.0,-18.31999969482422
4145222676,Dryophytes versicolor,-69.211761,44.04141,2023,7.467763423919678,886.4257202148438,79.0,-9.652631759643555,886.4257202148438,79.0,-9.652631759643555
4145219663,Dryophytes versicolor,-70.359031,43.696479,2023,7.69350004196167,959.7823486328125,81.0,-11.640000343322754,959.7823486328125,81.0,-11.640000343322754
4145219405,Dryophytes versicolor,-70.785794,43.070069,2023,,,,,,,
4145216736,Anaxyrus americanus,-70.13935,44.673255,2023,5.76633358001709,1037.781982421875,73.0,-15.859999656677246,1037.781982421875,73.0,-15.859999656677246
4145187808,Dryophytes versicolor,-68.406848,44.828254,2023,6.356666564941406,1001.2944946289062,81.0,-13.859999656677246,1001.2944946289062,81.0,-13.859999656677246
4138607368,Dryophytes versicolor,-68.335213,44.316558,2023,6.921166896820068,925.7542724609375,76.0,-11.420000076293945,925.7542724609375,76.0,-11.420000076293945
4138555807,Anaxyrus americanus,-69.118419,44.259558,2023,7.117166519165039,948.5928344726562,82.0,-11.54800033569336,948.5928344726562,82.0,-11.54800033569336
4138416832,Anaxyrus americanus,-70.307053,43.81099,2023,7.2158331871032715,964.1209106445312,82.0,-12.239999771118164,964.1209106445312,82.0,-12.239999771118164
4138389106,Anaxyrus americanus,-70.829038,44.129373,2023,6.347833156585693,1004.0897216796875,81.0,-14.684000015258789,1004.0897216796875,81.0,-14.684000015258789
4138379270,Dryophytes versicolor,-67.289386,45.168835,2023,6.188541889190674,1006.5181274414062,76.0,-14.266666412353516,1006.5181274414062,76.0,-14.266666412353516
4138373495,Anaxyrus americanus,-70.922202,43.130672,2023,,,,,,,
4138294640,Dryophytes versicolor,-70.809684,43.12565,2023,8.576587677001953,927.1358032226562,79.0,-9.790475845336914,927.1358032226562,79.0,-9.790475845336914
4138283483,Dryophytes versicolor,-68.0607,44.332615,2023,,,,,,,
4138156865,Anaxyrus americanus,-69.391905,44.0006,2017,,,,,,,
4138145806,Anaxyrus americanus,-69.215528,44.313642,2023,6.9008331298828125,961.7420043945312,82.0,-12.095999717712402,961.7420043945312,82.0,-12.095999717712402
4138142415,Dryophytes versicolor,-69.66097,43.872694,2023,7.671229839324951,873.7918701171875,77.0,-9.295238494873047,873.7918701171875,77.0,-9.295238494873047
4138129989,Lithobates pipiens,-68.870522,44.95193,2023,6.284999847412109,1023.0559692382812,68.0,-14.383999824523926,1023.0559692382812,68.0,-14.383999824523926
4138115795,Anaxyrus americanus,-70.747285,43.861096,2023,6.481333255767822,986.9087524414062,87.0,-14.144000053405762,986.9087524414062,87.0,-14.144000053405762
4138077917,Dryophytes versicolor,-70.43143,43.412159,2023,7.9071431159973145,903.2127075195312,80.0,-10.061904907226562,903.2127075195312,80.0,-10.061904907226562
4138032983,Dryophytes versicolor,-69.646477,44.556734,2023,6.94350004196167,1025.3370361328125,66.0,-13.927999496459961,1025.3370361328125,66.0,-13.927999496459961
4138014351,Anaxyrus americanus,-68.854545,45.920008,2023,2.86299991607666,1079.739013671875,64.0,-18.31999969482422,1079.739013671875,64.0,-18.31999969482422
4138001839,Anaxyrus americanus,-70.555469,43.327071,2023,8.149106979370117,917.0646362304688,81.0,-10.04285717010498,917.0646362304688,81.0,-10.04285717010498
4137991729,Anaxyrus americanus,-70.985,44.235538,2023,6.218166828155518,1003.9236450195312,76.0,-14.64799976348877,1003.9236450195312,76.0,-14.64799976348877
4137939368,Dryophytes versicolor,-70.118994,44.226653,2023,6.75266695022583,1000.6239624023438,76.0,-13.267999649047852,1000.6239624023438,76.0,-13.267999649047852
4137885264,Dryophytes versicolor,-67.840167,46.143582,2023,4.518166542053223,1107.4674072265625,61.0,-17.672000885009766,1107.4674072265625,61.0,-17.672000885009766
4137834665,Dryophytes versicolor,-70.490539,43.49177,2023,7.818833351135254,935.7440185546875,82.0,-11.0,935.7440185546875,82.0,-11.0
4137818628,Anaxyrus americanus,-69.1006,45.738358,2023,4.332833290100098,1087.4017333984375,56.0,-17.520000457763672,1087.4017333984375,56.0,-17.520000457763672
4137791478,Anaxyrus americanus,-70.640384,43.75337,2023,7.005499839782715,982.6925048828125,83.0,-13.579999923706055,982.6925048828125,83.0,-13.579999923706055
4137751060,Dryophytes versicolor,-70.741188,43.173305,2023,8.345333099365234,923.6110229492188,82.0,-9.960000038146973,923.6110229492188,82.0,-9.960000038146973
4137709357,Anaxyrus americanus,-70.351387,44.039795,2021,6.89633321762085,988.135986328125,82.0,-13.095999717712402,988.135986328125,82.0,-13.095999717712402
4137678890,Dryophytes versicolor,-70.910525,44.327432,2023,5.358999729156494,1006.5100708007812,78.0,-15.232000350952148,1006.5100708007812,78.0,-15.232000350952148
4137668712,Dryophytes versicolor,-70.468265,43.373612,2023,8.032675743103027,906.893310546875,80.0,-9.942105293273926,906.893310546875,80.0,-9.942105293273926
4137660856,Dryophytes versicolor,-69.970658,44.363628,2023,6.677000045776367,1013.7905883789062,73.0,-13.715999603271484,1013.7905883789062,73.0,-13.715999603271484
4137612617,Anaxyrus americanus,-70.971006,44.157444,2023,6.5269999504089355,1009.6727294921875,79.0,-14.616000175476074,1009.6727294921875,79.0,-14.616000175476074
4137599264,Dryophytes versicolor,-68.307009,46.008014,2023,4.4011664390563965,1096.6357421875,57.0,-18.09600067138672,1096.6357421875,57.0,-18.09600067138672
4134233600,Anaxyrus americanus,-70.449828,43.982214,2023,6.875500202178955,987.4703979492188,84.0,-13.395999908447266,987.4703979492188,84.0,-13.395999908447266
4134156358,Anaxyrus americanus,-70.5412,45.035508,2023,3.2158334255218506,1061.853515625,73.0,-18.083999633789062,1061.853515625,73.0,-18.083999633789062
4134153719,Lithobates pipiens,-68.739075,44.863203,2018,6.577000141143799,1016.5341796875,70.0,-13.859999656677246,1016.5341796875,70.0,-13.859999656677246
4134124455,Dryophytes versicolor,-70.636811,43.529597,2023,7.513166904449463,954.8770141601562,84.0,-12.119999885559082,954.8770141601562,84.0,-12.119999885559082
4134117657,Lithobates pipiens,-68.322773,45.816789,2023,4.771666526794434,1085.562744140625,63.0,-17.100000381469727,1085.562744140625,63.0,-17.100000381469727
4134088216,Anaxyrus americanus,-70.449759,43.982232,2023,6.875500202178955,987.4703979492188,84.0,-13.395999908447266,987.4703979492188,84.0,-13.395999908447266
4134053729,Anaxyrus americanus,-70.846464,43.583286,2023,7.104166507720947,974.4702758789062,87.0,-13.03600025177002,974.4702758789062,87.0,-13.03600025177002
4133967000,Anaxyrus americanus,-69.089401,44.246887,2023,7.1670002937316895,940.2926635742188,81.0,-11.227999687194824,940.2926635742188,81.0,-11.227999687194824
4133901726,Dryophytes versicolor,-68.300936,44.403271,2023,7.011833190917969,935.604248046875,75.0,-11.715999603271484,935.604248046875,75.0,-11.715999603271484
4133874847,Dryophytes versicolor,-69.91815,43.936569,2023,7.578666687011719,964.7484130859375,79.0,-11.359999656677246,964.7484130859375,79.0,-11.359999656677246
4133855654,Dryophytes versicolor,-70.2112,44.018556,2023,7.000500202178955,979.92822265625,81.0,-12.527999877929688,979.92822265625,81.0,-12.527999877929688
4133839608,Anaxyrus americanus,-69.037858,45.873225,2022,4.179499626159668,1086.803955078125,54.0,-17.628000259399414,1086.803955078125,54.0,-17.628000259399414
4133804727,Dryophytes versicolor,-70.91896,43.12128,2023,,,,,,,
4133769676,Dryophytes versicolor,-69.704362,44.674108,2023,6.297499656677246,1027.10009765625,66.0,-14.807999610900879,1027.10009765625,66.0,-14.807999610900879
4133762980,Dryophytes versicolor,-67.432487,44.609886,2023,,,,,,,
4133749835,Dryophytes versicolor,-68.281983,44.784251,2023,6.230666637420654,994.7039794921875,80.0,-13.95199966430664,994.7039794921875,80.0,-13.95199966430664
4133696727,Dryophytes versicolor,-70.649352,44.289083,2023,6.017333507537842,1005.428955078125,77.0,-14.751999855041504,1005.428955078125,77.0,-14.751999855041504
4133600770,Anaxyrus americanus,-69.621703,44.101261,2023,7.291666507720947,959.4895629882812,78.0,-11.53600025177002,959.4895629882812,78.0,-11.53600025177002
4130322058,Lithobates pipiens,-67.42743,45.55301,2017,5.444000244140625,1045.206298828125,69.0,-15.812000274658203,1045.206298828125,69.0,-15.812000274658203
4130321893,Anaxyrus americanus,-67.42743,45.55301,2017,5.444000244140625,1045.206298828125,69.0,-15.812000274658203,1045.206298828125,69.0,-15.812000274658203
4130321891,Lithobates pipiens,-67.42743,45.55301,2017,5.444000244140625,1045.206298828125,69.0,-15.812000274658203,1045.206298828125,69.0,-15.812000274658203
4130305351,Dryophytes versicolor,-69.57711,45.924362,2021,3.6008331775665283,1108.6240234375,53.0,-18.61199951171875,1108.6240234375,53.0,-18.61199951171875
4130178742,Dryophytes versicolor,-68.978752,45.034607,2023,6.03000020980835,1038.9801025390625,69.0,-15.039999961853027,1038.9801025390625,69.0,-15.039999961853027
4130108527,Dryophytes versicolor,-70.390472,43.454662,2023,7.86566686630249,900.4729614257812,80.0,-10.079999923706055,900.4729614257812,80.0,-10.079999923706055
4130074181,Dryophytes versicolor,-69.574608,45.933461,2023,3.6008331775665283,1108.6240234375,53.0,-18.61199951171875,1108.6240234375,53.0,-18.61199951171875
4130073479,Dryophytes versicolor,-70.928458,43.221425,2023,,,,,,,
4129998426,Anaxyrus americanus,-69.154419,44.324055,2023,6.75,955.0365600585938,84.0,-12.064000129699707,955.0365600585938,84.0,-12.064000129699707
4129992517,Anaxyrus americanus,-69.927086,44.818841,2022,5.735666751861572,1039.3597412109375,67.0,-15.9399995803833,1039.3597412109375,67.0,-15.9399995803833
4129962861,Anaxyrus americanus,-70.65005,44.286886,2023,6.017333507537842,1005.428955078125,77.0,-14.751999855041504,1005.428955078125,77.0,-14.751999855041504
4129940986,Anaxyrus americanus,-70.637126,43.403091,2023,7.875333309173584,946.164306640625,84.0,-11.248000144958496,946.164306640625,84.0,-11.248000144958496
4129920034,Dryophytes versicolor,-70.869253,44.049262,2023,6.543333530426025,1010.4114379882812,82.0,-14.636000633239746,1010.4114379882812,82.0,-14.636000633239746
4129760244,Anaxyrus americanus,-69.5766,45.929386,2023,3.6008331775665283,1108.6240234375,53.0,-18.61199951171875,1108.6240234375,53.0,-18.61199951171875
4129743639,Anaxyrus americanus,-69.814019,43.799502,2023,7.709868431091309,900.6714477539062,77.0,-9.77368450164795,900.6714477539062,77.0,-9.77368450164795
4129716846,Anaxyrus americanus,-70.200421,43.91604,2023,7.204833030700684,960.4813842773438,81.0,-11.916000366210938,960.4813842773438,81.0,-11.916000366210938
4129679699,Anaxyrus americanus,-70.633589,43.138559,2023,8.4769926071167,909.0302124023438,79.0,-9.317391395568848,909.0302124023438,79.0,-9.317391395568848
4127371293,Dryophytes versicolor,-70.69232,43.222565,2023,8.121500015258789,918.7810668945312,84.0,-10.079999923706055,918.7810668945312,84.0,-10.079999923706055
4127307945,Anaxyrus americanus,-69.680193,43.880189,2023,,,,,,,
4127283381,Dryophytes versicolor,-70.210409,44.012751,2023,7.000500202178955,979.92822265625,81.0,-12.527999877929688,979.92822265625,81.0,-12.527999877929688
4127154759,Dryophytes versicolor,-70.369854,43.757799,2023,7.260000228881836,961.2611694335938,82.0,-12.208000183105469,961.2611694335938,82.0,-12.208000183105469
4127153758,Dryophytes versicolor,-70.869163,44.04932,2023,6.543333530426025,1010.4114379882812,82.0,-14.636000633239746,1010.4114379882812,82.0,-14.636000633239746
4126976378,Dryophytes versicolor,-69.80521,43.96563,2023,7.539791584014893,953.1927490234375,78.0,-11.130000114440918,953.1927490234375,78.0,-11.130000114440918
4121453079,Dryophytes versicolor,-68.569516,44.442687,2023,6.809999942779541,957.6420288085938,78.0,-12.220000267028809,957.6420288085938,78.0,-12.220000267028809
4121439661,Anaxyrus americanus,-70.304457,43.683307,2023,7.831333160400391,959.189208984375,81.0,-11.355999946594238,959.189208984375,81.0,-11.355999946594238
4121373238,Dryophytes versicolor,-69.495057,44.111252,2023,7.413000106811523,954.996826171875,79.0,-11.239999771118164,954.996826171875,79.0,-11.239999771118164
4121062302,Dryophytes versicolor,-69.808762,43.80608,2023,7.709868431091309,900.6714477539062,77.0,-9.77368450164795,900.6714477539062,77.0,-9.77368450164795
4120941565,Anaxyrus americanus,-70.640585,43.753567,2023,7.005499839782715,982.6925048828125,83.0,-13.579999923706055,982.6925048828125,83.0,-13.579999923706055
4120885153,Anaxyrus americanus,-70.719014,43.102781,2023,,,,,,,
4116480891,Dryophytes versicolor,-68.98433,44.863187,2023,6.307666778564453,1019.7251586914062,71.0,-14.368000030517578,1019.7251586914062,71.0,-14.368000030517578
4116216171,Dryophytes versicolor,-69.001258,44.402205,2023,7.017666816711426,955.3396606445312,82.0,-11.9399995803833,955.3396606445312,82.0,-11.9399995803833
4116178486,Anaxyrus americanus,-69.33307,44.601058,2019,6.544333457946777,1005.1400756835938,73.0,-13.779999732971191,1005.1400756835938,73.0,-13.779999732971191
4116139926,Dryophytes versicolor,-70.47698,43.354846,2023,8.032675743103027,906.893310546875,80.0,-9.942105293273926,906.893310546875,80.0,-9.942105293273926
4103235257,Dryophytes versicolor,-68.809089,44.929652,2023,6.328499794006348,1025.414794921875,68.0,-14.34000015258789,1025.414794921875,68.0,-14.34000015258789
4103165005,Anaxyrus americanus,-70.902533,44.178245,2022,6.575833320617676,1012.11328125,77.0,-14.555999755859375,1012.11328125,77.0,-14.555999755859375
4103012583,Anaxyrus americanus,-68.477353,46.057124,2023,3.9056665897369385,1099.3494873046875,57.0,-18.56800079345703,1099.3494873046875,57.0,-18.56800079345703
4102784525,Lithobates pipiens,-69.249216,44.92573,2023,5.928499698638916,1041.788818359375,70.0,-15.347999572753906,1041.788818359375,70.0,-15.347999572753906
4102724512,Lithobates pipiens,-68.797167,44.992483,2023,6.293333053588867,1027.582275390625,68.0,-14.48799991607666,1027.582275390625,68.0,-14.48799991607666
4102673203,Anaxyrus americanus,-69.331175,44.60416,2023,6.544333457946777,1005.1400756835938,73.0,-13.779999732971191,1005.1400756835938,73.0,-13.779999732971191
4102560189,Anaxyrus americanus,-70.233958,43.641723,2023,8.066319465637207,926.9019165039062,80.0,-10.366666793823242,926.9019165039062,80.0,-10.366666793823242
4096661730,Anaxyrus americanus,-69.331695,44.606521,2023,6.544333457946777,1005.1400756835938,73.0,-13.779999732971191,1005.1400756835938,73.0,-13.779999732971191
4091967607,Dryophytes versicolor,-69.929817,43.935587,2023,7.578666687011719,964.7484130859375,79.0,-11.359999656677246,964.7484130859375,79.0,-11.359999656677246
4091955251,Anaxyrus americanus,-70.860732,44.217153,2023,6.290499687194824,1008.4392700195312,77.0,-14.760000228881836,1008.4392700195312,77.0,-14.760000228881836
4091953763,Anaxyrus americanus,-70.647514,44.288119,2023,6.017333507537842,1005.428955078125,77.0,-14.751999855041504,1005.428955078125,77.0,-14.751999855041504
4091665636,Anaxyrus americanus,-69.637189,44.109913,2023,7.203999996185303,963.9144897460938,78.0,-11.699999809265137,963.9144897460938,78.0,-11.699999809265137
4091612588,Anaxyrus americanus,-68.923776,44.830559,2023,6.423500061035156,1016.4802856445312,72.0,-14.12399959564209,1016.4802856445312,72.0,-14.12399959564209
4091520485,Dryophytes versicolor,-70.708428,44.053619,2022,6.552000045776367,1006.482177734375,81.0,-14.652000427246094,1006.482177734375,81.0,-14.652000427246094
4091518513,Lithobates pipiens,-68.930817,44.825483,2023,6.423500061035156,1016.4802856445312,72.0,-14.12399959564209,1016.4802856445312,72.0,-14.12399959564209
4091469646,Anaxyrus americanus,-69.335358,44.60735,2023,6.595666885375977,1005.7623291015625,72.0,-13.748000144958496,1005.7623291015625,72.0,-13.748000144958496
4091421536,Anaxyrus americanus,-68.930719,44.825069,2023,6.423500061035156,1016.4802856445312,72.0,-14.12399959564209,1016.4802856445312,72.0,-14.12399959564209
4091402469,Dryophytes versicolor,-70.70845,44.053617,2022,6.552000045776367,1006.482177734375,81.0,-14.652000427246094,1006.482177734375,81.0,-14.652000427246094
4091392737,Anaxyrus americanus,-69.385833,44.447575,2023,6.376500129699707,987.0676879882812,78.0,-13.303999900817871,987.0676879882812,78.0,-13.303999900817871
4091375917,Anaxyrus americanus,-70.31378,45.233476,2022,3.7840001583099365,1070.583251953125,63.0,-17.719999313354492,1070.583251953125,63.0,-17.719999313354492
4075943887,Anaxyrus americanus,-70.988894,44.557457,2022,3.3511667251586914,1020.5671997070312,89.0,-16.851999282836914,1020.5671997070312,89.0,-16.851999282836914
4075888666,Anaxyrus americanus,-68.8578,45.920364,2021,2.86299991607666,1079.739013671875,64.0,-18.31999969482422,1079.739013671875,64.0,-18.31999969482422
4075785158,Anaxyrus americanus,-70.438713,45.140237,2018,4.193166732788086,1068.5885009765625,60.0,-17.447999954223633,1068.5885009765625,60.0,-17.447999954223633
4075726768,Anaxyrus americanus,-69.462744,43.902819,2022,7.535745620727539,883.2525634765625,78.0,-9.421052932739258,883.2525634765625,78.0,-9.421052932739258
4075717764,Anaxyrus americanus,-70.688797,44.110783,2022,6.677666664123535,1008.8466796875,80.0,-14.491999626159668,1008.8466796875,80.0,-14.491999626159668
4067345618,Anaxyrus americanus,-68.161204,46.715338,2022,3.755833387374878,1139.8663330078125,48.0,-18.90399932861328,1139.8663330078125,48.0,-18.90399932861328
4062914786,Anaxyrus americanus,-70.6488,44.288949,2008,6.017333507537842,1005.428955078125,77.0,-14.751999855041504,1005.428955078125,77.0,-14.751999855041504
4062833394,Anaxyrus americanus,-69.482422,44.41204,2021,6.719666481018066,986.6702270507812,74.0,-12.996000289916992,986.6702270507812,74.0,-12.996000289916992
4062775745,Anaxyrus americanus,-70.992119,44.356044,2019,5.436166763305664,1010.6446533203125,71.0,-15.232000350952148,1010.6446533203125,71.0,-15.232000350952148
4062749412,Anaxyrus americanus,-69.481963,44.412044,2022,6.719666481018066,986.6702270507812,74.0,-12.996000289916992,986.6702270507812,74.0,-12.996000289916992
4055066978,Anaxyrus americanus,-69.663931,44.556869,2022,6.94350004196167,1025.3370361328125,66.0,-13.927999496459961,1025.3370361328125,66.0,-13.927999496459961
4055059301,Anaxyrus americanus,-70.6488,44.288949,2016,6.017333507537842,1005.428955078125,77.0,-14.751999855041504,1005.428955078125,77.0,-14.751999855041504
4039411867,Anaxyrus americanus,-69.702994,45.475558,2022,3.429499864578247,1081.62158203125,65.0,-18.191999435424805,1081.62158203125,65.0,-18.191999435424805
4034996908,Dryophytes versicolor,-69.416922,43.979202,2022,7.5020833015441895,911.857177734375,78.0,-10.022222518920898,911.857177734375,78.0,-10.022222518920898
4028841979,Dryophytes versicolor,-70.708467,44.053647,2022,6.552000045776367,1006.482177734375,81.0,-14.652000427246094,1006.482177734375,81.0,-14.652000427246094
4028757910,Anaxyrus americanus,-68.041382,44.813557,2022,6.102166652679443,998.1698608398438,81.0,-14.307999610900879,998.1698608398438,81.0,-14.307999610900879
4028674888,Dryophytes versicolor,-68.061036,44.332428,2022,,,,,,,
4028648007,Anaxyrus americanus,-69.814257,43.807074,2022,7.709868431091309,900.6714477539062,77.0,-9.77368450164795,900.6714477539062,77.0,-9.77368450164795
4022368411,Anaxyrus americanus,-70.228998,43.643264,2022,8.066319465637207,926.9019165039062,80.0,-10.366666793823242,926.9019165039062,80.0,-10.366666793823242
4018254810,Anaxyrus americanus,-69.445469,45.253783,2012,5.005666732788086,1064.2303466796875,65.0,-16.72800064086914,1064.2303466796875,65.0,-16.72800064086914
4014864058,Anaxyrus americanus,-70.917975,43.155575,2022,,,,,,,
4011865176,Anaxyrus americanus,-69.66915,45.526719,2022,3.890333414077759,1088.322265625,60.0,-17.95599937438965,1088.322265625,60.0,-17.95599937438965
3994219230,Lithobates pipiens,-68.790463,44.720189,2021,6.747833251953125,1006.8766479492188,75.0,-13.479999542236328,1006.8766479492188,75.0,-13.479999542236328
3988763505,Anaxyrus americanus,-69.979225,43.974701,2022,7.333333492279053,967.0189208984375,80.0,-11.723999977111816,967.0189208984375,80.0,-11.723999977111816
3988729510,Anaxyrus americanus,-70.499744,43.788132,2022,7.0916666984558105,968.2830810546875,82.0,-12.772000312805176,968.2830810546875,82.0,-12.772000312805176
3988716529,Anaxyrus americanus,-69.469632,43.901623,2022,7.535745620727539,883.2525634765625,78.0,-9.421052932739258,883.2525634765625,78.0,-9.421052932739258
3988637486,Anaxyrus americanus,-69.457624,44.028586,2022,7.448500156402588,925.861328125,78.0,-10.435999870300293,925.861328125,78.0,-10.435999870300293
3988631548,Dryophytes versicolor,-70.715103,43.850525,2022,6.481333255767822,986.9087524414062,87.0,-14.144000053405762,986.9087524414062,87.0,-14.144000053405762
3988625613,Anaxyrus americanus,-69.005669,44.34141,2022,6.885833263397217,950.2058715820312,83.0,-11.880000114440918,950.2058715820312,83.0,-11.880000114440918
3988625023,Anaxyrus americanus,-70.894994,44.424974,2022,4.766166687011719,1009.6897583007812,78.0,-15.723999977111816,1009.6897583007812,78.0,-15.723999977111816
3988615551,Anaxyrus americanus,-69.464858,43.899661,2022,7.535745620727539,883.2525634765625,78.0,-9.421052932739258,883.2525634765625,78.0,-9.421052932739258
3988608548,Anaxyrus americanus,-68.741775,44.815006,2022,6.86566686630249,1019.4971923828125,71.0,-13.619999885559082,1019.4971923828125,71.0,-13.619999885559082
3988607515,Anaxyrus americanus,-69.469632,43.901623,2022,7.535745620727539,883.2525634765625,78.0,-9.421052932739258,883.2525634765625,78.0,-9.421052932739258
3988604532,Anaxyrus americanus,-70.737673,44.049956,2022,6.552000045776367,1006.482177734375,81.0,-14.652000427246094,1006.482177734375,81.0,-14.652000427246094
3988598499,Anaxyrus americanus,-69.469632,43.901623,2022,7.535745620727539,883.2525634765625,78.0,-9.421052932739258,883.2525634765625,78.0,-9.421052932739258
3988576550,Anaxyrus americanus,-70.050777,43.939981,2022,7.17983341217041,959.4861450195312,81.0,-11.763999938964844,959.4861450195312,81.0,-11.763999938964844
3988528516,Anaxyrus americanus,-70.239294,43.765642,2022,7.390000343322754,945.397705078125,81.0,-11.435999870300293,945.397705078125,81.0,-11.435999870300293
3988519524,Anaxyrus americanus,-69.469632,43.901623,2022,7.535745620727539,883.2525634765625,78.0,-9.421052932739258,883.2525634765625,78.0,-9.421052932739258
3988517515,Anaxyrus americanus,-69.086929,44.154877,2022,7.2244791984558105,923.96044921875,80.0,-10.666666984558105,923.96044921875,80.0,-10.666666984558105
3988513574,Anaxyrus americanus,-70.302754,43.830966,2022,7.2158331871032715,964.1209106445312,82.0,-12.239999771118164,964.1209106445312,82.0,-12.239999771118164
3988510541,Anaxyrus americanus,-70.694369,44.120169,2022,6.677666664123535,1008.8466796875,80.0,-14.491999626159668,1008.8466796875,80.0,-14.491999626159668
3988503543,Anaxyrus americanus,-71.001731,44.237513,2022,,,,,,,
3988481563,Anaxyrus americanus,-70.819087,44.959138,2022,3.864166736602783,1066.7012939453125,60.0,-17.827999114990234,1066.7012939453125,60.0,-17.827999114990234
3988468545,Anaxyrus americanus,-69.73167,44.458839,2022,6.684500217437744,1014.7214965820312,67.0,-13.831999778747559,1014.7214965820312,67.0,-13.831999778747559
3988465507,Anaxyrus americanus,-70.705643,44.228115,2022,6.18416690826416,1006.8954467773438,77.0,-14.704000473022461,1006.8954467773438,77.0,-14.704000473022461
3988457499,Dryophytes versicolor,-70.362474,44.027081,2022,6.89633321762085,988.135986328125,82.0,-13.095999717712402,988.135986328125,82.0,-13.095999717712402
3988452519,Anaxyrus americanus,-70.986938,44.091136,2022,6.5911664962768555,1019.6726684570312,81.0,-14.744000434875488,1019.6726684570312,81.0,-14.744000434875488
3988450544,Anaxyrus americanus,-70.346317,44.804878,2022,5.304500102996826,1045.8538818359375,65.0,-16.284000396728516,1045.8538818359375,65.0,-16.284000396728516
3988447535,Dryophytes versicolor,-68.809738,44.743465,2022,6.744333267211914,1005.8201904296875,74.0,-13.435999870300293,1005.8201904296875,74.0,-13.435999870300293
3988443539,Anaxyrus americanus,-70.901878,44.571656,2022,4.391166687011719,1019.8433837890625,71.0,-16.24799919128418,1019.8433837890625,71.0,-16.24799919128418
3986300695,Lithobates pipiens,-68.424946,45.949119,2022,4.703666687011719,1094.76318359375,58.0,-17.38399887084961,1094.76318359375,58.0,-17.38399887084961
3986293251,Anaxyrus americanus,-69.013397,45.955181,2022,2.3434998989105225,1091.3916015625,69.0,-19.200000762939453,1091.3916015625,69.0,-19.200000762939453
3986270860,Anaxyrus americanus,-69.700828,45.475206,2022,3.429499864578247,1081.62158203125,65.0,-18.191999435424805,1081.62158203125,65.0,-18.191999435424805
3986240393,Anaxyrus americanus,-70.310906,44.977283,2022,2.9064998626708984,1038.439697265625,83.0,-17.607999801635742,1038.439697265625,83.0,-17.607999801635742
3985820717,Lithobates pipiens,-68.753739,44.854908,2022,6.592499732971191,1020.1878662109375,70.0,-13.927999496459961,1020.1878662109375,70.0,-13.927999496459961
3985784891,Anaxyrus americanus,-69.387589,45.614189,2022,2.7136666774749756,1087.5616455078125,72.0,-18.711999893188477,1087.5616455078125,72.0,-18.711999893188477
3985629988,Anaxyrus americanus,-69.443517,45.778168,2022,2.993499994277954,1095.9791259765625,64.0,-18.748001098632812,1095.9791259765625,64.0,-18.748001098632812
3985627752,Anaxyrus americanus,-69.684619,45.461625,2022,3.429499864578247,1081.62158203125,65.0,-18.191999435424805,1081.62158203125,65.0,-18.191999435424805
3966747714,Anaxyrus americanus,-69.062245,45.942073,2022,2.798166513442993,1096.8492431640625,63.0,-18.91200065612793,1096.8492431640625,63.0,-18.91200065612793
3966725692,Anaxyrus americanus,-68.676177,45.925417,2022,4.249166488647461,1086.2041015625,59.0,-17.488000869750977,1086.2041015625,59.0,-17.488000869750977
3966678271,Dryophytes versicolor,-69.222839,45.467736,2022,4.441999912261963,1066.887939453125,65.0,-17.115999221801758,1066.887939453125,65.0,-17.115999221801758
3966578655,Anaxyrus americanus,-68.695925,45.921822,2022,4.249166488647461,1086.2041015625,59.0,-17.488000869750977,1086.2041015625,59.0,-17.488000869750977
3966560701,Anaxyrus americanus,-69.064622,45.945943,2022,2.798166513442993,1096.8492431640625,63.0,-18.91200065612793,1096.8492431640625,63.0,-18.91200065612793
3966551651,Anaxyrus americanus,-69.06523,45.946788,2022,2.798166513442993,1096.8492431640625,63.0,-18.91200065612793,1096.8492431640625,63.0,-18.91200065612793
3966541651,Anaxyrus americanus,-69.065348,45.947598,2022,2.798166513442993,1096.8492431640625,63.0,-18.91200065612793,1096.8492431640625,63.0,-18.91200065612793
3966538673,Anaxyrus americanus,-69.062023,45.936792,2022,2.798166513442993,1096.8492431640625,63.0,-18.91200065612793,1096.8492431640625,63.0,-18.91200065612793
3966532808,Anaxyrus americanus,-69.03263,45.062572,2019,5.857833385467529,1038.998291015625,70.0,-15.284000396728516,1038.998291015625,70.0,-15.284000396728516
3966502307,Anaxyrus americanus,-69.28687,45.260899,2018,5.322999954223633,1058.7373046875,67.0,-16.371999740600586,1058.7373046875,67.0,-16.371999740600586
3966416520,Anaxyrus americanus,-68.711452,45.801746,2022,4.679499626159668,1095.9765625,59.0,-17.312000274658203,1095.9765625,59.0,-17.312000274658203
3966350847,Dryophytes versicolor,-69.032592,45.062542,2019,5.857833385467529,1038.998291015625,70.0,-15.284000396728516,1038.998291015625,70.0,-15.284000396728516
3963652830,Anaxyrus americanus,-70.692237,43.222064,2010,8.121500015258789,918.7810668945312,84.0,-10.079999923706055,918.7810668945312,84.0,-10.079999923706055
3963627127,Lithobates pipiens,-68.397982,45.966098,2022,4.631499767303467,1097.5069580078125,57.0,-17.559999465942383,1097.5069580078125,57.0,-17.559999465942383
3963525157,Anaxyrus americanus,-68.738088,45.911866,2022,4.12333345413208,1090.29931640625,60.0,-17.639999389648438,1090.29931640625,60.0,-17.639999389648438
3963424329,Dryophytes versicolor,-68.530589,46.046873,2022,3.862333297729492,1102.995849609375,57.0,-18.59600067138672,1102.995849609375,57.0,-18.59600067138672
3963389236,Anaxyrus americanus,-68.517056,46.060202,2022,3.862333297729492,1102.995849609375,57.0,-18.59600067138672,1102.995849609375,57.0,-18.59600067138672
3963243212,Anaxyrus americanus,-68.41151,46.104869,2022,3.9200000762939453,1106.9410400390625,57.0,-18.604000091552734,1106.9410400390625,57.0,-18.604000091552734
3961501619,Anaxyrus americanus,-68.551283,46.080994,2022,3.866499900817871,1108.488037109375,58.0,-18.676000595092773,1108.488037109375,58.0,-18.676000595092773
3961474571,Dryophytes versicolor,-68.637895,44.9462,2022,6.517666816711426,1025.43017578125,68.0,-14.072000503540039,1025.43017578125,68.0,-14.072000503540039
3961418586,Dryophytes versicolor,-68.428566,46.097505,2022,3.7016665935516357,1108.703125,58.0,-18.76799964904785,1108.703125,58.0,-18.76799964904785
3961330565,Dryophytes versicolor,-70.71505,43.850494,2022,6.481333255767822,986.9087524414062,87.0,-14.144000053405762,986.9087524414062,87.0,-14.144000053405762
3961316552,Anaxyrus americanus,-68.468954,46.015612,2022,4.053666591644287,1099.9935302734375,58.0,-18.38399887084961,1099.9935302734375,58.0,-18.38399887084961
3961197593,Anaxyrus americanus,-68.594,46.137229,2022,3.933166742324829,1111.25244140625,54.0,-18.8439998626709,1111.25244140625,54.0,-18.8439998626709
3961093051,Dryophytes versicolor,-68.519867,46.121144,2022,3.757833480834961,1111.6126708984375,57.0,-18.8439998626709,1111.6126708984375,57.0,-18.8439998626709
3960879320,Anaxyrus americanus,-69.748983,44.708589,2022,6.093500137329102,1036.076171875,67.0,-15.180000305175781,1036.076171875,67.0,-15.180000305175781
3947826436,Anaxyrus americanus,-69.9327,44.53535,2022,6.331333160400391,1018.25927734375,72.0,-14.508000373840332,1018.25927734375,72.0,-14.508000373840332
3947713643,Lithobates pipiens,-69.238534,45.197773,2019,5.382166862487793,1058.4385986328125,72.0,-16.27199935913086,1058.4385986328125,72.0,-16.27199935913086
3947480747,Anaxyrus americanus,-69.38053,46.055187,2022,3.636166572570801,1119.3707275390625,52.0,-18.79199981689453,1119.3707275390625,52.0,-18.79199981689453
3947472831,Anaxyrus americanus,-69.197528,44.332077,2022,6.9076666831970215,957.9547729492188,83.0,-11.98799991607666,957.9547729492188,83.0,-11.98799991607666
3947285489,Lithobates pipiens,-68.727047,44.867347,2022,6.577000141143799,1016.5341796875,70.0,-13.859999656677246,1016.5341796875,70.0,-13.859999656677246
3947245713,Anaxyrus americanus,-69.625322,44.170442,2022,7.1545000076293945,975.701171875,75.0,-12.168000221252441,975.701171875,75.0,-12.168000221252441
3947240669,Anaxyrus americanus,-69.008126,45.745639,2022,4.725333213806152,1088.35546875,56.0,-17.144001007080078,1088.35546875,56.0,-17.144001007080078
3947175157,Anaxyrus americanus,-68.613663,44.309406,2022,7.094791889190674,929.826416015625,77.0,-11.254166603088379,929.826416015625,77.0,-11.254166603088379
3947052189,Anaxyrus americanus,-68.370667,44.309883,2022,6.921166896820068,925.7542724609375,76.0,-11.420000076293945,925.7542724609375,76.0,-11.420000076293945
3925460190,Dryophytes versicolor,-69.032619,45.067571,2019,5.857833385467529,1038.998291015625,70.0,-15.284000396728516,1038.998291015625,70.0,-15.284000396728516
3925457221,Anaxyrus americanus,-69.08645,44.251464,2022,7.117166519165039,948.5928344726562,82.0,-11.54800033569336,948.5928344726562,82.0,-11.54800033569336
3925451795,Dryophytes versicolor,-69.760501,44.498766,2022,6.676000118255615,1018.5675659179688,67.0,-13.932000160217285,1018.5675659179688,67.0,-13.932000160217285
3925413849,Anaxyrus americanus,-69.114848,44.258028,2014,7.117166519165039,948.5928344726562,82.0,-11.54800033569336,948.5928344726562,82.0,-11.54800033569336
3925190184,Lithobates pipiens,-68.669803,44.881544,2022,6.562333106994629,1017.734375,68.0,-13.807999610900879,1017.734375,68.0,-13.807999610900879
3925058174,Anaxyrus americanus,-69.08625,44.251933,2022,7.117166519165039,948.5928344726562,82.0,-11.54800033569336,948.5928344726562,82.0,-11.54800033569336
3925049056,Dryophytes versicolor,-69.327169,45.36888,2019,4.767333507537842,1067.4986572265625,67.0,-16.972000122070312,1067.4986572265625,67.0,-16.972000122070312
3923678025,Anaxyrus americanus,-69.709153,44.135442,2022,7.184999942779541,980.499755859375,75.0,-12.208000183105469,980.499755859375,75.0,-12.208000183105469
3923638952,Anaxyrus americanus,-68.414192,44.671292,2022,6.70283317565918,996.3406372070312,79.0,-13.415999412536621,996.3406372070312,79.0,-13.415999412536621
3923592635,Anaxyrus americanus,-70.299435,44.575562,2022,5.707833290100098,1026.54541015625,72.0,-15.343999862670898,1026.54541015625,72.0,-15.343999862670898
3923532259,Dryophytes versicolor,-70.316735,43.919484,2015,7.020500183105469,978.892822265625,82.0,-12.704000473022461,978.892822265625,82.0,-12.704000473022461
3923450642,Anaxyrus americanus,-69.785513,43.87405,2022,,,,,,,
3923409485,Anaxyrus americanus,-67.764828,44.621305,2022,6.561174392700195,929.960205078125,78.0,-12.550000190734863,929.960205078125,78.0,-12.550000190734863
3923403255,Anaxyrus americanus,-70.309958,43.937011,2015,7.020500183105469,978.892822265625,82.0,-12.704000473022461,978.892822265625,82.0,-12.704000473022461
3923368210,Anaxyrus americanus,-68.878303,44.441658,2020,,,,,,,
3923309754,Anaxyrus americanus,-68.778183,46.050675,2022,4.246833324432373,1099.52978515625,54.0,-18.18400001525879,1099.52978515625,54.0,-18.18400001525879
3923249561,Lithobates pipiens,-69.187142,44.373092,2022,6.91616678237915,961.9364013671875,82.0,-12.14799976348877,961.9364013671875,82.0,-12.14799976348877
3915727361,Lithobates pipiens,-69.351138,44.638415,2022,6.563666820526123,1011.065185546875,70.0,-14.01200008392334,1011.065185546875,70.0,-14.01200008392334
3915686331,Anaxyrus americanus,-70.747673,44.921514,2022,3.889833450317383,1062.76220703125,61.0,-17.84000015258789,1062.76220703125,61.0,-17.84000015258789
3915645218,Lithobates pipiens,-68.764536,44.825387,2022,7.00333309173584,1028.0465087890625,72.0,-13.616000175476074,1028.0465087890625,72.0,-13.616000175476074
3915632819,Lithobates pipiens,-68.724468,44.899518,2022,6.447999954223633,1016.3721923828125,68.0,-13.955999374389648,1016.3721923828125,68.0,-13.955999374389648
3915632052,Lithobates pipiens,-68.763895,44.82737,2022,7.00333309173584,1028.0465087890625,72.0,-13.616000175476074,1028.0465087890625,72.0,-13.616000175476074
3915622953,Anaxyrus americanus,-70.717287,44.823595,2022,3.3244998455047607,1054.5880126953125,73.0,-17.788000106811523,1054.5880126953125,73.0,-17.788000106811523
3915594647,Lithobates pipiens,-68.725185,44.899655,2022,6.447999954223633,1016.3721923828125,68.0,-13.955999374389648,1016.3721923828125,68.0,-13.955999374389648
3915585857,Lithobates pipiens,-69.351111,44.638409,2022,6.563666820526123,1011.065185546875,70.0,-14.01200008392334,1011.065185546875,70.0,-14.01200008392334
3915568327,Dryophytes versicolor,-70.564991,44.571661,2022,5.852833271026611,1035.06640625,65.0,-15.223999977111816,1035.06640625,65.0,-15.223999977111816
3915545473,Lithobates pipiens,-68.723555,44.89961,2022,6.447999954223633,1016.3721923828125,68.0,-13.955999374389648,1016.3721923828125,68.0,-13.955999374389648
3915501277,Lithobates pipiens,-68.764427,44.825875,2022,7.00333309173584,1028.0465087890625,72.0,-13.616000175476074,1028.0465087890625,72.0,-13.616000175476074
3915480793,Anaxyrus americanus,-70.859812,44.410775,2022,5.893833637237549,1022.2346801757812,67.0,-15.119999885559082,1022.2346801757812,67.0,-15.119999885559082
3915464671,Anaxyrus americanus,-69.982336,43.883513,2022,7.499833106994629,951.3106079101562,79.0,-11.196000099182129,951.3106079101562,79.0,-11.196000099182129
3915444123,Lithobates pipiens,-68.720222,44.90562,2022,6.447999954223633,1016.3721923828125,68.0,-13.955999374389648,1016.3721923828125,68.0,-13.955999374389648
3915401833,Lithobates pipiens,-69.351131,44.638389,2022,6.563666820526123,1011.065185546875,70.0,-14.01200008392334,1011.065185546875,70.0,-14.01200008392334
3915384646,Anaxyrus americanus,-70.083679,43.821747,2022,,,,,,,
3915383966,Lithobates pipiens,-69.351125,44.638406,2022,6.563666820526123,1011.065185546875,70.0,-14.01200008392334,1011.065185546875,70.0,-14.01200008392334
3915368522,Anaxyrus americanus,-70.083342,43.822511,2022,,,,,,,
3915360809,Anaxyrus americanus,-70.726483,43.227757,2022,8.189332962036133,927.5410766601562,83.0,-10.223999977111816,927.5410766601562,83.0,-10.223999977111816
3912474794,Anaxyrus americanus,-68.798186,45.80601,2022,4.747000217437744,1087.3177490234375,57.0,-17.139999389648438,1087.3177490234375,57.0,-17.139999389648438
3912423611,Dryophytes versicolor,-68.803682,45.629559,2019,5.01800012588501,1086.6304931640625,61.0,-16.76799964904785,1086.6304931640625,61.0,-16.76799964904785
3912410800,Anaxyrus americanus,-68.645833,45.888297,2022,4.673666477203369,1086.058349609375,58.0,-17.18000030517578,1086.058349609375,58.0,-17.18000030517578
3912384643,Anaxyrus americanus,-70.901118,43.914322,2022,6.578000068664551,998.2607421875,87.0,-14.5,998.2607421875,87.0,-14.5
3912210293,Anaxyrus americanus,-70.642517,44.163667,2022,6.452166557312012,1005.82666015625,80.0,-14.51200008392334,1005.82666015625,80.0,-14.51200008392334
3912083820,Dryophytes versicolor,-68.457492,44.54443,2022,6.786166667938232,979.750732421875,78.0,-12.86400032043457,979.750732421875,78.0,-12.86400032043457
3911981939,Anaxyrus americanus,-70.715164,43.850494,2022,6.481333255767822,986.9087524414062,87.0,-14.144000053405762,986.9087524414062,87.0,-14.144000053405762
3903647174,Anaxyrus americanus,-70.070118,43.931223,2022,7.17983341217041,959.4861450195312,81.0,-11.763999938964844,959.4861450195312,81.0,-11.763999938964844
3903614849,Anaxyrus americanus,-70.685383,43.976318,2022,6.5901665687561035,998.140380859375,83.0,-14.371999740600586,998.140380859375,83.0,-14.371999740600586
3903602398,Anaxyrus americanus,-69.785362,43.844437,2022,,,,,,,
3903592187,Dryophytes versicolor,-70.240106,43.706221,2022,7.707639217376709,930.7933349609375,80.0,-10.75,930.7933349609375,80.0,-10.75
3903582328,Lithobates pipiens,-69.123864,44.883904,2022,6.114833354949951,1030.450927734375,71.0,-14.812000274658203,1030.450927734375,71.0,-14.812000274658203
3903566801,Anaxyrus americanus,-68.850358,45.936192,2022,2.86299991607666,1079.739013671875,64.0,-18.31999969482422,1079.739013671875,64.0,-18.31999969482422
3903531931,Lithobates pipiens,-68.720892,44.899336,2022,6.447999954223633,1016.3721923828125,68.0,-13.955999374389648,1016.3721923828125,68.0,-13.955999374389648
3903531721,Anaxyrus americanus,-70.304512,43.679425,2022,7.831333160400391,959.189208984375,81.0,-11.355999946594238,959.189208984375,81.0,-11.355999946594238
3903515522,Dryophytes versicolor,-70.755612,43.090817,2022,8.785515785217285,921.9078979492188,80.0,-9.328571319580078,921.9078979492188,80.0,-9.328571319580078
3903474179,Lithobates pipiens,-68.723443,44.899636,2022,6.447999954223633,1016.3721923828125,68.0,-13.955999374389648,1016.3721923828125,68.0,-13.955999374389648
3903410179,Lithobates pipiens,-68.724346,44.89952,2022,6.447999954223633,1016.3721923828125,68.0,-13.955999374389648,1016.3721923828125,68.0,-13.955999374389648
3903399167,Lithobates pipiens,-68.787623,44.897568,2022,6.487833023071289,1021.14892578125,68.0,-14.032000541687012,1021.14892578125,68.0,-14.032000541687012
3903363464,Anaxyrus americanus,-70.498503,43.759768,2022,7.0916666984558105,968.2830810546875,82.0,-12.772000312805176,968.2830810546875,82.0,-12.772000312805176
3903347329,Anaxyrus americanus,-70.420224,44.977313,2022,3.2784998416900635,1045.0538330078125,74.0,-17.59600067138672,1045.0538330078125,74.0,-17.59600067138672
3903343865,Dryophytes versicolor,-69.188842,45.015267,2022,5.688833236694336,1041.9310302734375,72.0,-15.664000511169434,1041.9310302734375,72.0,-15.664000511169434
3903339122,Anaxyrus americanus,-69.958253,43.899655,2022,7.652651786804199,950.5384521484375,78.0,-10.940909385681152,950.5384521484375,78.0,-10.940909385681152
3903335842,Lithobates pipiens,-68.720058,44.89919,2022,6.447999954223633,1016.3721923828125,68.0,-13.955999374389648,1016.3721923828125,68.0,-13.955999374389648
3903304789,Lithobates pipiens,-68.721682,44.899641,2022,6.447999954223633,1016.3721923828125,68.0,-13.955999374389648,1016.3721923828125,68.0,-13.955999374389648
3903233948,Anaxyrus americanus,-68.904111,45.925005,2022,1.9283332824707031,1081.6168212890625,72.0,-19.04400062561035,1081.6168212890625,72.0,-19.04400062561035
3903208713,Dryophytes versicolor,-69.186378,44.353088,2018,6.91616678237915,961.9364013671875,82.0,-12.14799976348877,961.9364013671875,82.0,-12.14799976348877
3903192752,Anaxyrus americanus,-70.4607,43.683425,2022,7.269833564758301,968.3546142578125,82.0,-12.564000129699707,968.3546142578125,82.0,-12.564000129699707
3903175726,Anaxyrus americanus,-68.279361,44.5014,2022,,,,,,,
3903114039,Lithobates pipiens,-68.76587,44.828172,2022,7.00333309173584,1028.0465087890625,72.0,-13.616000175476074,1028.0465087890625,72.0,-13.616000175476074
3903080411,Anaxyrus americanus,-70.299435,44.575562,2022,5.707833290100098,1026.54541015625,72.0,-15.343999862670898,1026.54541015625,72.0,-15.343999862670898
3903010074,Dryophytes versicolor,-69.443789,44.533666,2022,6.659333229064941,1005.2258911132812,71.0,-13.564000129699707,1005.2258911132812,71.0,-13.564000129699707
3902980487,Anaxyrus americanus,-70.76525,45.198191,2022,2.8914999961853027,1067.61572265625,75.0,-18.3799991607666,1067.61572265625,75.0,-18.3799991607666
3902978949,Anaxyrus americanus,-70.39027,43.668178,2022,7.487333297729492,961.6553344726562,81.0,-12.008000373840332,961.6553344726562,81.0,-12.008000373840332
3902978064,Anaxyrus americanus,-68.745442,44.812697,2022,6.86566686630249,1019.4971923828125,71.0,-13.619999885559082,1019.4971923828125,71.0,-13.619999885559082
3902932184,Anaxyrus americanus,-69.316742,45.461075,2022,4.0908331871032715,1068.1163330078125,64.0,-17.43199920654297,1068.1163330078125,64.0,-17.43199920654297
3902918807,Lithobates pipiens,-68.787399,44.897582,2022,6.487833023071289,1021.14892578125,68.0,-14.032000541687012,1021.14892578125,68.0,-14.032000541687012
3902906579,Lithobates pipiens,-68.726975,44.897608,2022,6.447999954223633,1016.3721923828125,68.0,-13.955999374389648,1016.3721923828125,68.0,-13.955999374389648
3902887459,Anaxyrus americanus,-67.826376,46.135308,2022,4.542333602905273,1110.7269287109375,61.0,-17.61199951171875,1110.7269287109375,61.0,-17.61199951171875
3902873344,Anaxyrus americanus,-70.302746,43.830962,2022,7.2158331871032715,964.1209106445312,82.0,-12.239999771118164,964.1209106445312,82.0,-12.239999771118164
3902816222,Anaxyrus americanus,-69.403768,45.376959,2022,4.480000019073486,1070.77685546875,65.0,-17.20400047302246,1070.77685546875,65.0,-17.20400047302246
3902813432,Anaxyrus americanus,-68.576808,45.776655,2022,5.123500347137451,1083.6949462890625,60.0,-16.812000274658203,1083.6949462890625,60.0,-16.812000274658203
3902812319,Dryophytes versicolor,-70.598806,43.916069,2022,7.1623334884643555,958.4794311523438,83.0,-12.604000091552734,958.4794311523438,83.0,-12.604000091552734
3902778223,Anaxyrus americanus,-69.467108,43.897233,2022,7.535745620727539,883.2525634765625,78.0,-9.421052932739258,883.2525634765625,78.0,-9.421052932739258
3902769650,Anaxyrus americanus,-68.710173,45.884006,2022,4.12333345413208,1090.29931640625,60.0,-17.639999389648438,1090.29931640625,60.0,-17.639999389648438
3902737669,Lithobates pipiens,-69.037078,45.119686,2022,5.601666450500488,1040.8001708984375,72.0,-15.539999961853027,1040.8001708984375,72.0,-15.539999961853027
3902676422,Lithobates pipiens,-68.415547,46.583771,2022,3.4743335247039795,1152.0343017578125,49.0,-20.440000534057617,1152.0343017578125,49.0,-20.440000534057617
3902605616,Dryophytes versicolor,-70.708375,43.277442,2022,8.107166290283203,935.1823120117188,84.0,-10.53600025177002,935.1823120117188,84.0,-10.53600025177002
3902563692,Anaxyrus americanus,-69.709388,44.135239,2022,7.184999942779541,980.499755859375,75.0,-12.208000183105469,980.499755859375,75.0,-12.208000183105469
3902562541,Anaxyrus americanus,-69.075134,44.229101,2022,6.89965295791626,935.4232177734375,83.0,-11.337499618530273,935.4232177734375,83.0,-11.337499618530273
3902520117,Anaxyrus americanus,-70.577473,45.44866,2022,2.36816668510437,1075.0015869140625,77.0,-18.663999557495117,1075.0015869140625,77.0,-18.663999557495117
3902504182,Lithobates pipiens,-68.787317,44.897518,2022,6.487833023071289,1021.14892578125,68.0,-14.032000541687012,1021.14892578125,68.0,-14.032000541687012
3902500612,Anaxyrus americanus,-70.050019,43.936233,2022,7.17983341217041,959.4861450195312,81.0,-11.763999938964844,959.4861450195312,81.0,-11.763999938964844
3902420410,Dryophytes versicolor,-69.64235,44.546993,2022,6.94350004196167,1025.3370361328125,66.0,-13.927999496459961,1025.3370361328125,66.0,-13.927999496459961
3902418272,Anaxyrus americanus,-68.909387,45.92405,2022,1.9283332824707031,1081.6168212890625,72.0,-19.04400062561035,1081.6168212890625,72.0,-19.04400062561035
3902405398,Anaxyrus americanus,-70.675828,43.623813,2022,7.287166595458984,970.190673828125,85.0,-12.86400032043457,970.190673828125,85.0,-12.86400032043457
3902401169,Anaxyrus americanus,-70.647901,44.57561,2022,5.152500152587891,1031.7900390625,69.0,-15.831999778747559,1031.7900390625,69.0,-15.831999778747559
3902383975,Anaxyrus americanus,-69.295202,45.479141,2022,4.0908331871032715,1068.1163330078125,64.0,-17.43199920654297,1068.1163330078125,64.0,-17.43199920654297
3902383024,Anaxyrus americanus,-70.532495,44.74578,2022,4.608833312988281,1039.989990234375,69.0,-16.447999954223633,1039.989990234375,69.0,-16.447999954223633
3902372783,Anaxyrus americanus,-70.207703,44.494267,2022,6.290833473205566,1024.8917236328125,73.0,-14.692000389099121,1024.8917236328125,73.0,-14.692000389099121
3902364881,Anaxyrus americanus,-70.351174,44.728188,2022,4.340666770935059,1032.7373046875,76.0,-16.583999633789062,1032.7373046875,76.0,-16.583999633789062
3902346158,Anaxyrus americanus,-69.286863,45.480388,2022,4.2241668701171875,1067.6583251953125,65.0,-17.299999237060547,1067.6583251953125,65.0,-17.299999237060547
3902345862,Anaxyrus americanus,-69.52561,45.540154,2022,3.8286666870117188,1092.389892578125,62.0,-18.104000091552734,1092.389892578125,62.0,-18.104000091552734
3902323084,Anaxyrus americanus,-69.296624,43.963592,2022,,,,,,,
3902275150,Anaxyrus americanus,-70.706878,43.961795,2022,6.5901665687561035,998.140380859375,83.0,-14.371999740600586,998.140380859375,83.0,-14.371999740600586
3902234687,Anaxyrus americanus,-70.155342,45.025003,2022,4.334499835968018,1049.0029296875,69.0,-17.07200050354004,1049.0029296875,69.0,-17.07200050354004
3902234106,Lithobates pipiens,-68.930821,44.824308,2022,6.423500061035156,1016.4802856445312,72.0,-14.12399959564209,1016.4802856445312,72.0,-14.12399959564209
3902207962,Dryophytes versicolor,-67.231619,44.756033,2022,6.193166732788086,953.084228515625,78.0,-12.98799991607666,953.084228515625,78.0,-12.98799991607666
3902188050,Dryophytes versicolor,-68.855788,45.711626,2022,4.942333221435547,1092.2025146484375,58.0,-16.979999542236328,1092.2025146484375,58.0,-16.979999542236328
3902141014,Anaxyrus americanus,-70.756775,43.394028,2022,7.711166858673096,952.84716796875,85.0,-11.616000175476074,952.84716796875,85.0,-11.616000175476074
3892621827,Anaxyrus americanus,-69.709253,44.135395,2022,7.184999942779541,980.499755859375,75.0,-12.208000183105469,980.499755859375,75.0,-12.208000183105469
3892584833,Anaxyrus americanus,-70.663471,43.931902,2022,6.6526665687561035,987.6195678710938,84.0,-13.968000411987305,987.6195678710938,84.0,-13.968000411987305
3892568757,Anaxyrus americanus,-70.869108,44.049266,2022,6.543333530426025,1010.4114379882812,82.0,-14.636000633239746,1010.4114379882812,82.0,-14.636000633239746
3892541830,Dryophytes versicolor,-68.05943,44.337272,2022,6.8611979484558105,866.7794799804688,75.0,-10.793749809265137,866.7794799804688,75.0,-10.793749809265137
3892540742,Anaxyrus americanus,-69.71087,44.114956,2022,7.260166645050049,974.0995483398438,77.0,-11.944000244140625,974.0995483398438,77.0,-11.944000244140625
3892504845,Anaxyrus americanus,-70.842575,44.444405,2021,5.367000102996826,1018.1451416015625,70.0,-15.479999542236328,1018.1451416015625,70.0,-15.479999542236328
3892475848,Dryophytes versicolor,-70.869339,44.175625,2022,6.3125,1006.4719848632812,79.0,-14.699999809265137,1006.4719848632812,79.0,-14.699999809265137
3892426868,Anaxyrus americanus,-70.663782,43.932067,2022,6.6526665687561035,987.6195678710938,84.0,-13.968000411987305,987.6195678710938,84.0,-13.968000411987305
3892398669,Anaxyrus americanus,-68.65063,45.949097,2022,4.843166351318359,1087.99169921875,56.0,-17.07200050354004,1087.99169921875,56.0,-17.07200050354004
3892394744,Anaxyrus americanus,-69.016206,44.518567,2022,6.715333461761475,972.5800170898438,82.0,-12.779999732971191,972.5800170898438,82.0,-12.779999732971191
3892320807,Dryophytes versicolor,-69.232641,44.821147,2022,6.320666313171387,1029.4071044921875,70.0,-14.628000259399414,1029.4071044921875,70.0,-14.628000259399414
3892273821,Anaxyrus americanus,-70.05122,44.301249,2022,6.735833644866943,1014.5154418945312,74.0,-13.652000427246094,1014.5154418945312,74.0,-13.652000427246094
3892268127,Dryophytes versicolor,-67.019569,44.885803,2022,,,,,,,
3889277652,Anaxyrus americanus,-70.046669,43.868295,2022,7.436166763305664,938.69384765625,80.0,-11.100000381469727,938.69384765625,80.0,-11.100000381469727
3889170619,Anaxyrus americanus,-69.251175,44.000964,2022,7.430034637451172,892.4791259765625,78.0,-9.804166793823242,892.4791259765625,78.0,-9.804166793823242
3889152960,Anaxyrus americanus,-70.719045,43.102929,2022,,,,,,,
3889052233,Dryophytes versicolor,-69.785872,44.102192,2022,,,,,,,
3889029845,Anaxyrus americanus,-70.343296,44.729279,2022,4.340666770935059,1032.7373046875,76.0,-16.583999633789062,1032.7373046875,76.0,-16.583999633789062
3888987026,Dryophytes versicolor,-68.147102,44.576085,2022,6.57183313369751,968.9462890625,78.0,-12.996000289916992,968.9462890625,78.0,-12.996000289916992
3888973535,Dryophytes versicolor,-69.130675,44.160981,2022,7.0995001792907715,929.3683471679688,81.0,-10.892000198364258,929.3683471679688,81.0,-10.892000198364258
3888968672,Lithobates pipiens,-68.787571,44.897045,2022,6.487833023071289,1021.14892578125,68.0,-14.032000541687012,1021.14892578125,68.0,-14.032000541687012
3888889698,Dryophytes versicolor,-70.235222,43.8243,2022,7.369333267211914,956.81689453125,81.0,-11.763999938964844,956.81689453125,81.0,-11.763999938964844
3888863686,Anaxyrus americanus,-68.368058,44.308105,2022,6.921166896820068,925.7542724609375,76.0,-11.420000076293945,925.7542724609375,76.0,-11.420000076293945
3888862844,Anaxyrus americanus,-70.890236,44.643132,2022,4.026666641235352,1036.8416748046875,67.0,-16.895999908447266,1036.8416748046875,67.0,-16.895999908447266
3888853577,Anaxyrus americanus,-69.02118,44.401478,2022,7.017666816711426,955.3396606445312,82.0,-11.9399995803833,955.3396606445312,82.0,-11.9399995803833
3888816698,Anaxyrus americanus,-68.681454,44.912862,2022,6.562333106994629,1017.734375,68.0,-13.807999610900879,1017.734375,68.0,-13.807999610900879
3888796920,Anaxyrus americanus,-69.29017,44.553362,2022,6.49399995803833,997.56787109375,75.0,-13.555999755859375,997.56787109375,75.0,-13.555999755859375
3888761662,Anaxyrus americanus,-70.46839,44.95362,2022,2.9886667728424072,1041.761474609375,83.0,-17.615999221801758,1041.761474609375,83.0,-17.615999221801758
3888759646,Lithobates pipiens,-68.786606,44.897625,2022,6.487833023071289,1021.14892578125,68.0,-14.032000541687012,1021.14892578125,68.0,-14.032000541687012
3888753769,Dryophytes versicolor,-70.679253,43.2602,2022,8.07349967956543,927.5001220703125,84.0,-10.404000282287598,927.5001220703125,84.0,-10.404000282287598
3888750752,Anaxyrus americanus,-70.755268,43.933346,2022,6.545333385467529,1000.5745849609375,85.0,-14.596000671386719,1000.5745849609375,85.0,-14.596000671386719
3881829881,Anaxyrus americanus,-69.081122,45.754172,2022,4.387166500091553,1087.8331298828125,55.0,-17.47599983215332,1087.8331298828125,55.0,-17.47599983215332
3881804568,Anaxyrus americanus,-70.709174,44.193222,2021,6.141833305358887,1003.2992553710938,80.0,-14.711999893188477,1003.2992553710938,80.0,-14.711999893188477
3881799007,Anaxyrus americanus,-70.984215,44.005626,2022,6.725333213806152,1017.3042602539062,83.0,-14.604000091552734,1017.3042602539062,83.0,-14.604000091552734
3881752266,Anaxyrus americanus,-70.591562,43.915883,2022,7.1623334884643555,958.4794311523438,83.0,-12.604000091552734,958.4794311523438,83.0,-12.604000091552734
3881724041,Anaxyrus americanus,-70.400236,45.142107,2022,3.634333372116089,1058.2864990234375,68.0,-17.58799934387207,1058.2864990234375,68.0,-17.58799934387207
3881708620,Dryophytes versicolor,-68.659821,44.902447,2022,6.609499931335449,1018.5863647460938,68.0,-13.807999610900879,1018.5863647460938,68.0,-13.807999610900879
3881564966,Anaxyrus americanus,-70.688797,44.110783,2022,6.677666664123535,1008.8466796875,80.0,-14.491999626159668,1008.8466796875,80.0,-14.491999626159668
3881539829,Anaxyrus americanus,-68.838425,46.964491,2022,2.3526666164398193,1140.662353515625,59.0,-20.648000717163086,1140.662353515625,59.0,-20.648000717163086
3881531805,Dryophytes versicolor,-70.63498,43.881308,2022,6.709500312805176,979.9487915039062,85.0,-13.715999603271484,979.9487915039062,85.0,-13.715999603271484
3881496848,Dryophytes versicolor,-70.606575,43.533997,2022,7.540333271026611,952.433349609375,84.0,-11.984000205993652,952.433349609375,84.0,-11.984000205993652
3881494064,Anaxyrus americanus,-69.696572,45.86695,2022,3.754333257675171,1092.7265625,54.0,-18.20400047302246,1092.7265625,54.0,-18.20400047302246
3881446483,Dryophytes versicolor,-68.522978,45.343666,2022,5.729499816894531,1063.4407958984375,70.0,-15.776000022888184,1063.4407958984375,70.0,-15.776000022888184
3881435949,Anaxyrus americanus,-69.304558,43.955708,2022,,,,,,,
3881359182,Dryophytes versicolor,-70.70845,44.053617,2022,6.552000045776367,1006.482177734375,81.0,-14.652000427246094,1006.482177734375,81.0,-14.652000427246094
3874195147,Anaxyrus americanus,-69.344025,46.61553,2022,3.1391665935516357,1126.142822265625,54.0,-19.555999755859375,1126.142822265625,54.0,-19.555999755859375
3874179911,Anaxyrus americanus,-70.097572,44.352045,2021,6.551499843597412,1015.0653686523438,73.0,-13.932000160217285,1015.0653686523438,73.0,-13.932000160217285
3874156341,Anaxyrus americanus,-70.251068,43.636337,2022,8.122618675231934,944.3306274414062,81.0,-10.671428680419922,944.3306274414062,81.0,-10.671428680419922
3874134467,Dryophytes versicolor,-70.387511,43.471511,2022,7.868287086486816,918.8888549804688,80.0,-10.466666221618652,918.8888549804688,80.0,-10.466666221618652
3874110013,Lithobates pipiens,-69.368878,44.94973,2022,5.857000350952148,1042.2847900390625,69.0,-15.496000289916992,1042.2847900390625,69.0,-15.496000289916992
3874103801,Anaxyrus americanus,-69.335113,44.597556,2022,6.595666885375977,1005.7623291015625,72.0,-13.748000144958496,1005.7623291015625,72.0,-13.748000144958496
3874103599,Dryophytes versicolor,-69.47915,44.057648,2022,7.4713335037231445,944.3334350585938,79.0,-10.923999786376953,944.3334350585938,79.0,-10.923999786376953
3874099690,Lithobates pipiens,-69.341235,45.196564,2022,5.188833236694336,1058.343994140625,70.0,-16.447999954223633,1058.343994140625,70.0,-16.447999954223633
3874091521,Lithobates pipiens,-69.618958,46.807863,2022,3.005833387374878,1119.8741455078125,56.0,-19.100000381469727,1119.8741455078125,56.0,-19.100000381469727
3874091128,Anaxyrus americanus,-70.858047,43.273124,2022,8.127166748046875,957.6146850585938,83.0,-11.152000427246094,957.6146850585938,83.0,-11.152000427246094
3874073916,Dryophytes versicolor,-70.86925,44.049294,2022,6.543333530426025,1010.4114379882812,82.0,-14.636000633239746,1010.4114379882812,82.0,-14.636000633239746
3874065543,Anaxyrus americanus,-70.983872,44.234138,2022,6.218166828155518,1003.9236450195312,76.0,-14.64799976348877,1003.9236450195312,76.0,-14.64799976348877
3874048909,Anaxyrus americanus,-69.937513,45.070336,2022,4.899499893188477,1052.8873291015625,65.0,-16.719999313354492,1052.8873291015625,65.0,-16.719999313354492
3874039608,Dryophytes versicolor,-70.869153,44.049274,2022,6.543333530426025,1010.4114379882812,82.0,-14.636000633239746,1010.4114379882812,82.0,-14.636000633239746
3874019829,Lithobates pipiens,-68.719335,45.169372,2022,5.854666709899902,1039.36279296875,68.0,-15.199999809265137,1039.36279296875,68.0,-15.199999809265137
3873996151,Dryophytes versicolor,-69.500179,44.632212,2010,6.541333198547363,1023.1231079101562,67.0,-14.300000190734863,1023.1231079101562,67.0,-14.300000190734863
3873989949,Dryophytes versicolor,-68.061058,44.33242,2022,,,,,,,
3873983764,Anaxyrus americanus,-69.500179,44.632212,2010,6.541333198547363,1023.1231079101562,67.0,-14.300000190734863,1023.1231079101562,67.0,-14.300000190734863
3873970965,Anaxyrus americanus,-70.565947,44.189772,2022,6.413666725158691,1008.6473999023438,79.0,-14.392000198364258,1008.6473999023438,79.0,-14.392000198364258
3873966150,Anaxyrus americanus,-67.029417,44.768525,2022,6.132500171661377,910.2307739257812,78.0,-11.880000114440918,910.2307739257812,78.0,-11.880000114440918
3873947285,Dryophytes versicolor,-69.633486,44.685364,2010,6.452000141143799,1029.1954345703125,65.0,-14.675999641418457,1029.1954345703125,65.0,-14.675999641418457
3873942854,Dryophytes versicolor,-68.957772,44.984605,2022,6.122833251953125,1029.4058837890625,70.0,-14.744000434875488,1029.4058837890625,70.0,-14.744000434875488
3873921314,Anaxyrus americanus,-70.366997,45.036819,2022,2.3589999675750732,1040.7362060546875,87.0,-18.04400062561035,1040.7362060546875,87.0,-18.04400062561035
3873919484,Anaxyrus americanus,-69.943666,44.024941,2022,7.211666584014893,968.1348876953125,81.0,-11.904000282287598,968.1348876953125,81.0,-11.904000282287598
3873897418,Dryophytes versicolor,-68.978905,45.260468,2022,5.547166347503662,1056.8265380859375,68.0,-15.95199966430664,1056.8265380859375,68.0,-15.95199966430664
3873893449,Anaxyrus americanus,-68.762628,45.935239,2022,4.166833400726318,1088.72021484375,58.0,-17.555999755859375,1088.72021484375,58.0,-17.555999755859375
3873888291,Anaxyrus americanus,-69.618483,46.746088,2022,2.9048333168029785,1119.599365234375,57.0,-19.29199981689453,1119.599365234375,57.0,-19.29199981689453
3873880100,Anaxyrus americanus,-70.386436,43.471194,2022,7.868287086486816,918.8888549804688,80.0,-10.466666221618652,918.8888549804688,80.0,-10.466666221618652
3873870875,Dryophytes versicolor,-69.41697,43.979253,2022,7.5020833015441895,911.857177734375,78.0,-10.022222518920898,911.857177734375,78.0,-10.022222518920898
3873856539,Anaxyrus americanus,-69.045617,44.446912,2022,6.959166526794434,963.9373779296875,82.0,-12.251999855041504,963.9373779296875,82.0,-12.251999855041504
3873854507,Anaxyrus americanus,-70.502358,43.3698,2022,8.057539939880371,912.259765625,81.0,-10.09523868560791,912.259765625,81.0,-10.09523868560791
3873850823,Lithobates pipiens,-68.283444,45.516371,2022,5.421833515167236,1062.669189453125,67.0,-16.1560001373291,1062.669189453125,67.0,-16.1560001373291
3873821360,Dryophytes versicolor,-70.037306,44.63612,2022,6.019166946411133,1032.469482421875,71.0,-15.395999908447266,1032.469482421875,71.0,-15.395999908447266
3873811399,Dryophytes versicolor,-68.797163,44.822607,2022,6.762666702270508,1022.8121948242188,72.0,-13.760000228881836,1022.8121948242188,72.0,-13.760000228881836
3873788787,Lithobates pipiens,-68.243222,45.67124,2022,5.051333427429199,1075.2945556640625,65.0,-16.73200035095215,1075.2945556640625,65.0,-16.73200035095215
3873728179,Lithobates pipiens,-68.289286,45.422443,2022,5.452166557312012,1057.704833984375,70.0,-16.07200050354004,1057.704833984375,70.0,-16.07200050354004
3873706899,Anaxyrus americanus,-68.872033,46.101228,2022,2.68833327293396,1120.9989013671875,63.0,-19.444000244140625,1120.9989013671875,63.0,-19.444000244140625
3873682721,Dryophytes versicolor,-68.056618,44.344598,2022,6.8611979484558105,866.7794799804688,75.0,-10.793749809265137,866.7794799804688,75.0,-10.793749809265137
3873673856,Anaxyrus americanus,-68.995581,44.338503,2022,6.944999694824219,942.6117553710938,83.0,-11.652000427246094,942.6117553710938,83.0,-11.652000427246094
3873651808,Anaxyrus americanus,-69.087744,45.807938,2022,3.880666494369507,1090.758544921875,57.0,-17.944000244140625,1090.758544921875,57.0,-17.944000244140625
3873645920,Anaxyrus americanus,-70.350182,43.785339,2022,7.260000228881836,961.2611694335938,82.0,-12.208000183105469,961.2611694335938,82.0,-12.208000183105469
3873575339,Anaxyrus americanus,-69.305549,44.991497,2019,5.802000045776367,1042.9364013671875,69.0,-15.572000503540039,1042.9364013671875,69.0,-15.572000503540039
3873569098,Anaxyrus americanus,-69.659683,43.872356,2022,7.671229839324951,873.7918701171875,77.0,-9.295238494873047,873.7918701171875,77.0,-9.295238494873047
3873526737,Anaxyrus americanus,-68.852234,45.918646,2022,2.86299991607666,1079.739013671875,64.0,-18.31999969482422,1079.739013671875,64.0,-18.31999969482422
3873477548,Anaxyrus americanus,-70.184058,44.253406,2022,6.728166580200195,1010.7495727539062,74.0,-13.640000343322754,1010.7495727539062,74.0,-13.640000343322754
3873457696,Lithobates pipiens,-69.351143,45.163487,2022,5.25933313369751,1056.3619384765625,70.0,-16.36400032043457,1056.3619384765625,70.0,-16.36400032043457
3873449636,Anaxyrus americanus,-70.720705,44.834539,2022,3.816499948501587,1065.159912109375,63.0,-17.81999969482422,1065.159912109375,63.0,-17.81999969482422
3873439556,Anaxyrus americanus,-68.925253,45.914787,2022,1.3846666812896729,1074.52685546875,82.0,-19.531999588012695,1074.52685546875,82.0,-19.531999588012695
3873402835,Lithobates pipiens,-68.047347,45.44466,2022,5.092833518981934,1055.1513671875,75.0,-16.351999282836914,1055.1513671875,75.0,-16.351999282836914
3873399912,Anaxyrus americanus,-68.892875,46.108597,2022,3.265000104904175,1112.347412109375,57.0,-19.104000091552734,1112.347412109375,57.0,-19.104000091552734
3873391391,Lithobates pipiens,-68.6334,45.869357,2022,4.768833160400391,1089.3388671875,59.0,-17.176000595092773,1089.3388671875,59.0,-17.176000595092773
3873389019,Anaxyrus americanus,-69.118155,44.283153,2022,7.117166519165039,948.5928344726562,82.0,-11.54800033569336,948.5928344726562,82.0,-11.54800033569336
3873383289,Dryophytes versicolor,-68.698814,45.197106,2022,5.882166862487793,1040.2105712890625,69.0,-15.168000221252441,1040.2105712890625,69.0,-15.168000221252441
3873381601,Anaxyrus americanus,-68.855458,46.146666,2022,3.7266666889190674,1110.92822265625,53.0,-18.871999740600586,1110.92822265625,53.0,-18.871999740600586
3873376184,Anaxyrus americanus,-70.910282,43.30705,2022,7.94083309173584,960.4606323242188,82.0,-11.527999877929688,960.4606323242188,82.0,-11.527999877929688
3873370343,Anaxyrus americanus,-69.656892,44.556962,2022,6.94350004196167,1025.3370361328125,66.0,-13.927999496459961,1025.3370361328125,66.0,-13.927999496459961
3873370004,Dryophytes versicolor,-69.65705,44.55703,2022,6.94350004196167,1025.3370361328125,66.0,-13.927999496459961,1025.3370361328125,66.0,-13.927999496459961
3873369727,Dryophytes versicolor,-69.334503,44.611164,2010,6.595666885375977,1005.7623291015625,72.0,-13.748000144958496,1005.7623291015625,72.0,-13.748000144958496
3873365427,Anaxyrus americanus,-70.898789,44.180892,2022,6.575833320617676,1012.11328125,77.0,-14.555999755859375,1012.11328125,77.0,-14.555999755859375
3873350526,Anaxyrus americanus,-68.659124,45.976329,2022,4.573833465576172,1094.42822265625,56.0,-17.488000869750977,1094.42822265625,56.0,-17.488000869750977
3873331033,Lithobates pipiens,-69.334503,44.611164,2010,6.595666885375977,1005.7623291015625,72.0,-13.748000144958496,1005.7623291015625,72.0,-13.748000144958496
3873310706,Anaxyrus americanus,-68.759974,45.907769,2022,4.010666847229004,1091.8072509765625,60.0,-17.788000106811523,1091.8072509765625,60.0,-17.788000106811523
3873306847,Anaxyrus americanus,-71.000183,44.266933,2022,,,,,,,
3873296867,Anaxyrus americanus,-68.860528,46.100017,2022,2.68833327293396,1120.9989013671875,63.0,-19.444000244140625,1120.9989013671875,63.0,-19.444000244140625
3873274373,Anaxyrus americanus,-70.67549,43.221599,2020,8.121500015258789,918.7810668945312,84.0,-10.079999923706055,918.7810668945312,84.0,-10.079999923706055
3873257976,Anaxyrus americanus,-70.282554,43.962814,2022,7.0351667404174805,978.0534057617188,81.0,-12.583999633789062,978.0534057617188,81.0,-12.583999633789062
3873256035,Anaxyrus americanus,-70.041253,43.893944,2022,7.3520002365112305,946.6617431640625,80.0,-11.315999984741211,946.6617431640625,80.0,-11.315999984741211
3873229506,Dryophytes versicolor,-69.656738,44.556912,2022,6.94350004196167,1025.3370361328125,66.0,-13.927999496459961,1025.3370361328125,66.0,-13.927999496459961
3873225055,Anaxyrus americanus,-69.434591,45.789177,2022,2.993499994277954,1095.9791259765625,64.0,-18.748001098632812,1095.9791259765625,64.0,-18.748001098632812
3873214912,Anaxyrus americanus,-70.282554,43.962814,2022,7.0351667404174805,978.0534057617188,81.0,-12.583999633789062,978.0534057617188,81.0,-12.583999633789062
3873185754,Anaxyrus americanus,-70.041224,43.893933,2022,7.3520002365112305,946.6617431640625,80.0,-11.315999984741211,946.6617431640625,80.0,-11.315999984741211
3873102220,Lithobates pipiens,-68.76605,44.824592,2022,7.00333309173584,1028.0465087890625,72.0,-13.616000175476074,1028.0465087890625,72.0,-13.616000175476074
3873096566,Anaxyrus americanus,-70.363105,45.08757,2022,3.8416666984558105,1052.4803466796875,65.0,-17.328001022338867,1052.4803466796875,65.0,-17.328001022338867
3873084319,Anaxyrus americanus,-70.921954,44.15028,2022,6.604833602905273,1015.01806640625,78.0,-14.596000671386719,1015.01806640625,78.0,-14.596000671386719
3873074827,Dryophytes versicolor,-68.500651,44.651306,2022,6.625999927520752,991.420654296875,81.0,-13.331999778747559,991.420654296875,81.0,-13.331999778747559
3873045093,Anaxyrus americanus,-68.610755,46.104947,2022,3.8543334007263184,1111.10107421875,56.0,-18.788000106811523,1111.10107421875,56.0,-18.788000106811523
3873032807,Anaxyrus americanus,-70.33721,45.035677,2022,2.3589999675750732,1040.7362060546875,87.0,-18.04400062561035,1040.7362060546875,87.0,-18.04400062561035
3873024767,Dryophytes versicolor,-70.180376,43.913319,2022,7.204833030700684,960.4813842773438,81.0,-11.916000366210938,960.4813842773438,81.0,-11.916000366210938
3873018763,Dryophytes versicolor,-70.38424,43.520886,2022,7.800347328186035,931.6404418945312,80.0,-10.804166793823242,931.6404418945312,80.0,-10.804166793823242
3872994801,Anaxyrus americanus,-69.819563,45.501525,2022,3.9744999408721924,1092.47900390625,57.0,-18.031999588012695,1092.47900390625,57.0,-18.031999588012695
3872993064,Anaxyrus americanus,-68.793211,44.314986,2022,7.239930629730225,886.6063842773438,78.0,-10.383333206176758,886.6063842773438,78.0,-10.383333206176758
3872983701,Anaxyrus americanus,-67.975327,44.401344,2022,6.841288089752197,891.375244140625,74.0,-11.336363792419434,891.375244140625,74.0,-11.336363792419434
3872981955,Anaxyrus americanus,-70.361787,45.038486,2022,2.3589999675750732,1040.7362060546875,87.0,-18.04400062561035,1040.7362060546875,87.0,-18.04400062561035
3872976701,Anaxyrus americanus,-69.843896,44.585013,2022,6.410999774932861,1028.5181884765625,67.0,-14.692000389099121,1028.5181884765625,67.0,-14.692000389099121
3872960289,Anaxyrus americanus,-69.075637,44.978822,2022,6.005833148956299,1037.4207763671875,70.0,-15.104000091552734,1037.4207763671875,70.0,-15.104000091552734
3872928025,Dryophytes versicolor,-70.667275,43.075928,2022,,,,,,,
3872925160,Anaxyrus americanus,-69.766975,43.87138,2022,,,,,,,
3872921947,Anaxyrus americanus,-70.953552,44.062959,2022,6.67383337020874,1023.0392456054688,83.0,-14.67199993133545,1023.0392456054688,83.0,-14.67199993133545
3872906943,Anaxyrus americanus,-69.939987,44.815119,2022,5.735666751861572,1039.3597412109375,67.0,-15.9399995803833,1039.3597412109375,67.0,-15.9399995803833
3872865880,Anaxyrus americanus,-70.655012,43.217037,2022,8.21833324432373,912.47216796875,82.0,-9.812000274658203,912.47216796875,82.0,-9.812000274658203
3860764971,Anaxyrus americanus,-69.709197,44.135383,2022,7.184999942779541,980.499755859375,75.0,-12.208000183105469,980.499755859375,75.0,-12.208000183105469
3860744522,Anaxyrus americanus,-69.079169,44.2483,2022,6.89965295791626,935.4232177734375,83.0,-11.337499618530273,935.4232177734375,83.0,-11.337499618530273
3860743091,Anaxyrus americanus,-70.50277,43.369928,2021,8.057539939880371,912.259765625,81.0,-10.09523868560791,912.259765625,81.0,-10.09523868560791
3860740510,Lithobates pipiens,-68.787299,44.897578,2022,6.487833023071289,1021.14892578125,68.0,-14.032000541687012,1021.14892578125,68.0,-14.032000541687012
3860739484,Lithobates pipiens,-68.931153,44.824792,2022,6.423500061035156,1016.4802856445312,72.0,-14.12399959564209,1016.4802856445312,72.0,-14.12399959564209
3860682972,Dryophytes versicolor,-70.21771,43.610121,2022,7.891848087310791,915.8037719726562,80.0,-10.265216827392578,915.8037719726562,80.0,-10.265216827392578
3860675293,Anaxyrus americanus,-70.212141,45.302745,2022,4.0316667556762695,1071.6678466796875,57.0,-17.59600067138672,1071.6678466796875,57.0,-17.59600067138672
3860652415,Dryophytes versicolor,-68.931181,44.824655,2022,6.423500061035156,1016.4802856445312,72.0,-14.12399959564209,1016.4802856445312,72.0,-14.12399959564209
3860616716,Anaxyrus americanus,-69.97387,46.70108,2022,2.756166458129883,1126.8680419921875,71.0,-19.20400047302246,1126.8680419921875,71.0,-19.20400047302246
3860616447,Anaxyrus americanus,-69.058303,44.228525,2022,6.89965295791626,935.4232177734375,83.0,-11.337499618530273,935.4232177734375,83.0,-11.337499618530273
3860594582,Lithobates pipiens,-68.787297,44.897579,2022,6.487833023071289,1021.14892578125,68.0,-14.032000541687012,1021.14892578125,68.0,-14.032000541687012
3860589132,Anaxyrus americanus,-70.835105,43.466408,2022,7.2843337059021,967.35498046875,87.0,-12.552000045776367,967.35498046875,87.0,-12.552000045776367
3860565148,Anaxyrus americanus,-70.695992,43.520683,2022,7.483500003814697,958.3976440429688,84.0,-12.2839994430542,958.3976440429688,84.0,-12.2839994430542
3860553033,Anaxyrus americanus,-70.33962,44.654609,2022,4.7143330574035645,1028.7208251953125,76.0,-16.27199935913086,1028.7208251953125,76.0,-16.27199935913086
3860509112,Anaxyrus americanus,-70.271653,43.628837,2022,8.122618675231934,944.3306274414062,81.0,-10.671428680419922,944.3306274414062,81.0,-10.671428680419922
3860497531,Anaxyrus americanus,-68.959778,44.801666,2022,6.440666675567627,1015.537109375,71.0,-14.140000343322754,1015.537109375,71.0,-14.140000343322754
3860484431,Lithobates pipiens,-68.78785,44.897737,2022,6.487833023071289,1021.14892578125,68.0,-14.032000541687012,1021.14892578125,68.0,-14.032000541687012
3860480436,Dryophytes versicolor,-68.93123,44.824674,2022,6.423500061035156,1016.4802856445312,72.0,-14.12399959564209,1016.4802856445312,72.0,-14.12399959564209
3860475753,Dryophytes versicolor,-68.061314,44.339344,2022,6.8611979484558105,866.7794799804688,75.0,-10.793749809265137,866.7794799804688,75.0,-10.793749809265137
3860444390,Anaxyrus americanus,-70.858003,43.273114,2022,8.127166748046875,957.6146850585938,83.0,-11.152000427246094,957.6146850585938,83.0,-11.152000427246094
3860406153,Anaxyrus americanus,-70.357872,45.009383,2022,2.3589999675750732,1040.7362060546875,87.0,-18.04400062561035,1040.7362060546875,87.0,-18.04400062561035
3860377476,Dryophytes versicolor,-68.931283,44.824695,2022,6.423500061035156,1016.4802856445312,72.0,-14.12399959564209,1016.4802856445312,72.0,-14.12399959564209
3860372501,Dryophytes versicolor,-68.931138,44.824664,2022,6.423500061035156,1016.4802856445312,72.0,-14.12399959564209,1016.4802856445312,72.0,-14.12399959564209
3860372485,Dryophytes versicolor,-68.931366,44.824765,2022,6.423500061035156,1016.4802856445312,72.0,-14.12399959564209,1016.4802856445312,72.0,-14.12399959564209
3860335164,Lithobates pipiens,-68.357516,46.942819,2022,3.2165000438690186,1134.0638427734375,55.0,-20.11600112915039,1134.0638427734375,55.0,-20.11600112915039
3860307741,Dryophytes versicolor,-68.061036,44.332381,2022,,,,,,,
3860303307,Anaxyrus americanus,-70.718895,43.102783,2022,,,,,,,
3860193427,Anaxyrus americanus,-69.709672,45.476181,2022,2.994166612625122,1078.884033203125,70.0,-18.472000122070312,1078.884033203125,70.0,-18.472000122070312
3860192363,Anaxyrus americanus,-70.214362,45.304094,2022,4.0316667556762695,1071.6678466796875,57.0,-17.59600067138672,1071.6678466796875,57.0,-17.59600067138672
3860191438,Dryophytes versicolor,-68.930281,44.826693,2022,6.423500061035156,1016.4802856445312,72.0,-14.12399959564209,1016.4802856445312,72.0,-14.12399959564209
3860185382,Anaxyrus americanus,-70.212141,45.302745,2022,4.0316667556762695,1071.6678466796875,57.0,-17.59600067138672,1071.6678466796875,57.0,-17.59600067138672
3860184513,Dryophytes versicolor,-70.658455,43.178565,2022,8.319499969482422,908.5286865234375,81.0,-9.539999961853027,908.5286865234375,81.0,-9.539999961853027
3860178479,Dryophytes versicolor,-68.931219,44.824878,2022,6.423500061035156,1016.4802856445312,72.0,-14.12399959564209,1016.4802856445312,72.0,-14.12399959564209
3860167496,Dryophytes versicolor,-67.019867,44.885933,2022,,,,,,,
3860138460,Lithobates pipiens,-68.738149,44.898666,2022,6.447999954223633,1016.3721923828125,68.0,-13.955999374389648,1016.3721923828125,68.0,-13.955999374389648
3860128487,Dryophytes versicolor,-68.930447,44.825819,2022,6.423500061035156,1016.4802856445312,72.0,-14.12399959564209,1016.4802856445312,72.0,-14.12399959564209
3860126386,Dryophytes versicolor,-68.931169,44.82465,2022,6.423500061035156,1016.4802856445312,72.0,-14.12399959564209,1016.4802856445312,72.0,-14.12399959564209
3860121499,Lithobates pipiens,-68.787397,44.897572,2022,6.487833023071289,1021.14892578125,68.0,-14.032000541687012,1021.14892578125,68.0,-14.032000541687012
3860073067,Lithobates pipiens,-69.341178,44.620272,2022,6.595666885375977,1005.7623291015625,72.0,-13.748000144958496,1005.7623291015625,72.0,-13.748000144958496
3860018841,Dryophytes versicolor,-66.99533,44.838707,2022,,,,,,,
3859980800,Anaxyrus americanus,-70.599156,43.916056,2021,7.1623334884643555,958.4794311523438,83.0,-12.604000091552734,958.4794311523438,83.0,-12.604000091552734
3859975535,Dryophytes versicolor,-68.931346,44.824787,2022,6.423500061035156,1016.4802856445312,72.0,-14.12399959564209,1016.4802856445312,72.0,-14.12399959564209
3859973542,Lithobates pipiens,-68.78727,44.897572,2022,6.487833023071289,1021.14892578125,68.0,-14.032000541687012,1021.14892578125,68.0,-14.032000541687012
3859948535,Anaxyrus americanus,-70.815559,44.221786,2022,6.143166542053223,1008.4170532226562,78.0,-14.855999946594238,1008.4170532226562,78.0,-14.855999946594238
3859939394,Anaxyrus americanus,-70.502883,43.369505,2022,8.057539939880371,912.259765625,81.0,-10.09523868560791,912.259765625,81.0,-10.09523868560791
3859898026,Anaxyrus americanus,-70.260688,43.825742,2022,7.257833480834961,958.3055419921875,82.0,-11.996000289916992,958.3055419921875,82.0,-11.996000289916992
3859895625,Anaxyrus americanus,-68.995233,44.338861,2022,6.944999694824219,942.6117553710938,83.0,-11.652000427246094,942.6117553710938,83.0,-11.652000427246094
3859852955,Anaxyrus americanus,-68.202422,46.123622,2022,4.090666770935059,1104.889404296875,58.0,-18.355998992919922,1104.889404296875,58.0,-18.355998992919922
3859843973,Anaxyrus americanus,-68.665879,45.879944,2022,4.673666477203369,1086.058349609375,58.0,-17.18000030517578,1086.058349609375,58.0,-17.18000030517578
3859819593,Lithobates pipiens,-68.787304,44.897577,2022,6.487833023071289,1021.14892578125,68.0,-14.032000541687012,1021.14892578125,68.0,-14.032000541687012
3859787246,Anaxyrus americanus,-70.887238,43.971047,2022,6.763166427612305,1012.42041015625,83.0,-14.631999969482422,1012.42041015625,83.0,-14.631999969482422
3859737968,Anaxyrus americanus,-69.512853,44.896657,2022,5.9008331298828125,1042.0306396484375,67.0,-15.51200008392334,1042.0306396484375,67.0,-15.51200008392334
3859727946,Anaxyrus americanus,-68.767558,45.880715,2022,4.010666847229004,1091.8072509765625,60.0,-17.788000106811523,1091.8072509765625,60.0,-17.788000106811523
3859718392,Anaxyrus americanus,-70.887222,43.971104,2022,6.763166427612305,1012.42041015625,83.0,-14.631999969482422,1012.42041015625,83.0,-14.631999969482422
3859703636,Anaxyrus americanus,-68.710144,46.737358,2022,3.007333517074585,1135.1265869140625,54.0,-20.323999404907227,1135.1265869140625,54.0,-20.323999404907227
3859696697,Anaxyrus americanus,-69.582758,44.771218,2022,6.146833419799805,1030.965087890625,67.0,-14.979999542236328,1030.965087890625,67.0,-14.979999542236328
3859695590,Dryophytes versicolor,-68.931132,44.824779,2022,6.423500061035156,1016.4802856445312,72.0,-14.12399959564209,1016.4802856445312,72.0,-14.12399959564209
3859619255,Dryophytes versicolor,-68.300988,44.403296,2022,7.011833190917969,935.604248046875,75.0,-11.715999603271484,935.604248046875,75.0,-11.715999603271484
3859610445,Dryophytes versicolor,-68.931076,44.824637,2022,6.423500061035156,1016.4802856445312,72.0,-14.12399959564209,1016.4802856445312,72.0,-14.12399959564209
3859600712,Anaxyrus americanus,-69.692728,44.095767,2022,7.180166721343994,968.954833984375,78.0,-11.868000030517578,968.954833984375,78.0,-11.868000030517578
3859600365,Dryophytes versicolor,-68.271196,44.416495,2022,6.910666465759277,945.4031372070312,75.0,-11.907999992370605,945.4031372070312,75.0,-11.907999992370605
3859599513,Dryophytes versicolor,-68.931207,44.824813,2022,6.423500061035156,1016.4802856445312,72.0,-14.12399959564209,1016.4802856445312,72.0,-14.12399959564209
3859590649,Lithobates pipiens,-68.787291,44.897546,2022,6.487833023071289,1021.14892578125,68.0,-14.032000541687012,1021.14892578125,68.0,-14.032000541687012
3859574459,Anaxyrus americanus,-69.06543,44.231917,2022,6.89965295791626,935.4232177734375,83.0,-11.337499618530273,935.4232177734375,83.0,-11.337499618530273
3859568668,Anaxyrus americanus,-69.837198,44.585227,2022,6.410999774932861,1028.5181884765625,67.0,-14.692000389099121,1028.5181884765625,67.0,-14.692000389099121
3859566145,Anaxyrus americanus,-70.707078,45.281137,2022,2.7190001010894775,1066.2449951171875,79.0,-18.336000442504883,1066.2449951171875,79.0,-18.336000442504883
3859537880,Anaxyrus americanus,-68.004674,46.608042,2022,3.691499948501587,1117.73388671875,48.0,-18.299999237060547,1117.73388671875,48.0,-18.299999237060547
3859504386,Dryophytes versicolor,-68.931067,44.824639,2022,6.423500061035156,1016.4802856445312,72.0,-14.12399959564209,1016.4802856445312,72.0,-14.12399959564209
3859502919,Anaxyrus americanus,-69.13112,44.264439,2022,6.980499744415283,952.1526489257812,83.0,-11.723999977111816,952.1526489257812,83.0,-11.723999977111816
3859497528,Dryophytes versicolor,-68.931171,44.824793,2022,6.423500061035156,1016.4802856445312,72.0,-14.12399959564209,1016.4802856445312,72.0,-14.12399959564209
3859496260,Anaxyrus americanus,-69.940651,45.070782,2022,4.899499893188477,1052.8873291015625,65.0,-16.719999313354492,1052.8873291015625,65.0,-16.719999313354492
3859474462,Dryophytes versicolor,-68.931173,44.824649,2022,6.423500061035156,1016.4802856445312,72.0,-14.12399959564209,1016.4802856445312,72.0,-14.12399959564209
3859409461,Dryophytes versicolor,-68.930792,44.824678,2022,6.423500061035156,1016.4802856445312,72.0,-14.12399959564209,1016.4802856445312,72.0,-14.12399959564209
3859390473,Dryophytes versicolor,-68.931145,44.824671,2022,6.423500061035156,1016.4802856445312,72.0,-14.12399959564209,1016.4802856445312,72.0,-14.12399959564209
3859387519,Dryophytes versicolor,-68.931242,44.824799,2022,6.423500061035156,1016.4802856445312,72.0,-14.12399959564209,1016.4802856445312,72.0,-14.12399959564209
3859381398,Dryophytes versicolor,-68.93122,44.824659,2022,6.423500061035156,1016.4802856445312,72.0,-14.12399959564209,1016.4802856445312,72.0,-14.12399959564209
3859292652,Dryophytes versicolor,-68.93004,44.827622,2022,6.423500061035156,1016.4802856445312,72.0,-14.12399959564209,1016.4802856445312,72.0,-14.12399959564209
3859244907,Dryophytes versicolor,-68.245401,44.690732,2022,6.3498334884643555,996.5219116210938,80.0,-13.800000190734863,996.5219116210938,80.0,-13.800000190734863
3859122551,Dryophytes versicolor,-69.707832,44.552892,2020,6.686166763305664,1022.3525390625,65.0,-14.116000175476074,1022.3525390625,65.0,-14.116000175476074
3859121739,Dryophytes versicolor,-68.06161,44.339345,2022,6.8611979484558105,866.7794799804688,75.0,-10.793749809265137,866.7794799804688,75.0,-10.793749809265137
3859094065,Anaxyrus americanus,-70.471525,43.940853,2022,6.998000144958496,984.4351196289062,83.0,-13.284000396728516,984.4351196289062,83.0,-13.284000396728516
3859075413,Dryophytes versicolor,-68.931022,44.824667,2022,6.423500061035156,1016.4802856445312,72.0,-14.12399959564209,1016.4802856445312,72.0,-14.12399959564209
3859045484,Anaxyrus americanus,-69.989086,44.88829,2022,5.559833526611328,1044.8763427734375,66.0,-16.20800018310547,1044.8763427734375,66.0,-16.20800018310547
3859021864,Dryophytes versicolor,-70.908928,44.17662,2022,6.575833320617676,1012.11328125,77.0,-14.555999755859375,1012.11328125,77.0,-14.555999755859375
3858972071,Anaxyrus americanus,-69.008514,44.362758,2022,6.885833263397217,950.2058715820312,83.0,-11.880000114440918,950.2058715820312,83.0,-11.880000114440918
3858959345,Lithobates pipiens,-68.531037,44.983934,2022,6.1536664962768555,1020.2416381835938,71.0,-14.455999374389648,1020.2416381835938,71.0,-14.455999374389648
3858938199,Dryophytes versicolor,-70.180376,43.913319,2022,7.204833030700684,960.4813842773438,81.0,-11.916000366210938,960.4813842773438,81.0,-11.916000366210938
3858907667,Anaxyrus americanus,-70.83763,44.490958,2022,5.41349983215332,1024.60498046875,66.0,-15.519999504089355,1024.60498046875,66.0,-15.519999504089355
3858904380,Anaxyrus americanus,-69.062847,44.229528,2022,6.89965295791626,935.4232177734375,83.0,-11.337499618530273,935.4232177734375,83.0,-11.337499618530273
3858879558,Dryophytes versicolor,-68.313775,46.00862,2022,4.4011664390563965,1096.6357421875,57.0,-18.09600067138672,1096.6357421875,57.0,-18.09600067138672
3858833730,Anaxyrus americanus,-69.897395,44.856455,2022,5.804500102996826,1048.1595458984375,65.0,-16.059999465942383,1048.1595458984375,65.0,-16.059999465942383
3858780666,Anaxyrus americanus,-70.67947,44.190188,2022,6.329666614532471,1006.8850708007812,78.0,-14.619999885559082,1006.8850708007812,78.0,-14.619999885559082
3858772450,Dryophytes versicolor,-68.931043,44.824758,2022,6.423500061035156,1016.4802856445312,72.0,-14.12399959564209,1016.4802856445312,72.0,-14.12399959564209
3858718586,Lithobates pipiens,-68.787288,44.897526,2022,6.487833023071289,1021.14892578125,68.0,-14.032000541687012,1021.14892578125,68.0,-14.032000541687012
3858714168,Dryophytes versicolor,-68.203912,44.387612,2022,,,,,,,
3858705119,Anaxyrus americanus,-68.857467,45.919953,2022,2.86299991607666,1079.739013671875,64.0,-18.31999969482422,1079.739013671875,64.0,-18.31999969482422
3858692704,Anaxyrus americanus,-69.062597,44.229322,2022,6.89965295791626,935.4232177734375,83.0,-11.337499618530273,935.4232177734375,83.0,-11.337499618530273
3858690948,Anaxyrus americanus,-67.098975,44.732138,2022,6.153273582458496,924.5128173828125,77.0,-12.214285850524902,924.5128173828125,77.0,-12.214285850524902
3858687172,Lithobates pipiens,-68.3348,46.879015,2022,3.1121666431427,1134.525146484375,55.0,-20.196001052856445,1134.525146484375,55.0,-20.196001052856445
3858685575,Anaxyrus americanus,-70.850992,43.469142,2022,7.2843337059021,967.35498046875,87.0,-12.552000045776367,967.35498046875,87.0,-12.552000045776367
3858684857,Anaxyrus americanus,-70.946454,44.590441,2022,3.9838333129882812,1029.8885498046875,69.0,-16.739999771118164,1029.8885498046875,69.0,-16.739999771118164
3858635533,Lithobates pipiens,-68.787982,44.897732,2022,6.487833023071289,1021.14892578125,68.0,-14.032000541687012,1021.14892578125,68.0,-14.032000541687012
3858633561,Dryophytes versicolor,-70.881875,43.430103,2022,7.400833606719971,961.3794555664062,86.0,-12.276000022888184,961.3794555664062,86.0,-12.276000022888184
3858611776,Dryophytes versicolor,-68.061543,44.339488,2022,6.8611979484558105,866.7794799804688,75.0,-10.793749809265137,866.7794799804688,75.0,-10.793749809265137
3858576596,Lithobates pipiens,-68.787357,44.897577,2022,6.487833023071289,1021.14892578125,68.0,-14.032000541687012,1021.14892578125,68.0,-14.032000541687012
3858567709,Anaxyrus americanus,-70.303534,44.770441,2022,4.959833145141602,1043.1600341796875,69.0,-16.40799903869629,1043.1600341796875,69.0,-16.40799903869629
3858559751,Dryophytes versicolor,-68.009829,44.414385,2022,6.825781345367432,913.0321044921875,74.0,-11.574999809265137,913.0321044921875,74.0,-11.574999809265137
3858548932,Anaxyrus americanus,-68.881779,46.067525,2022,3.0251667499542236,1105.56298828125,59.0,-19.176000595092773,1105.56298828125,59.0,-19.176000595092773
3858544881,Anaxyrus americanus,-68.570366,44.269165,2022,7.139484405517578,901.86083984375,75.0,-10.65238094329834,901.86083984375,75.0,-10.65238094329834
3858544538,Dryophytes versicolor,-68.963652,44.494881,2022,6.820000171661377,965.5169067382812,83.0,-12.531999588012695,965.5169067382812,83.0,-12.531999588012695
3858535698,Dryophytes versicolor,-68.993454,44.485928,2022,6.820000171661377,965.5169067382812,83.0,-12.531999588012695,965.5169067382812,83.0,-12.531999588012695
3858533737,Anaxyrus americanus,-69.287941,43.985291,2022,7.543750286102295,866.3265991210938,78.0,-9.193750381469727,866.3265991210938,78.0,-9.193750381469727
3858522490,Dryophytes versicolor,-68.931364,44.824754,2022,6.423500061035156,1016.4802856445312,72.0,-14.12399959564209,1016.4802856445312,72.0,-14.12399959564209
3858509443,Anaxyrus americanus,-70.837593,43.586455,2022,7.0368332862854,976.4541625976562,87.0,-13.272000312805176,976.4541625976562,87.0,-13.272000312805176
3858497942,Anaxyrus americanus,-68.006813,46.605042,2022,3.691499948501587,1117.73388671875,48.0,-18.299999237060547,1117.73388671875,48.0,-18.299999237060547
3858491477,Dryophytes versicolor,-68.931291,44.824695,2022,6.423500061035156,1016.4802856445312,72.0,-14.12399959564209,1016.4802856445312,72.0,-14.12399959564209
3858475447,Dryophytes versicolor,-68.931351,44.824787,2022,6.423500061035156,1016.4802856445312,72.0,-14.12399959564209,1016.4802856445312,72.0,-14.12399959564209
3858475381,Dryophytes versicolor,-68.931207,44.824665,2022,6.423500061035156,1016.4802856445312,72.0,-14.12399959564209,1016.4802856445312,72.0,-14.12399959564209
3858471243,Anaxyrus americanus,-70.30243,43.676045,2022,7.831333160400391,959.189208984375,81.0,-11.355999946594238,959.189208984375,81.0,-11.355999946594238
3858456497,Dryophytes versicolor,-68.931261,44.824678,2022,6.423500061035156,1016.4802856445312,72.0,-14.12399959564209,1016.4802856445312,72.0,-14.12399959564209
3858450485,Dryophytes versicolor,-68.931246,44.824665,2022,6.423500061035156,1016.4802856445312,72.0,-14.12399959564209,1016.4802856445312,72.0,-14.12399959564209
3858448772,Dryophytes versicolor,-69.858497,43.872758,2022,7.632465362548828,910.4086303710938,78.0,-10.191666603088379,910.4086303710938,78.0,-10.191666603088379
3858436360,Dryophytes versicolor,-68.931177,44.82465,2022,6.423500061035156,1016.4802856445312,72.0,-14.12399959564209,1016.4802856445312,72.0,-14.12399959564209
3858434447,Dryophytes versicolor,-68.931208,44.824664,2022,6.423500061035156,1016.4802856445312,72.0,-14.12399959564209,1016.4802856445312,72.0,-14.12399959564209
3858433507,Dryophytes versicolor,-68.931251,44.824799,2022,6.423500061035156,1016.4802856445312,72.0,-14.12399959564209,1016.4802856445312,72.0,-14.12399959564209
3858430504,Dryophytes versicolor,-68.930387,44.826488,2022,6.423500061035156,1016.4802856445312,72.0,-14.12399959564209,1016.4802856445312,72.0,-14.12399959564209
3858424422,Dryophytes versicolor,-68.93104,44.82466,2022,6.423500061035156,1016.4802856445312,72.0,-14.12399959564209,1016.4802856445312,72.0,-14.12399959564209
3858421469,Dryophytes versicolor,-68.93116,44.824796,2022,6.423500061035156,1016.4802856445312,72.0,-14.12399959564209,1016.4802856445312,72.0,-14.12399959564209
3858369487,Dryophytes versicolor,-68.931243,44.824824,2022,6.423500061035156,1016.4802856445312,72.0,-14.12399959564209,1016.4802856445312,72.0,-14.12399959564209
3858362515,Dryophytes versicolor,-68.931314,44.824685,2022,6.423500061035156,1016.4802856445312,72.0,-14.12399959564209,1016.4802856445312,72.0,-14.12399959564209
3858360467,Dryophytes versicolor,-68.93122,44.824659,2022,6.423500061035156,1016.4802856445312,72.0,-14.12399959564209,1016.4802856445312,72.0,-14.12399959564209
3858354772,Dryophytes versicolor,-70.053772,44.71836,2022,5.541666507720947,1036.8614501953125,73.0,-15.991999626159668,1036.8614501953125,73.0,-15.991999626159668
3858342518,Dryophytes versicolor,-68.931222,44.824801,2022,6.423500061035156,1016.4802856445312,72.0,-14.12399959564209,1016.4802856445312,72.0,-14.12399959564209
3858339398,Dryophytes versicolor,-68.93123,44.824674,2022,6.423500061035156,1016.4802856445312,72.0,-14.12399959564209,1016.4802856445312,72.0,-14.12399959564209
3858210786,Anaxyrus americanus,-70.599178,43.915897,2021,7.1623334884643555,958.4794311523438,83.0,-12.604000091552734,958.4794311523438,83.0,-12.604000091552734
3858187426,Anaxyrus americanus,-70.600548,43.915031,2019,7.1623334884643555,958.4794311523438,83.0,-12.604000091552734,958.4794311523438,83.0,-12.604000091552734
3858170133,Dryophytes versicolor,-70.920553,43.133936,2022,,,,,,,
3802823340,Dryophytes versicolor,-68.930812,44.82454,2022,6.423500061035156,1016.4802856445312,72.0,-14.12399959564209,1016.4802856445312,72.0,-14.12399959564209
3802811429,Anaxyrus americanus,-68.930555,44.825658,2022,6.423500061035156,1016.4802856445312,72.0,-14.12399959564209,1016.4802856445312,72.0,-14.12399959564209
3802809378,Dryophytes versicolor,-68.930403,44.826324,2022,6.423500061035156,1016.4802856445312,72.0,-14.12399959564209,1016.4802856445312,72.0,-14.12399959564209
3802792395,Dryophytes versicolor,-68.930362,44.826377,2022,6.423500061035156,1016.4802856445312,72.0,-14.12399959564209,1016.4802856445312,72.0,-14.12399959564209
3802761446,Anaxyrus americanus,-68.930354,44.826251,2022,6.423500061035156,1016.4802856445312,72.0,-14.12399959564209,1016.4802856445312,72.0,-14.12399959564209
3802748453,Dryophytes versicolor,-68.931256,44.821865,2022,6.423500061035156,1016.4802856445312,72.0,-14.12399959564209,1016.4802856445312,72.0,-14.12399959564209
3802738473,Dryophytes versicolor,-68.930812,44.82454,2022,6.423500061035156,1016.4802856445312,72.0,-14.12399959564209,1016.4802856445312,72.0,-14.12399959564209
3802696727,Anaxyrus americanus,-70.514275,43.402382,2022,7.984833240509033,922.3854370117188,82.0,-10.460000038146973,922.3854370117188,82.0,-10.460000038146973
3802664780,Dryophytes versicolor,-68.76772,45.642262,2022,5.05983304977417,1085.2147216796875,62.0,-16.692001342773438,1085.2147216796875,62.0,-16.692001342773438
3802642895,Anaxyrus americanus,-70.868938,44.049427,2022,6.543333530426025,1010.4114379882812,82.0,-14.636000633239746,1010.4114379882812,82.0,-14.636000633239746
3802615366,Dryophytes versicolor,-68.930314,44.826625,2022,6.423500061035156,1016.4802856445312,72.0,-14.12399959564209,1016.4802856445312,72.0,-14.12399959564209
3802603698,Anaxyrus americanus,-70.869442,44.0487,2022,6.543333530426025,1010.4114379882812,82.0,-14.636000633239746,1010.4114379882812,82.0,-14.636000633239746
3802596738,Dryophytes versicolor,-68.930517,44.825831,2022,6.423500061035156,1016.4802856445312,72.0,-14.12399959564209,1016.4802856445312,72.0,-14.12399959564209
3802591891,Dryophytes versicolor,-68.930502,44.828425,2022,6.423500061035156,1016.4802856445312,72.0,-14.12399959564209,1016.4802856445312,72.0,-14.12399959564209
3802585178,Dryophytes versicolor,-68.930876,44.824285,2022,6.423500061035156,1016.4802856445312,72.0,-14.12399959564209,1016.4802856445312,72.0,-14.12399959564209
3802585174,Dryophytes versicolor,-68.930994,44.823711,2022,6.423500061035156,1016.4802856445312,72.0,-14.12399959564209,1016.4802856445312,72.0,-14.12399959564209
3802553371,Dryophytes versicolor,-68.931067,44.823287,2022,6.423500061035156,1016.4802856445312,72.0,-14.12399959564209,1016.4802856445312,72.0,-14.12399959564209
3802506445,Dryophytes versicolor,-68.93051,44.825791,2022,6.423500061035156,1016.4802856445312,72.0,-14.12399959564209,1016.4802856445312,72.0,-14.12399959564209
3802506440,Dryophytes versicolor,-68.930501,44.825836,2022,6.423500061035156,1016.4802856445312,72.0,-14.12399959564209,1016.4802856445312,72.0,-14.12399959564209
3802490480,Dryophytes versicolor,-68.929865,44.828572,2022,6.423500061035156,1016.4802856445312,72.0,-14.12399959564209,1016.4802856445312,72.0,-14.12399959564209
3802386860,Dryophytes versicolor,-68.684867,45.861325,2022,4.399666786193848,1091.239990234375,60.0,-17.488000869750977,1091.239990234375,60.0,-17.488000869750977
3802367678,Anaxyrus americanus,-68.973472,45.780717,2022,4.67716646194458,1088.1475830078125,55.0,-17.215999603271484,1088.1475830078125,55.0,-17.215999603271484
3802362692,Anaxyrus americanus,-69.653795,44.559228,2022,6.94350004196167,1025.3370361328125,66.0,-13.927999496459961,1025.3370361328125,66.0,-13.927999496459961
3802329164,Dryophytes versicolor,-68.930534,44.825876,2022,6.423500061035156,1016.4802856445312,72.0,-14.12399959564209,1016.4802856445312,72.0,-14.12399959564209
3802314670,Anaxyrus americanus,-68.414047,44.671312,2022,6.70283317565918,996.3406372070312,79.0,-13.415999412536621,996.3406372070312,79.0,-13.415999412536621
3802301828,Anaxyrus americanus,-70.374246,45.045784,2022,3.052166700363159,1047.99951171875,76.0,-17.72800064086914,1047.99951171875,76.0,-17.72800064086914
3785172532,Anaxyrus americanus,-70.86657,44.230033,2022,6.290499687194824,1008.4392700195312,77.0,-14.760000228881836,1008.4392700195312,77.0,-14.760000228881836
3785154319,Dryophytes versicolor,-70.859663,44.566806,2022,5.023333549499512,1025.68505859375,64.0,-15.96399974822998,1025.68505859375,64.0,-15.96399974822998
3785105812,Dryophytes versicolor,-69.040117,44.408908,2017,7.017666816711426,955.3396606445312,82.0,-11.9399995803833,955.3396606445312,82.0,-11.9399995803833
3784971497,Anaxyrus americanus,-69.112397,44.271065,2022,7.117166519165039,948.5928344726562,82.0,-11.54800033569336,948.5928344726562,82.0,-11.54800033569336
3784929681,Dryophytes versicolor,-70.855831,44.564791,2022,5.023333549499512,1025.68505859375,64.0,-15.96399974822998,1025.68505859375,64.0,-15.96399974822998
3784775808,Anaxyrus americanus,-68.34996,44.30027,2022,6.921166896820068,925.7542724609375,76.0,-11.420000076293945,925.7542724609375,76.0,-11.420000076293945
3784775040,Anaxyrus americanus,-69.060551,44.082874,2022,,,,,,,
3784732030,Anaxyrus americanus,-70.215283,43.877727,2022,7.198333263397217,965.715087890625,81.0,-12.124000549316406,965.715087890625,81.0,-12.124000549316406
3784722100,Anaxyrus americanus,-67.100972,44.730959,2022,6.153273582458496,924.5128173828125,77.0,-12.214285850524902,924.5128173828125,77.0,-12.214285850524902
3784718560,Dryophytes versicolor,-68.467699,45.85089,2022,4.785666465759277,1090.701416015625,61.0,-17.243999481201172,1090.701416015625,61.0,-17.243999481201172
3784703586,Dryophytes versicolor,-68.575539,45.772063,2022,5.123500347137451,1083.6949462890625,60.0,-16.812000274658203,1083.6949462890625,60.0,-16.812000274658203
3784673869,Anaxyrus americanus,-70.506702,43.345242,2022,8.057539939880371,912.259765625,81.0,-10.09523868560791,912.259765625,81.0,-10.09523868560791
3784656975,Dryophytes versicolor,-68.930802,44.82461,2022,6.423500061035156,1016.4802856445312,72.0,-14.12399959564209,1016.4802856445312,72.0,-14.12399959564209
3784648897,Dryophytes versicolor,-68.930905,44.82413,2022,6.423500061035156,1016.4802856445312,72.0,-14.12399959564209,1016.4802856445312,72.0,-14.12399959564209
3784643954,Anaxyrus americanus,-70.622879,43.919819,2022,6.918499946594238,980.228759765625,83.0,-13.456000328063965,980.228759765625,83.0,-13.456000328063965
3773728932,Anaxyrus americanus,-69.647722,44.560268,2022,6.94350004196167,1025.3370361328125,66.0,-13.927999496459961,1025.3370361328125,66.0,-13.927999496459961
3773485158,Dryophytes versicolor,-66.983422,44.862247,2021,,,,,,,
3773475939,Anaxyrus americanus,-70.857432,44.566604,2022,5.023333549499512,1025.68505859375,64.0,-15.96399974822998,1025.68505859375,64.0,-15.96399974822998
3773460784,Dryophytes versicolor,-70.307136,44.132589,2022,6.6498332023620605,996.42724609375,79.0,-13.444000244140625,996.42724609375,79.0,-13.444000244140625
3773433826,Anaxyrus americanus,-70.057122,43.839038,2022,7.436166763305664,938.69384765625,80.0,-11.100000381469727,938.69384765625,80.0,-11.100000381469727
3773430181,Dryophytes versicolor,-69.611333,44.56814,2022,7.013000011444092,1027.0211181640625,66.0,-13.904000282287598,1027.0211181640625,66.0,-13.904000282287598
3773315899,Dryophytes versicolor,-70.618021,43.986292,2022,6.833666801452637,996.0924682617188,83.0,-13.979999542236328,996.0924682617188,83.0,-13.979999542236328
3773062802,Anaxyrus americanus,-70.350273,43.785431,2022,7.260000228881836,961.2611694335938,82.0,-12.208000183105469,961.2611694335938,82.0,-12.208000183105469
3773061784,Anaxyrus americanus,-70.052978,43.836195,2022,7.436166763305664,938.69384765625,80.0,-11.100000381469727,938.69384765625,80.0,-11.100000381469727
3773025202,Dryophytes versicolor,-68.790463,44.72021,2022,6.747833251953125,1006.8766479492188,75.0,-13.479999542236328,1006.8766479492188,75.0,-13.479999542236328
3772958773,Dryophytes versicolor,-69.569201,44.166092,2022,7.2143330574035645,960.4230346679688,78.0,-11.62399959564209,960.4230346679688,78.0,-11.62399959564209
3772774896,Anaxyrus americanus,-69.923209,44.566524,2017,5.98799991607666,1018.5953979492188,74.0,-14.82800006866455,1018.5953979492188,74.0,-14.82800006866455
3772756556,Lithobates pipiens,-68.754479,44.888362,2022,6.487833023071289,1021.14892578125,68.0,-14.032000541687012,1021.14892578125,68.0,-14.032000541687012
3772736194,Anaxyrus americanus,-69.779142,43.882588,2022,7.740350723266602,915.927490234375,77.0,-10.0,915.927490234375,77.0,-10.0
3772648195,Dryophytes versicolor,-69.974112,43.895065,2022,7.499833106994629,951.3106079101562,79.0,-11.196000099182129,951.3106079101562,79.0,-11.196000099182129
3764496256,Lithobates pipiens,-68.931284,44.82161,2022,6.423500061035156,1016.4802856445312,72.0,-14.12399959564209,1016.4802856445312,72.0,-14.12399959564209
3764390230,Lithobates pipiens,-68.931062,44.823297,2022,6.423500061035156,1016.4802856445312,72.0,-14.12399959564209,1016.4802856445312,72.0,-14.12399959564209
3764380477,Lithobates pipiens,-68.930911,44.824159,2022,6.423500061035156,1016.4802856445312,72.0,-14.12399959564209,1016.4802856445312,72.0,-14.12399959564209
3764376053,Anaxyrus americanus,-70.303528,43.75333,2022,7.285333156585693,957.3309936523438,82.0,-12.027999877929688,957.3309936523438,82.0,-12.027999877929688
3764222136,Lithobates pipiens,-68.930882,44.824458,2022,6.423500061035156,1016.4802856445312,72.0,-14.12399959564209,1016.4802856445312,72.0,-14.12399959564209
3764125099,Anaxyrus americanus,-70.146539,44.666612,2022,5.921999931335449,1037.581298828125,73.0,-15.687999725341797,1037.581298828125,73.0,-15.687999725341797
3764098140,Anaxyrus americanus,-68.931285,44.821451,2022,6.423500061035156,1016.4802856445312,72.0,-14.12399959564209,1016.4802856445312,72.0,-14.12399959564209
3760310450,Anaxyrus americanus,-67.001509,44.85282,2021,6.387744903564453,877.0745849609375,77.0,-11.24117660522461,877.0745849609375,77.0,-11.24117660522461
3760257515,Anaxyrus americanus,-68.924118,45.788929,2016,4.784333229064941,1088.001220703125,56.0,-17.11600112915039,1088.001220703125,56.0,-17.11600112915039
3760225658,Anaxyrus americanus,-68.930414,44.825974,2022,6.423500061035156,1016.4802856445312,72.0,-14.12399959564209,1016.4802856445312,72.0,-14.12399959564209
3760213498,Lithobates pipiens,-68.817909,44.926297,2022,6.328499794006348,1025.414794921875,68.0,-14.34000015258789,1025.414794921875,68.0,-14.34000015258789
3760137504,Lithobates pipiens,-69.329214,44.669135,2022,6.443833351135254,1014.2817993164062,71.0,-14.263999938964844,1014.2817993164062,71.0,-14.263999938964844
3759725505,Lithobates pipiens,-69.429231,44.693091,2022,6.453666687011719,1014.5272216796875,68.0,-14.312000274658203,1014.5272216796875,68.0,-14.312000274658203
3759717995,Lithobates pipiens,-68.757053,44.888277,2022,6.487833023071289,1021.14892578125,68.0,-14.032000541687012,1021.14892578125,68.0,-14.032000541687012
3759602710,Anaxyrus americanus,-70.251617,44.149731,2021,6.869166851043701,995.7728271484375,77.0,-13.140000343322754,995.7728271484375,77.0,-13.140000343322754
3759540318,Dryophytes versicolor,-69.331812,44.602445,2017,6.544333457946777,1005.1400756835938,73.0,-13.779999732971191,1005.1400756835938,73.0,-13.779999732971191
3759507582,Dryophytes versicolor,-70.708497,44.053664,2017,6.552000045776367,1006.482177734375,81.0,-14.652000427246094,1006.482177734375,81.0,-14.652000427246094
3759405702,Lithobates pipiens,-68.738289,44.867188,2021,6.577000141143799,1016.5341796875,70.0,-13.859999656677246,1016.5341796875,70.0,-13.859999656677246
3759383284,Anaxyrus americanus,-69.621376,43.979197,2022,7.512666702270508,921.2686157226562,78.0,-10.407999992370605,921.2686157226562,78.0,-10.407999992370605
3759327035,Anaxyrus americanus,-68.931021,44.823078,2022,6.423500061035156,1016.4802856445312,72.0,-14.12399959564209,1016.4802856445312,72.0,-14.12399959564209
3759295003,Lithobates pipiens,-68.760238,44.886607,2022,6.487833023071289,1021.14892578125,68.0,-14.032000541687012,1021.14892578125,68.0,-14.032000541687012
3759088332,Dryophytes versicolor,-70.016067,44.337728,2018,6.632166862487793,1014.8817749023438,73.0,-13.779999732971191,1014.8817749023438,73.0,-13.779999732971191
3743198489,Anaxyrus americanus,-70.720978,43.802967,2021,6.821166515350342,987.3643188476562,84.0,-14.031999588012695,987.3643188476562,84.0,-14.031999588012695
3743067482,Anaxyrus americanus,-69.920853,43.934936,2020,7.578666687011719,964.7484130859375,79.0,-11.359999656677246,964.7484130859375,79.0,-11.359999656677246
3712521610,Anaxyrus americanus,-70.255036,45.330808,2018,3.9089999198913574,1072.092529296875,59.0,-17.672000885009766,1072.092529296875,59.0,-17.672000885009766
3712473956,Anaxyrus americanus,-69.920636,43.935094,2020,7.578666687011719,964.7484130859375,79.0,-11.359999656677246,964.7484130859375,79.0,-11.359999656677246
3712453149,Anaxyrus americanus,-70.002028,43.870446,2020,,,,,,,
3705784492,Lithobates pipiens,-68.764104,44.82667,2021,7.00333309173584,1028.0465087890625,72.0,-13.616000175476074,1028.0465087890625,72.0,-13.616000175476074
3705772367,Lithobates pipiens,-68.81107,44.929316,2021,6.328499794006348,1025.414794921875,68.0,-14.34000015258789,1025.414794921875,68.0,-14.34000015258789
3705761533,Anaxyrus americanus,-68.930473,44.826039,2021,6.423500061035156,1016.4802856445312,72.0,-14.12399959564209,1016.4802856445312,72.0,-14.12399959564209
3705733357,Dryophytes versicolor,-69.461942,44.17304,2020,7.314499855041504,965.78955078125,77.0,-11.720000267028809,965.78955078125,77.0,-11.720000267028809
3705718395,Anaxyrus americanus,-69.822211,43.819967,2021,7.709868431091309,900.6714477539062,77.0,-9.77368450164795,900.6714477539062,77.0,-9.77368450164795
3705686542,Dryophytes versicolor,-68.930422,44.826085,2021,6.423500061035156,1016.4802856445312,72.0,-14.12399959564209,1016.4802856445312,72.0,-14.12399959564209
3705671357,Lithobates pipiens,-68.8114,44.929284,2020,6.328499794006348,1025.414794921875,68.0,-14.34000015258789,1025.414794921875,68.0,-14.34000015258789
3705515332,Anaxyrus americanus,-70.669082,43.442221,2020,7.795666694641113,955.4168090820312,85.0,-11.592000007629395,955.4168090820312,85.0,-11.592000007629395
3705492359,Lithobates pipiens,-68.808137,44.929799,2020,6.328499794006348,1025.414794921875,68.0,-14.34000015258789,1025.414794921875,68.0,-14.34000015258789
3705477546,Lithobates pipiens,-68.931134,44.822538,2021,6.423500061035156,1016.4802856445312,72.0,-14.12399959564209,1016.4802856445312,72.0,-14.12399959564209
3705473347,Lithobates pipiens,-68.818016,44.926219,2021,6.328499794006348,1025.414794921875,68.0,-14.34000015258789,1025.414794921875,68.0,-14.34000015258789
3705413601,Lithobates pipiens,-68.931166,44.823124,2021,6.423500061035156,1016.4802856445312,72.0,-14.12399959564209,1016.4802856445312,72.0,-14.12399959564209
3705386492,Dryophytes versicolor,-68.930853,44.824469,2021,6.423500061035156,1016.4802856445312,72.0,-14.12399959564209,1016.4802856445312,72.0,-14.12399959564209
3705383567,Lithobates pipiens,-68.931362,44.821282,2021,6.423500061035156,1016.4802856445312,72.0,-14.12399959564209,1016.4802856445312,72.0,-14.12399959564209
3698382887,Dryophytes versicolor,-70.011684,43.766096,2021,,,,,,,
3698378446,Anaxyrus americanus,-70.619949,44.015471,2021,6.680500030517578,1000.630615234375,82.0,-14.227999687194824,1000.630615234375,82.0,-14.227999687194824
3698323367,Anaxyrus americanus,-69.266877,44.376825,2021,6.793166637420654,971.46826171875,80.0,-12.539999961853027,971.46826171875,80.0,-12.539999961853027
3698257888,Anaxyrus americanus,-70.032244,43.856159,2021,,,,,,,
3698206817,Dryophytes versicolor,-70.009256,43.769692,2021,,,,,,,
3698187241,Dryophytes versicolor,-70.009691,43.769318,2021,,,,,,,
3698116393,Anaxyrus americanus,-70.454925,45.192828,2021,4.184166431427002,1077.7916259765625,59.0,-17.531999588012695,1077.7916259765625,59.0,-17.531999588012695
3698097166,Dryophytes versicolor,-70.012003,43.765444,2021,,,,,,,
3499548570,Anaxyrus americanus,-69.055047,46.363636,2021,3.071666717529297,1125.005615234375,54.0,-19.736000061035156,1125.005615234375,54.0,-19.736000061035156
3499364167,Anaxyrus americanus,-69.362038,44.107795,2020,7.170000076293945,941.9762573242188,80.0,-11.0600004196167,941.9762573242188,80.0,-11.0600004196167
3468885168,Anaxyrus americanus,-69.543578,45.756283,2021,3.5383334159851074,1105.9364013671875,57.0,-18.583999633789062,1105.9364013671875,57.0,-18.583999633789062
3468815883,Anaxyrus americanus,-69.435592,45.785531,2021,2.993499994277954,1095.9791259765625,64.0,-18.748001098632812,1095.9791259765625,64.0,-18.748001098632812
3468789539,Anaxyrus americanus,-68.347771,44.29975,2021,6.921166896820068,925.7542724609375,76.0,-11.420000076293945,925.7542724609375,76.0,-11.420000076293945
3466496356,Dryophytes versicolor,-70.012031,43.765484,2021,,,,,,,
3466441127,Dryophytes versicolor,-68.68082,44.874447,2017,6.613666534423828,1014.6782836914062,69.0,-13.739999771118164,1014.6782836914062,69.0,-13.739999771118164
3466398140,Dryophytes versicolor,-70.012054,43.765467,2021,,,,,,,
3466028007,Dryophytes versicolor,-70.316992,43.919244,2012,7.020500183105469,978.892822265625,82.0,-12.704000473022461,978.892822265625,82.0,-12.704000473022461
3465966226,Anaxyrus americanus,-69.886812,43.934563,2021,7.6147918701171875,956.69775390625,78.0,-11.114999771118164,956.69775390625,78.0,-11.114999771118164
3465927022,Dryophytes versicolor,-70.008575,43.770663,2021,,,,,,,
3457098699,Anaxyrus americanus,-68.75875,46.065962,2020,4.246833324432373,1099.52978515625,54.0,-18.18400001525879,1099.52978515625,54.0,-18.18400001525879
3456839559,Anaxyrus americanus,-69.561508,45.573475,2020,3.9783334732055664,1083.577392578125,59.0,-17.895999908447266,1083.577392578125,59.0,-17.895999908447266
3456645088,Lithobates pipiens,-68.581788,46.032622,2020,4.04283332824707,1101.777587890625,58.0,-18.392000198364258,1101.777587890625,58.0,-18.392000198364258
3456588684,Anaxyrus americanus,-69.319388,43.993453,2021,,,,,,,
3456515545,Dryophytes versicolor,-70.42874,43.462596,2012,7.889999866485596,928.1427001953125,81.0,-10.684000015258789,928.1427001953125,81.0,-10.684000015258789
3456442426,Dryophytes versicolor,-69.904634,44.192517,2021,7.076000213623047,994.4284057617188,75.0,-12.663999557495117,994.4284057617188,75.0,-12.663999557495117
3456372485,Anaxyrus americanus,-68.612362,46.106186,2020,3.8543334007263184,1111.10107421875,56.0,-18.788000106811523,1111.10107421875,56.0,-18.788000106811523
3456298943,Dryophytes versicolor,-70.464277,43.984333,2014,6.802999973297119,990.3799438476562,85.0,-13.628000259399414,990.3799438476562,85.0,-13.628000259399414
3456257777,Anaxyrus americanus,-70.174572,43.899475,2010,7.204833030700684,960.4813842773438,81.0,-11.916000366210938,960.4813842773438,81.0,-11.916000366210938
3455935051,Anaxyrus americanus,-69.470451,43.900555,2021,7.535745620727539,883.2525634765625,78.0,-9.421052932739258,883.2525634765625,78.0,-9.421052932739258
3455862402,Anaxyrus americanus,-70.969139,44.241498,2021,6.218166828155518,1003.9236450195312,76.0,-14.64799976348877,1003.9236450195312,76.0,-14.64799976348877
3455758074,Dryophytes versicolor,-70.708892,44.052644,2014,6.552000045776367,1006.482177734375,81.0,-14.652000427246094,1006.482177734375,81.0,-14.652000427246094
3455692651,Anaxyrus americanus,-68.466415,46.058948,2020,3.9056665897369385,1099.3494873046875,57.0,-18.56800079345703,1099.3494873046875,57.0,-18.56800079345703
3455410106,Dryophytes versicolor,-70.442829,43.500855,2021,7.809833526611328,939.0907592773438,82.0,-11.027999877929688,939.0907592773438,82.0,-11.027999877929688
3455375653,Dryophytes versicolor,-69.765671,44.299965,2020,7.302666664123535,1013.077880859375,71.0,-12.927999496459961,1013.077880859375,71.0,-12.927999496459961
3455359379,Anaxyrus americanus,-68.439346,46.14461,2020,3.6041667461395264,1119.262939453125,57.0,-19.027999877929688,1119.262939453125,57.0,-19.027999877929688
3421142323,Lithobates pipiens,-67.809397,46.383696,2021,4.116333484649658,1107.8948974609375,56.0,-17.739999771118164,1107.8948974609375,56.0,-17.739999771118164
3416164489,Anaxyrus americanus,-68.891355,45.921408,2021,1.9283332824707031,1081.6168212890625,72.0,-19.04400062561035,1081.6168212890625,72.0,-19.04400062561035
3415674522,Anaxyrus americanus,-68.91447,45.963217,2021,2.9559998512268066,1089.227294921875,61.0,-18.56800079345703,1089.227294921875,61.0,-18.56800079345703
3415512499,Lithobates pipiens,-68.721176,44.90468,2021,6.447999954223633,1016.3721923828125,68.0,-13.955999374389648,1016.3721923828125,68.0,-13.955999374389648
3398948369,Lithobates pipiens,-69.326112,44.620625,2018,6.544333457946777,1005.1400756835938,73.0,-13.779999732971191,1005.1400756835938,73.0,-13.779999732971191
3398669393,Anaxyrus americanus,-69.641117,44.569545,2019,6.94350004196167,1025.3370361328125,66.0,-13.927999496459961,1025.3370361328125,66.0,-13.927999496459961
3391708652,Lithobates pipiens,-68.215779,45.237935,2021,5.711666584014893,1044.6785888671875,75.0,-15.555999755859375,1044.6785888671875,75.0,-15.555999755859375
3391693627,Lithobates pipiens,-68.812326,44.929075,2021,6.328499794006348,1025.414794921875,68.0,-14.34000015258789,1025.414794921875,68.0,-14.34000015258789
3391663114,Anaxyrus americanus,-68.969742,45.902092,2021,2.928333282470703,1083.318603515625,63.0,-18.59200096130371,1083.318603515625,63.0,-18.59200096130371
3391429142,Lithobates pipiens,-68.810408,44.929365,2021,6.328499794006348,1025.414794921875,68.0,-14.34000015258789,1025.414794921875,68.0,-14.34000015258789
3391415144,Anaxyrus americanus,-69.093345,44.236461,2021,7.1670002937316895,940.2926635742188,81.0,-11.227999687194824,940.2926635742188,81.0,-11.227999687194824
3391343586,Anaxyrus americanus,-68.552978,45.344272,2021,5.741499900817871,1057.4661865234375,69.0,-15.640000343322754,1057.4661865234375,69.0,-15.640000343322754
3391292089,Anaxyrus americanus,-68.959185,45.909524,2021,2.928333282470703,1083.318603515625,63.0,-18.59200096130371,1083.318603515625,63.0,-18.59200096130371
3385200724,Anaxyrus americanus,-69.643416,45.491371,2021,3.809000015258789,1080.401123046875,63.0,-17.91200065612793,1080.401123046875,63.0,-17.91200065612793
3385147609,Dryophytes versicolor,-70.9384,43.753862,2021,6.821333408355713,991.096435546875,86.0,-14.03600025177002,991.096435546875,86.0,-14.03600025177002
3385092592,Anaxyrus americanus,-70.558385,43.388646,2021,7.988166809082031,931.4705200195312,82.0,-10.723999977111816,931.4705200195312,82.0,-10.723999977111816
3384966064,Anaxyrus americanus,-69.027508,45.909884,2021,3.693333387374878,1090.853271484375,55.0,-18.148000717163086,1090.853271484375,55.0,-18.148000717163086
3384923335,Anaxyrus americanus,-70.167236,44.671383,2021,5.715000152587891,1033.5318603515625,72.0,-15.868000030517578,1033.5318603515625,72.0,-15.868000030517578
3384866696,Dryophytes versicolor,-68.790038,45.093097,2021,5.994999885559082,1037.5826416015625,68.0,-15.084000587463379,1037.5826416015625,68.0,-15.084000587463379
3384846106,Anaxyrus americanus,-67.022225,44.854129,2021,6.387744903564453,877.0745849609375,77.0,-11.24117660522461,877.0745849609375,77.0,-11.24117660522461
3384837785,Dryophytes versicolor,-70.684358,43.216473,2021,8.121500015258789,918.7810668945312,84.0,-10.079999923706055,918.7810668945312,84.0,-10.079999923706055
3384780318,Anaxyrus americanus,-70.005809,43.869633,2021,,,,,,,
3384770643,Anaxyrus americanus,-68.95909,46.035231,2021,2.695833206176758,1104.2618408203125,61.0,-19.3439998626709,1104.2618408203125,61.0,-19.3439998626709
3384753675,Lithobates pipiens,-68.789863,45.0929,2021,5.994999885559082,1037.5826416015625,68.0,-15.084000587463379,1037.5826416015625,68.0,-15.084000587463379
3384743788,Anaxyrus americanus,-69.767731,45.51791,2021,3.698833465576172,1087.7716064453125,60.0,-18.139999389648438,1087.7716064453125,60.0,-18.139999389648438
3384733537,Lithobates pipiens,-68.76567,44.822513,2021,7.00333309173584,1028.0465087890625,72.0,-13.616000175476074,1028.0465087890625,72.0,-13.616000175476074
3384718730,Anaxyrus americanus,-69.573448,44.148872,2021,7.2143330574035645,960.4230346679688,78.0,-11.62399959564209,960.4230346679688,78.0,-11.62399959564209
3384693470,Lithobates pipiens,-69.66188,44.586963,2021,6.686666488647461,1026.7275390625,65.0,-14.251999855041504,1026.7275390625,65.0,-14.251999855041504
3384685731,Anaxyrus americanus,-69.655849,44.58261,2021,6.94350004196167,1025.3370361328125,66.0,-13.927999496459961,1025.3370361328125,66.0,-13.927999496459961
3384672569,Anaxyrus americanus,-69.834885,45.296345,2021,3.99483323097229,1083.608154296875,62.0,-17.892000198364258,1083.608154296875,62.0,-17.892000198364258
3384563565,Lithobates pipiens,-68.810833,44.929341,2021,6.328499794006348,1025.414794921875,68.0,-14.34000015258789,1025.414794921875,68.0,-14.34000015258789
3384478752,Lithobates pipiens,-67.777393,44.979443,2021,5.925000190734863,1004.5014038085938,82.0,-14.82800006866455,1004.5014038085938,82.0,-14.82800006866455
3384454954,Anaxyrus americanus,-69.114848,44.258028,2021,7.117166519165039,948.5928344726562,82.0,-11.54800033569336,948.5928344726562,82.0,-11.54800033569336
3384454374,Dryophytes versicolor,-69.748825,44.708512,2021,6.093500137329102,1036.076171875,67.0,-15.180000305175781,1036.076171875,67.0,-15.180000305175781
3384449479,Lithobates pipiens,-68.765738,44.822487,2021,7.00333309173584,1028.0465087890625,72.0,-13.616000175476074,1028.0465087890625,72.0,-13.616000175476074
3384434678,Dryophytes versicolor,-69.751962,44.709595,2021,6.176666736602783,1035.70263671875,66.0,-15.168000221252441,1035.70263671875,66.0,-15.168000221252441
3384432376,Anaxyrus americanus,-68.553003,45.344212,2021,5.741499900817871,1057.4661865234375,69.0,-15.640000343322754,1057.4661865234375,69.0,-15.640000343322754
3384393840,Anaxyrus americanus,-70.840303,44.744592,2021,3.9100000858306885,1051.127685546875,64.0,-17.375999450683594,1051.127685546875,64.0,-17.375999450683594
3384382848,Anaxyrus americanus,-70.347266,44.80501,2021,5.304500102996826,1045.8538818359375,65.0,-16.284000396728516,1045.8538818359375,65.0,-16.284000396728516
3384156829,Anaxyrus americanus,-69.890051,43.933893,2021,7.6147918701171875,956.69775390625,78.0,-11.114999771118164,956.69775390625,78.0,-11.114999771118164
3384034951,Anaxyrus americanus,-70.183382,44.255721,2021,6.728166580200195,1010.7495727539062,74.0,-13.640000343322754,1010.7495727539062,74.0,-13.640000343322754
3384011503,Dryophytes versicolor,-68.206703,44.389122,2021,,,,,,,
3355824347,Lithobates pipiens,-67.126286,44.71234,2021,6.146833419799805,933.43359375,77.0,-12.472000122070312,933.43359375,77.0,-12.472000122070312
3355680620,Dryophytes versicolor,-69.461333,44.130714,2021,7.399166584014893,961.317626953125,78.0,-11.4399995803833,961.317626953125,78.0,-11.4399995803833
3355659121,Dryophytes versicolor,-70.303802,44.770446,2021,4.959833145141602,1043.1600341796875,69.0,-16.40799903869629,1043.1600341796875,69.0,-16.40799903869629
3355643341,Anaxyrus americanus,-68.749204,44.820336,2021,6.86566686630249,1019.4971923828125,71.0,-13.619999885559082,1019.4971923828125,71.0,-13.619999885559082
3355641500,Anaxyrus americanus,-70.027514,43.858949,2021,,,,,,,
3355551418,Anaxyrus americanus,-69.454125,43.931241,2021,7.5550923347473145,898.7481689453125,77.0,-9.655555725097656,898.7481689453125,77.0,-9.655555725097656
3355501749,Lithobates pipiens,-68.71447,44.89843,2021,6.447999954223633,1016.3721923828125,68.0,-13.955999374389648,1016.3721923828125,68.0,-13.955999374389648
3355488162,Dryophytes versicolor,-69.809426,44.0913,2021,7.201000213623047,980.1121215820312,77.0,-12.168000221252441,980.1121215820312,77.0,-12.168000221252441
3355488159,Anaxyrus americanus,-69.715858,44.421102,2021,6.795000076293945,1010.0228271484375,67.0,-13.552000045776367,1010.0228271484375,67.0,-13.552000045776367
3355453122,Anaxyrus americanus,-69.803774,44.082287,2021,7.3488335609436035,973.212890625,78.0,-11.831999778747559,973.212890625,78.0,-11.831999778747559
3355430482,Dryophytes versicolor,-70.478127,43.357062,2021,8.032675743103027,906.893310546875,80.0,-9.942105293273926,906.893310546875,80.0,-9.942105293273926
3355406806,Lithobates pipiens,-68.567643,44.808535,2021,6.529333114624023,1011.2703857421875,74.0,-13.795999526977539,1011.2703857421875,74.0,-13.795999526977539
3355327620,Anaxyrus americanus,-67.099112,44.732112,2021,6.153273582458496,924.5128173828125,77.0,-12.214285850524902,924.5128173828125,77.0,-12.214285850524902
3355317417,Anaxyrus americanus,-70.028127,43.859516,2021,,,,,,,
3355309477,Anaxyrus americanus,-69.820602,43.910635,2021,,,,,,,
3355203489,Anaxyrus americanus,-69.954494,43.83207,2021,7.696666717529297,895.9265747070312,77.0,-9.866666793823242,895.9265747070312,77.0,-9.866666793823242
3355200243,Anaxyrus americanus,-69.134998,44.51402,2021,6.466000080108643,981.6826171875,81.0,-13.204000473022461,981.6826171875,81.0,-13.204000473022461
3355199960,Anaxyrus americanus,-69.66198,44.562655,2021,6.94350004196167,1025.3370361328125,66.0,-13.927999496459961,1025.3370361328125,66.0,-13.927999496459961
3355186093,Dryophytes versicolor,-69.81152,44.073949,2021,7.3488335609436035,973.212890625,78.0,-11.831999778747559,973.212890625,78.0,-11.831999778747559
3355149490,Anaxyrus americanus,-69.114848,44.258028,2021,7.117166519165039,948.5928344726562,82.0,-11.54800033569336,948.5928344726562,82.0,-11.54800033569336
3355110155,Dryophytes versicolor,-69.809655,44.078898,2021,7.3488335609436035,973.212890625,78.0,-11.831999778747559,973.212890625,78.0,-11.831999778747559
3355108940,Anaxyrus americanus,-70.860339,43.358689,2021,7.757333278656006,953.2755126953125,85.0,-11.592000007629395,953.2755126953125,85.0,-11.592000007629395
3355107218,Anaxyrus americanus,-69.809307,44.079132,2021,7.3488335609436035,973.212890625,78.0,-11.831999778747559,973.212890625,78.0,-11.831999778747559
3355043117,Dryophytes versicolor,-69.809469,44.091168,2021,7.201000213623047,980.1121215820312,77.0,-12.168000221252441,980.1121215820312,77.0,-12.168000221252441
3355014920,Dryophytes versicolor,-70.5756,43.637058,2021,7.243833541870117,966.8086547851562,83.0,-12.748000144958496,966.8086547851562,83.0,-12.748000144958496
3354990083,Anaxyrus americanus,-68.895445,46.962953,2021,2.3376667499542236,1139.2060546875,59.0,-20.644001007080078,1139.2060546875,59.0,-20.644001007080078
3344139363,Anaxyrus americanus,-70.752016,43.39426,2021,7.711166858673096,952.84716796875,85.0,-11.616000175476074,952.84716796875,85.0,-11.616000175476074
3344131934,Anaxyrus americanus,-70.752238,43.394647,2021,7.711166858673096,952.84716796875,85.0,-11.616000175476074,952.84716796875,85.0,-11.616000175476074
3344131550,Anaxyrus americanus,-69.900972,44.316598,2021,6.9618330001831055,1008.0593872070312,71.0,-13.279999732971191,1008.0593872070312,71.0,-13.279999732971191
3344110406,Dryophytes versicolor,-69.395037,44.45195,2021,6.376500129699707,987.0676879882812,78.0,-13.303999900817871,987.0676879882812,78.0,-13.303999900817871
3344105656,Dryophytes versicolor,-69.804964,44.088655,2021,7.201000213623047,980.1121215820312,77.0,-12.168000221252441,980.1121215820312,77.0,-12.168000221252441
3344101452,Dryophytes versicolor,-68.790008,45.093033,2021,5.994999885559082,1037.5826416015625,68.0,-15.084000587463379,1037.5826416015625,68.0,-15.084000587463379
3344098319,Anaxyrus americanus,-70.972599,44.261587,2021,5.476166725158691,1000.5040893554688,80.0,-15.03600025177002,1000.5040893554688,80.0,-15.03600025177002
3344086712,Anaxyrus americanus,-69.935524,43.957074,2021,7.578666687011719,964.7484130859375,79.0,-11.359999656677246,964.7484130859375,79.0,-11.359999656677246
3344067303,Anaxyrus americanus,-68.39985,44.307338,2021,7.01649284362793,903.1987915039062,76.0,-11.041666984558105,903.1987915039062,76.0,-11.041666984558105
3344066695,Anaxyrus americanus,-69.570887,44.243476,2021,7.145666599273682,975.9201049804688,75.0,-12.199999809265137,975.9201049804688,75.0,-12.199999809265137
3344044266,Anaxyrus americanus,-69.798604,44.270329,2021,7.03849983215332,1002.0171508789062,72.0,-12.935999870300293,1002.0171508789062,72.0,-12.935999870300293
3344036328,Anaxyrus americanus,-68.45095,44.847958,2021,6.0323333740234375,1007.6004028320312,82.0,-14.248000144958496,1007.6004028320312,82.0,-14.248000144958496
3344024556,Anaxyrus americanus,-70.957411,44.766375,2021,4.192500114440918,1052.9718017578125,54.0,-17.351999282836914,1052.9718017578125,54.0,-17.351999282836914
3343959421,Anaxyrus americanus,-70.186055,44.257859,2021,6.728166580200195,1010.7495727539062,74.0,-13.640000343322754,1010.7495727539062,74.0,-13.640000343322754
3343900813,Dryophytes versicolor,-69.809645,44.078901,2021,7.3488335609436035,973.212890625,78.0,-11.831999778747559,973.212890625,78.0,-11.831999778747559
3343862204,Anaxyrus americanus,-68.842828,46.308363,2021,3.6408333778381348,1123.7811279296875,51.0,-19.43199920654297,1123.7811279296875,51.0,-19.43199920654297
3343818046,Dryophytes versicolor,-69.811488,44.077579,2021,7.3488335609436035,973.212890625,78.0,-11.831999778747559,973.212890625,78.0,-11.831999778747559
3343765170,Dryophytes versicolor,-69.841944,44.05086,2021,7.247833251953125,973.2914428710938,79.0,-11.956000328063965,973.2914428710938,79.0,-11.956000328063965
3343747740,Anaxyrus americanus,-70.631721,43.284212,2021,8.127500534057617,920.6759643554688,83.0,-10.175999641418457,920.6759643554688,83.0,-10.175999641418457
3343738829,Dryophytes versicolor,-70.288331,44.091973,2021,7.025000095367432,996.1735229492188,78.0,-12.932000160217285,996.1735229492188,78.0,-12.932000160217285
3343725806,Anaxyrus americanus,-69.764962,44.200834,2021,7.2170000076293945,990.8151245117188,73.0,-12.527999877929688,990.8151245117188,73.0,-12.527999877929688
3343697739,Lithobates pipiens,-68.816185,44.928484,2021,6.328499794006348,1025.414794921875,68.0,-14.34000015258789,1025.414794921875,68.0,-14.34000015258789
3338146304,Anaxyrus americanus,-69.063392,44.23313,2021,6.89965295791626,935.4232177734375,83.0,-11.337499618530273,935.4232177734375,83.0,-11.337499618530273
3338119922,Anaxyrus americanus,-69.503027,45.480154,2021,3.87933349609375,1089.968994140625,63.0,-18.003999710083008,1089.968994140625,63.0,-18.003999710083008
3338102301,Anaxyrus americanus,-69.055747,44.459764,2021,6.851833343505859,968.4049072265625,81.0,-12.51200008392334,968.4049072265625,81.0,-12.51200008392334
3338073386,Dryophytes versicolor,-70.450967,43.881728,2021,6.956833362579346,980.181884765625,85.0,-13.104000091552734,980.181884765625,85.0,-13.104000091552734
3338059441,Anaxyrus americanus,-69.293388,44.132106,2021,7.225833415985107,946.1456298828125,80.0,-11.14799976348877,946.1456298828125,80.0,-11.14799976348877
3338046736,Dryophytes versicolor,-68.809929,44.743587,2021,6.744333267211914,1005.8201904296875,74.0,-13.435999870300293,1005.8201904296875,74.0,-13.435999870300293
3338044467,Anaxyrus americanus,-68.387886,44.797236,2015,6.356666564941406,1001.2944946289062,81.0,-13.859999656677246,1001.2944946289062,81.0,-13.859999656677246
3338038258,Anaxyrus americanus,-70.688545,43.724693,2021,7.033666610717773,979.931640625,85.0,-13.588000297546387,979.931640625,85.0,-13.588000297546387
3338029745,Anaxyrus americanus,-69.519474,45.475806,2021,3.87933349609375,1089.968994140625,63.0,-18.003999710083008,1089.968994140625,63.0,-18.003999710083008
3338027517,Lithobates pipiens,-68.727272,44.898378,2021,6.447999954223633,1016.3721923828125,68.0,-13.955999374389648,1016.3721923828125,68.0,-13.955999374389648
3338009657,Lithobates pipiens,-67.231835,44.755816,2021,6.193166732788086,953.084228515625,78.0,-12.98799991607666,953.084228515625,78.0,-12.98799991607666
3338005938,Anaxyrus americanus,-71.021369,44.53578,2021,4.063666820526123,1029.9024658203125,73.0,-16.583999633789062,1029.9024658203125,73.0,-16.583999633789062
3338001698,Anaxyrus americanus,-69.516548,43.983478,2021,7.496166706085205,918.648681640625,79.0,-10.295999526977539,918.648681640625,79.0,-10.295999526977539
3337988092,Dryophytes versicolor,-68.515477,44.501284,2021,6.770500183105469,973.273193359375,79.0,-12.65999984741211,973.273193359375,79.0,-12.65999984741211
3337987383,Dryophytes versicolor,-68.186261,44.48649,2021,,,,,,,
3337986976,Anaxyrus americanus,-69.377787,45.520558,2021,3.433666706085205,1081.58642578125,68.0,-18.152000427246094,1081.58642578125,68.0,-18.152000427246094
3337968780,Anaxyrus americanus,-70.907137,44.9068,2021,3.935333251953125,1060.4127197265625,57.0,-17.68000030517578,1060.4127197265625,57.0,-17.68000030517578
3337939343,Dryophytes versicolor,-68.802,44.844667,2013,6.562166690826416,1021.12890625,69.0,-13.972000122070312,1021.12890625,69.0,-13.972000122070312
3337937849,Anaxyrus americanus,-69.885047,43.925412,2021,7.6147918701171875,956.69775390625,78.0,-11.114999771118164,956.69775390625,78.0,-11.114999771118164
3337891296,Anaxyrus americanus,-70.014885,43.8941,2021,7.3520002365112305,946.6617431640625,80.0,-11.315999984741211,946.6617431640625,80.0,-11.315999984741211
3337878061,Anaxyrus americanus,-69.486145,43.878044,2021,7.535745620727539,883.2525634765625,78.0,-9.421052932739258,883.2525634765625,78.0,-9.421052932739258
3337877283,Lithobates pipiens,-69.442095,46.042172,2021,3.619333267211914,1116.9212646484375,52.0,-18.79199981689453,1116.9212646484375,52.0,-18.79199981689453
3337870908,Lithobates pipiens,-68.520215,44.98527,2021,6.1536664962768555,1020.2416381835938,71.0,-14.455999374389648,1020.2416381835938,71.0,-14.455999374389648
3337837675,Anaxyrus americanus,-70.849503,44.469543,2021,5.41349983215332,1024.60498046875,66.0,-15.519999504089355,1024.60498046875,66.0,-15.519999504089355
3337820701,Anaxyrus americanus,-70.918801,44.510329,2021,4.619833469390869,1018.1654663085938,69.0,-16.020000457763672,1018.1654663085938,69.0,-16.020000457763672
3337806797,Dryophytes versicolor,-69.989862,44.386433,2020,6.595333099365234,1016.5479125976562,72.0,-13.9399995803833,1016.5479125976562,72.0,-13.9399995803833
3337773848,Anaxyrus americanus,-70.293122,44.089358,2021,6.826833248138428,994.4517822265625,79.0,-13.211999893188477,994.4517822265625,79.0,-13.211999893188477
3337713940,Anaxyrus americanus,-70.853722,44.46954,2021,5.41349983215332,1024.60498046875,66.0,-15.519999504089355,1024.60498046875,66.0,-15.519999504089355
3337708851,Anaxyrus americanus,-69.307587,43.971256,2021,,,,,,,
3337677145,Anaxyrus americanus,-70.53225,43.556755,2021,7.5329999923706055,950.1115112304688,82.0,-11.86400032043457,950.1115112304688,82.0,-11.86400032043457
3337665916,Lithobates pipiens,-67.904898,46.017346,2021,4.4633331298828125,1086.8743896484375,62.0,-17.468000411987305,1086.8743896484375,62.0,-17.468000411987305
3337502146,Lithobates pipiens,-69.442095,46.042172,2021,3.619333267211914,1116.9212646484375,52.0,-18.79199981689453,1116.9212646484375,52.0,-18.79199981689453
3337487841,Anaxyrus americanus,-69.786042,44.10245,2021,,,,,,,
3337484936,Anaxyrus americanus,-70.757637,43.076831,2021,,,,,,,
3337445963,Anaxyrus americanus,-67.537384,44.647935,2021,6.405952453613281,909.2789916992188,78.0,-12.295238494873047,909.2789916992188,78.0,-12.295238494873047
3337399208,Anaxyrus americanus,-70.203,45.080783,2021,4.258166790008545,1048.5902099609375,67.0,-17.1200008392334,1048.5902099609375,67.0,-17.1200008392334
3335552379,Dryophytes versicolor,-69.315248,44.580136,2021,6.479166507720947,999.6758422851562,75.0,-13.616000175476074,999.6758422851562,75.0,-13.616000175476074
3335536343,Lithobates pipiens,-68.740365,44.863279,2021,6.577000141143799,1016.5341796875,70.0,-13.859999656677246,1016.5341796875,70.0,-13.859999656677246
3335444066,Anaxyrus americanus,-69.068278,44.228827,2021,6.89965295791626,935.4232177734375,83.0,-11.337499618530273,935.4232177734375,83.0,-11.337499618530273
3335438020,Anaxyrus americanus,-69.32988,44.554382,2021,6.479166507720947,999.6758422851562,75.0,-13.616000175476074,999.6758422851562,75.0,-13.616000175476074
3335416675,Anaxyrus americanus,-69.477625,43.902088,2021,7.535745620727539,883.2525634765625,78.0,-9.421052932739258,883.2525634765625,78.0,-9.421052932739258
3335411676,Anaxyrus americanus,-70.718912,43.102753,2021,,,,,,,
3335400716,Anaxyrus americanus,-70.5196,43.837998,2021,7.247499942779541,947.6463012695312,83.0,-12.0600004196167,947.6463012695312,83.0,-12.0600004196167
3335399196,Anaxyrus americanus,-70.531899,43.557138,2021,7.5329999923706055,950.1115112304688,82.0,-11.86400032043457,950.1115112304688,82.0,-11.86400032043457
3335382636,Dryophytes versicolor,-69.899803,44.460545,2021,6.56083345413208,1016.0736694335938,69.0,-14.079999923706055,1016.0736694335938,69.0,-14.079999923706055
3335381873,Anaxyrus americanus,-68.96874,45.827905,2021,4.5966668128967285,1088.5155029296875,54.0,-17.303998947143555,1088.5155029296875,54.0,-17.303998947143555
3335381096,Anaxyrus americanus,-69.843353,44.046861,2021,7.247833251953125,973.2914428710938,79.0,-11.956000328063965,973.2914428710938,79.0,-11.956000328063965
3335379229,Anaxyrus americanus,-70.893862,44.411217,2021,5.713666915893555,1019.891357421875,68.0,-15.199999809265137,1019.891357421875,68.0,-15.199999809265137
3335367778,Dryophytes versicolor,-69.844451,44.044872,2021,7.247833251953125,973.2914428710938,79.0,-11.956000328063965,973.2914428710938,79.0,-11.956000328063965
3335328217,Anaxyrus americanus,-70.041382,43.893835,2021,7.3520002365112305,946.6617431640625,80.0,-11.315999984741211,946.6617431640625,80.0,-11.315999984741211
3335280320,Anaxyrus americanus,-70.776167,43.558064,2021,7.185999870300293,964.8912963867188,86.0,-12.776000022888184,964.8912963867188,86.0,-12.776000022888184
3335228361,Anaxyrus americanus,-67.145155,44.686386,2021,6.150781154632568,923.06884765625,78.0,-12.231249809265137,923.06884765625,78.0,-12.231249809265137
3335219535,Anaxyrus americanus,-69.652065,44.574385,2021,6.94350004196167,1025.3370361328125,66.0,-13.927999496459961,1025.3370361328125,66.0,-13.927999496459961
3335170068,Anaxyrus americanus,-69.631631,44.430333,2021,6.842166423797607,1007.6211547851562,68.0,-13.416000366210938,1007.6211547851562,68.0,-13.416000366210938
3335137131,Lithobates pipiens,-68.765735,44.734901,2021,6.747833251953125,1006.8766479492188,75.0,-13.479999542236328,1006.8766479492188,75.0,-13.479999542236328
3335122499,Anaxyrus americanus,-69.52114,45.481422,2021,3.87933349609375,1089.968994140625,63.0,-18.003999710083008,1089.968994140625,63.0,-18.003999710083008
3335115608,Anaxyrus americanus,-67.231888,44.755799,2021,6.193166732788086,953.084228515625,78.0,-12.98799991607666,953.084228515625,78.0,-12.98799991607666
3335095703,Dryophytes versicolor,-69.844465,44.044843,2021,7.247833251953125,973.2914428710938,79.0,-11.956000328063965,973.2914428710938,79.0,-11.956000328063965
3333531392,Lithobates pipiens,-67.89811,45.973246,2020,4.691999912261963,1082.0723876953125,62.0,-17.236000061035156,1082.0723876953125,62.0,-17.236000061035156
3333516534,Anaxyrus americanus,-70.450299,43.687121,2021,7.3466668128967285,965.3731079101562,81.0,-12.319999694824219,965.3731079101562,81.0,-12.319999694824219
3333503468,Anaxyrus americanus,-70.459572,44.108406,2021,6.759666919708252,1000.8755493164062,79.0,-13.772000312805176,1000.8755493164062,79.0,-13.772000312805176
3333487455,Dryophytes versicolor,-69.541135,44.96885,2021,5.634666919708252,1044.184326171875,67.0,-15.824000358581543,1044.184326171875,67.0,-15.824000358581543
3333467356,Dryophytes versicolor,-67.89811,45.973246,2020,4.691999912261963,1082.0723876953125,62.0,-17.236000061035156,1082.0723876953125,62.0,-17.236000061035156
3333433442,Dryophytes versicolor,-68.565529,44.806891,2021,6.529333114624023,1011.2703857421875,74.0,-13.795999526977539,1011.2703857421875,74.0,-13.795999526977539
3333420471,Anaxyrus americanus,-69.66343,43.873837,2021,7.671229839324951,873.7918701171875,77.0,-9.295238494873047,873.7918701171875,77.0,-9.295238494873047
3333370438,Dryophytes versicolor,-70.631046,43.405552,2021,7.875333309173584,946.164306640625,84.0,-11.248000144958496,946.164306640625,84.0,-11.248000144958496
3333324424,Dryophytes versicolor,-70.629763,43.16343,2021,8.4769926071167,909.0302124023438,79.0,-9.317391395568848,909.0302124023438,79.0,-9.317391395568848
3333309178,Anaxyrus americanus,-69.166862,45.695775,2021,3.757999897003174,1090.9774169921875,60.0,-17.992000579833984,1090.9774169921875,60.0,-17.992000579833984
3333288236,Dryophytes versicolor,-69.844291,44.045227,2021,7.247833251953125,973.2914428710938,79.0,-11.956000328063965,973.2914428710938,79.0,-11.956000328063965
3333266424,Anaxyrus americanus,-70.810349,44.476175,2021,5.67383337020874,1024.9317626953125,65.0,-15.404000282287598,1024.9317626953125,65.0,-15.404000282287598
3333261043,Anaxyrus americanus,-67.08155,44.757508,2021,,,,,,,
3333243462,Anaxyrus americanus,-70.191658,44.244247,2021,6.722833156585693,1005.3626098632812,76.0,-13.447999954223633,1005.3626098632812,76.0,-13.447999954223633
3333202474,Anaxyrus americanus,-69.749512,44.705525,2021,6.234833240509033,1028.6566162109375,66.0,-14.887999534606934,1028.6566162109375,66.0,-14.887999534606934
3333162276,Dryophytes versicolor,-69.185807,45.153716,2021,5.4105000495910645,1052.4312744140625,72.0,-16.083999633789062,1052.4312744140625,72.0,-16.083999633789062
3333142358,Lithobates pipiens,-68.817952,44.926271,2020,6.328499794006348,1025.414794921875,68.0,-14.34000015258789,1025.414794921875,68.0,-14.34000015258789
3333132428,Dryophytes versicolor,-70.648752,44.288961,2021,6.017333507537842,1005.428955078125,77.0,-14.751999855041504,1005.428955078125,77.0,-14.751999855041504
3333127823,Anaxyrus americanus,-67.081542,44.757572,2021,,,,,,,
3333100677,Anaxyrus americanus,-70.432783,44.699553,2021,5.462833404541016,1040.333251953125,65.0,-15.86400032043457,1040.333251953125,65.0,-15.86400032043457
3333099455,Dryophytes versicolor,-70.384728,43.672992,2021,7.487333297729492,961.6553344726562,81.0,-12.008000373840332,961.6553344726562,81.0,-12.008000373840332
3333098642,Anaxyrus americanus,-70.635545,44.291297,2021,6.017333507537842,1005.428955078125,77.0,-14.751999855041504,1005.428955078125,77.0,-14.751999855041504
3333096167,Anaxyrus americanus,-69.523801,44.026271,2021,7.539015293121338,931.5986938476562,79.0,-10.554545402526855,931.5986938476562,79.0,-10.554545402526855
3333080438,Anaxyrus americanus,-70.741502,43.173215,2021,8.345333099365234,923.6110229492188,82.0,-9.960000038146973,923.6110229492188,82.0,-9.960000038146973
3333072423,Anaxyrus americanus,-70.576513,43.637185,2021,7.243833541870117,966.8086547851562,83.0,-12.748000144958496,966.8086547851562,83.0,-12.748000144958496
3333065475,Anaxyrus americanus,-70.780502,44.863285,2021,3.9548332691192627,1061.57763671875,60.0,-17.70400047302246,1061.57763671875,60.0,-17.70400047302246
3333064811,Dryophytes versicolor,-68.998571,44.520689,2021,6.750833511352539,972.9920654296875,82.0,-12.772000312805176,972.9920654296875,82.0,-12.772000312805176
3333063530,Dryophytes versicolor,-69.034538,44.45524,2021,7.00121545791626,958.5623779296875,83.0,-12.133333206176758,958.5623779296875,83.0,-12.133333206176758
3333061821,Anaxyrus americanus,-70.264213,43.818692,2021,7.257833480834961,958.3055419921875,82.0,-11.996000289916992,958.3055419921875,82.0,-11.996000289916992
3333058434,Dryophytes versicolor,-70.262525,43.819883,2021,7.257833480834961,958.3055419921875,82.0,-11.996000289916992,958.3055419921875,82.0,-11.996000289916992
3333057196,Anaxyrus americanus,-70.307647,45.112475,2021,4.013999938964844,1052.04931640625,64.0,-17.23200035095215,1052.04931640625,64.0,-17.23200035095215
3333047226,Dryophytes versicolor,-69.876101,44.01065,2021,7.3427534103393555,965.2699584960938,80.0,-11.686956405639648,965.2699584960938,80.0,-11.686956405639648
3330909537,Anaxyrus americanus,-69.086837,44.251172,2021,7.117166519165039,948.5928344726562,82.0,-11.54800033569336,948.5928344726562,82.0,-11.54800033569336
3330902377,Anaxyrus americanus,-70.086089,43.903745,2021,7.24233341217041,954.9291381835938,81.0,-11.696000099182129,954.9291381835938,81.0,-11.696000099182129
3330889319,Dryophytes versicolor,-68.058731,44.333466,2021,6.8611979484558105,866.7794799804688,75.0,-10.793749809265137,866.7794799804688,75.0,-10.793749809265137
3330882420,Dryophytes versicolor,-70.576316,43.637117,2021,7.243833541870117,966.8086547851562,83.0,-12.748000144958496,966.8086547851562,83.0,-12.748000144958496
3330838382,Anaxyrus americanus,-69.54838,45.8656,2021,3.6510000228881836,1104.4071044921875,55.0,-18.507999420166016,1104.4071044921875,55.0,-18.507999420166016
3330835544,Dryophytes versicolor,-69.007688,44.284093,2021,6.966447353363037,934.2045288085938,82.0,-11.3421049118042,934.2045288085938,82.0,-11.3421049118042
3330766656,Anaxyrus americanus,-68.004436,46.609633,2021,3.691499948501587,1117.73388671875,48.0,-18.299999237060547,1117.73388671875,48.0,-18.299999237060547
3330735021,Anaxyrus americanus,-69.809262,44.079529,2021,7.3488335609436035,973.212890625,78.0,-11.831999778747559,973.212890625,78.0,-11.831999778747559
3330676880,Anaxyrus americanus,-70.299464,43.772092,2021,7.285333156585693,957.3309936523438,82.0,-12.027999877929688,957.3309936523438,82.0,-12.027999877929688
3330592465,Anaxyrus americanus,-70.454724,43.982764,2021,6.875500202178955,987.4703979492188,84.0,-13.395999908447266,987.4703979492188,84.0,-13.395999908447266
3330533091,Anaxyrus americanus,-69.871596,44.011608,2021,7.473090171813965,964.9923706054688,79.0,-11.508333206176758,964.9923706054688,79.0,-11.508333206176758
3330529280,Dryophytes versicolor,-69.640655,44.575831,2021,6.94350004196167,1025.3370361328125,66.0,-13.927999496459961,1025.3370361328125,66.0,-13.927999496459961
3330469965,Anaxyrus americanus,-70.592821,44.925398,2021,3.4806666374206543,1064.9588623046875,69.0,-18.011999130249023,1064.9588623046875,69.0,-18.011999130249023
3330467058,Dryophytes versicolor,-69.844247,44.045281,2021,7.247833251953125,973.2914428710938,79.0,-11.956000328063965,973.2914428710938,79.0,-11.956000328063965
3330418035,Anaxyrus americanus,-70.003197,46.089858,2021,2.927000045776367,1114.7291259765625,58.0,-19.052000045776367,1114.7291259765625,58.0,-19.052000045776367
3328138675,Anaxyrus americanus,-68.891838,45.921447,2021,1.9283332824707031,1081.6168212890625,72.0,-19.04400062561035,1081.6168212890625,72.0,-19.04400062561035
3328069490,Anaxyrus americanus,-70.707527,44.006397,2021,6.5938334465026855,1002.0035400390625,82.0,-14.444000244140625,1002.0035400390625,82.0,-14.444000244140625
3328057353,Anaxyrus americanus,-70.154969,43.856487,2021,7.3495001792907715,950.70849609375,81.0,-11.5,950.70849609375,81.0,-11.5
3328029193,Anaxyrus americanus,-68.875435,45.816093,2021,4.639666557312012,1084.1451416015625,56.0,-17.168001174926758,1084.1451416015625,56.0,-17.168001174926758
3327916342,Anaxyrus americanus,-69.899841,44.844636,2020,5.804500102996826,1048.1595458984375,65.0,-16.059999465942383,1048.1595458984375,65.0,-16.059999465942383
3327896349,Anaxyrus americanus,-69.623567,44.1151,2021,7.291666507720947,959.4895629882812,78.0,-11.53600025177002,959.4895629882812,78.0,-11.53600025177002
3327880497,Anaxyrus americanus,-70.349579,43.785538,2021,7.260000228881836,961.2611694335938,82.0,-12.208000183105469,961.2611694335938,82.0,-12.208000183105469
3327845581,Dryophytes versicolor,-70.602478,43.945019,2021,6.918499946594238,980.228759765625,83.0,-13.456000328063965,980.228759765625,83.0,-13.456000328063965
3327758327,Lithobates pipiens,-68.614913,45.908172,2019,4.756999969482422,1090.1136474609375,59.0,-17.18000030517578,1090.1136474609375,59.0,-17.18000030517578
3327755624,Anaxyrus americanus,-70.041329,43.893863,2021,7.3520002365112305,946.6617431640625,80.0,-11.315999984741211,946.6617431640625,80.0,-11.315999984741211
3327746252,Dryophytes versicolor,-69.447789,44.373081,2021,6.854833126068115,980.0706787109375,75.0,-12.652000427246094,980.0706787109375,75.0,-12.652000427246094
3325922469,Anaxyrus americanus,-68.993188,44.337044,2021,6.944999694824219,942.6117553710938,83.0,-11.652000427246094,942.6117553710938,83.0,-11.652000427246094
3325850544,Dryophytes versicolor,-67.764587,44.621367,2021,6.561174392700195,929.960205078125,78.0,-12.550000190734863,929.960205078125,78.0,-12.550000190734863
3325772568,Dryophytes versicolor,-70.897087,44.19453,2019,6.575833320617676,1012.11328125,77.0,-14.555999755859375,1012.11328125,77.0,-14.555999755859375
3325742460,Anaxyrus americanus,-70.732475,44.063408,2021,6.552000045776367,1006.482177734375,81.0,-14.652000427246094,1006.482177734375,81.0,-14.652000427246094
3325720296,Anaxyrus americanus,-70.289025,43.730214,2021,7.567666530609131,948.2005004882812,81.0,-11.359999656677246,948.2005004882812,81.0,-11.359999656677246
3325671030,Anaxyrus americanus,-70.7602,43.313837,2021,7.957666873931885,944.5081787109375,85.0,-11.027999877929688,944.5081787109375,85.0,-11.027999877929688
3325608408,Anaxyrus americanus,-69.659148,43.871756,2021,7.671229839324951,873.7918701171875,77.0,-9.295238494873047,873.7918701171875,77.0,-9.295238494873047
3325589832,Lithobates pipiens,-68.567628,44.808743,2021,6.529333114624023,1011.2703857421875,74.0,-13.795999526977539,1011.2703857421875,74.0,-13.795999526977539
3325585577,Dryophytes versicolor,-68.219963,44.382,2021,6.991421699523926,945.6722412109375,74.0,-11.79411792755127,945.6722412109375,74.0,-11.79411792755127
3325571895,Anaxyrus americanus,-67.192278,44.783541,2021,6.194833278656006,949.3998413085938,78.0,-12.831999778747559,949.3998413085938,78.0,-12.831999778747559
3325471275,Anaxyrus americanus,-68.354294,44.298441,2021,6.921166896820068,925.7542724609375,76.0,-11.420000076293945,925.7542724609375,76.0,-11.420000076293945
3321288377,Dryophytes versicolor,-69.602364,44.450819,2021,6.8368330001831055,1004.2211303710938,69.0,-13.371999740600586,1004.2211303710938,69.0,-13.371999740600586
3321237508,Anaxyrus americanus,-69.252123,44.330145,2021,6.839000225067139,963.3562622070312,81.0,-12.192000389099121,963.3562622070312,81.0,-12.192000389099121
3321217596,Anaxyrus americanus,-69.143203,44.217987,2021,6.7704997062683105,946.8226928710938,84.0,-11.696000099182129,946.8226928710938,84.0,-11.696000099182129
3321215583,Anaxyrus americanus,-69.014769,45.927545,2021,2.3434998989105225,1091.3916015625,69.0,-19.200000762939453,1091.3916015625,69.0,-19.200000762939453
3321210291,Anaxyrus americanus,-68.862297,45.918913,2021,2.86299991607666,1079.739013671875,64.0,-18.31999969482422,1079.739013671875,64.0,-18.31999969482422
3321096610,Anaxyrus americanus,-68.011253,45.882362,2021,4.9041666984558105,1076.652099609375,61.0,-16.940000534057617,1076.652099609375,61.0,-16.940000534057617
3320982576,Dryophytes versicolor,-70.224873,43.631868,2021,8.066319465637207,926.9019165039062,80.0,-10.366666793823242,926.9019165039062,80.0,-10.366666793823242
3320944883,Dryophytes versicolor,-67.422891,44.744777,2021,6.336166858673096,956.1467895507812,78.0,-13.15999984741211,956.1467895507812,78.0,-13.15999984741211
3320893599,Anaxyrus americanus,-69.317771,44.220709,2021,6.987166404724121,960.0568237304688,83.0,-11.836000442504883,960.0568237304688,83.0,-11.836000442504883
3320844196,Anaxyrus americanus,-70.88745,43.843692,2021,6.706166744232178,998.055419921875,87.0,-14.391999244689941,998.055419921875,87.0,-14.391999244689941
3314573449,Anaxyrus americanus,-69.067322,44.227192,2021,6.89965295791626,935.4232177734375,83.0,-11.337499618530273,935.4232177734375,83.0,-11.337499618530273
3314530308,Anaxyrus americanus,-68.011353,45.882417,2021,4.9041666984558105,1076.652099609375,61.0,-16.940000534057617,1076.652099609375,61.0,-16.940000534057617
3314448385,Anaxyrus americanus,-69.065758,44.230205,2021,6.89965295791626,935.4232177734375,83.0,-11.337499618530273,935.4232177734375,83.0,-11.337499618530273
3314439464,Anaxyrus americanus,-69.065855,44.23022,2021,6.89965295791626,935.4232177734375,83.0,-11.337499618530273,935.4232177734375,83.0,-11.337499618530273
3314378665,Anaxyrus americanus,-70.341858,43.778267,2021,7.260000228881836,961.2611694335938,82.0,-12.208000183105469,961.2611694335938,82.0,-12.208000183105469
3314372244,Anaxyrus americanus,-69.479892,43.902662,2021,7.535745620727539,883.2525634765625,78.0,-9.421052932739258,883.2525634765625,78.0,-9.421052932739258
3314313872,Anaxyrus americanus,-70.104497,44.031465,2020,7.176833152770996,977.0897827148438,81.0,-12.144000053405762,977.0897827148438,81.0,-12.144000053405762
3314291939,Anaxyrus americanus,-69.829047,43.952695,2021,,,,,,,
3314152191,Dryophytes versicolor,-68.061134,44.332122,2021,,,,,,,
3307489992,Anaxyrus americanus,-69.568833,44.154972,2021,7.2143330574035645,960.4230346679688,78.0,-11.62399959564209,960.4230346679688,78.0,-11.62399959564209
3307442638,Anaxyrus americanus,-70.81137,44.42006,2021,5.888333320617676,1025.17626953125,65.0,-15.263999938964844,1025.17626953125,65.0,-15.263999938964844
3307436283,Dryophytes versicolor,-69.8754,44.010542,2021,7.3427534103393555,965.2699584960938,80.0,-11.686956405639648,965.2699584960938,80.0,-11.686956405639648
3307404244,Anaxyrus americanus,-70.064162,45.263545,2021,3.995333433151245,1072.8367919921875,62.0,-17.607999801635742,1072.8367919921875,62.0,-17.607999801635742
3307380014,Dryophytes versicolor,-70.2875,43.734,2013,7.567666530609131,948.2005004882812,81.0,-11.359999656677246,948.2005004882812,81.0,-11.359999656677246
3307342314,Anaxyrus americanus,-70.15235,44.666183,2021,5.921999931335449,1037.581298828125,73.0,-15.687999725341797,1037.581298828125,73.0,-15.687999725341797
3307337586,Anaxyrus americanus,-69.277089,44.246004,2021,7.163333415985107,959.0667114257812,81.0,-11.680000305175781,959.0667114257812,81.0,-11.680000305175781
3307315635,Anaxyrus americanus,-68.439751,46.623737,2021,3.5404999256134033,1144.7552490234375,49.0,-20.43199920654297,1144.7552490234375,49.0,-20.43199920654297
3307288334,Anaxyrus americanus,-70.399025,43.459122,2013,7.868287086486816,918.8888549804688,80.0,-10.466666221618652,918.8888549804688,80.0,-10.466666221618652
3307250681,Dryophytes versicolor,-69.874673,44.010508,2021,7.473090171813965,964.9923706054688,79.0,-11.508333206176758,964.9923706054688,79.0,-11.508333206176758
3307233795,Dryophytes versicolor,-69.815987,43.915317,2021,,,,,,,
3302563767,Dryophytes versicolor,-70.795927,44.418997,2020,5.888333320617676,1025.17626953125,65.0,-15.263999938964844,1025.17626953125,65.0,-15.263999938964844
3302556082,Anaxyrus americanus,-69.894669,44.094928,2017,7.0970001220703125,984.0619506835938,78.0,-12.336000442504883,984.0619506835938,78.0,-12.336000442504883
3302535432,Dryophytes versicolor,-70.286603,43.705598,2021,7.834469795227051,949.9675903320312,81.0,-11.068181991577148,949.9675903320312,81.0,-11.068181991577148
3302534290,Anaxyrus americanus,-70.796615,44.41924,2020,5.888333320617676,1025.17626953125,65.0,-15.263999938964844,1025.17626953125,65.0,-15.263999938964844
3302532380,Dryophytes versicolor,-70.64886,44.289161,2021,6.017333507537842,1005.428955078125,77.0,-14.751999855041504,1005.428955078125,77.0,-14.751999855041504
3302514545,Anaxyrus americanus,-70.952037,44.58884,2018,3.9838333129882812,1029.8885498046875,69.0,-16.739999771118164,1029.8885498046875,69.0,-16.739999771118164
3302512137,Dryophytes versicolor,-69.852821,44.386743,2021,6.693166255950928,1011.0083618164062,70.0,-13.600000381469727,1011.0083618164062,70.0,-13.600000381469727
3302503385,Anaxyrus americanus,-70.533972,43.367221,2021,8.057539939880371,912.259765625,81.0,-10.09523868560791,912.259765625,81.0,-10.09523868560791
3302502443,Anaxyrus americanus,-69.283811,44.840678,2015,6.274166584014893,1039.3809814453125,69.0,-14.95199966430664,1039.3809814453125,69.0,-14.95199966430664
3302479744,Anaxyrus americanus,-70.884147,43.330535,2021,7.94083309173584,960.4606323242188,82.0,-11.527999877929688,960.4606323242188,82.0,-11.527999877929688
3302405281,Anaxyrus americanus,-69.920525,43.933206,2016,7.578666687011719,964.7484130859375,79.0,-11.359999656677246,964.7484130859375,79.0,-11.359999656677246
3302353895,Dryophytes versicolor,-68.995325,44.33899,2021,6.944999694824219,942.6117553710938,83.0,-11.652000427246094,942.6117553710938,83.0,-11.652000427246094
3302344415,Anaxyrus americanus,-69.493286,43.993618,2021,7.464666843414307,917.0228881835938,78.0,-10.208000183105469,917.0228881835938,78.0,-10.208000183105469
3302315184,Anaxyrus americanus,-70.796248,44.419273,2020,5.888333320617676,1025.17626953125,65.0,-15.263999938964844,1025.17626953125,65.0,-15.263999938964844
3302249031,Anaxyrus americanus,-70.646453,43.992267,2020,6.757833480834961,994.4737548828125,83.0,-14.088000297546387,994.4737548828125,83.0,-14.088000297546387
3302179740,Anaxyrus americanus,-68.352272,44.280505,2021,7.109375,906.3528442382812,75.0,-10.866666793823242,906.3528442382812,75.0,-10.866666793823242
3302147892,Anaxyrus americanus,-70.431825,43.5817,2021,7.587833404541016,939.9948120117188,82.0,-11.392000198364258,939.9948120117188,82.0,-11.392000198364258
3302079519,Anaxyrus americanus,-69.374161,44.150345,2021,7.134833335876465,947.5458374023438,80.0,-11.276000022888184,947.5458374023438,80.0,-11.276000022888184
3302078095,Anaxyrus americanus,-69.765776,44.225445,2016,7.238166809082031,999.3550415039062,72.0,-12.732000350952148,999.3550415039062,72.0,-12.732000350952148
3302070854,Anaxyrus americanus,-68.366158,44.326444,2021,6.921166896820068,925.7542724609375,76.0,-11.420000076293945,925.7542724609375,76.0,-11.420000076293945
3302061244,Dryophytes versicolor,-70.796539,44.419278,2020,5.888333320617676,1025.17626953125,65.0,-15.263999938964844,1025.17626953125,65.0,-15.263999938964844
3302060737,Dryophytes versicolor,-68.993474,44.486279,2021,6.820000171661377,965.5169067382812,83.0,-12.531999588012695,965.5169067382812,83.0,-12.531999588012695
3302059878,Dryophytes versicolor,-70.795888,44.419063,2020,5.888333320617676,1025.17626953125,65.0,-15.263999938964844,1025.17626953125,65.0,-15.263999938964844
3302036627,Anaxyrus americanus,-70.25,43.799999,2021,7.369333267211914,956.81689453125,81.0,-11.763999938964844,956.81689453125,81.0,-11.763999938964844
3302012134,Anaxyrus americanus,-69.904836,44.100418,2016,7.0970001220703125,984.0619506835938,78.0,-12.336000442504883,984.0619506835938,78.0,-12.336000442504883
3302003774,Anaxyrus americanus,-70.878912,43.332354,2021,7.94083309173584,960.4606323242188,82.0,-11.527999877929688,960.4606323242188,82.0,-11.527999877929688
3301984015,Dryophytes versicolor,-69.842481,44.048961,2020,7.247833251953125,973.2914428710938,79.0,-11.956000328063965,973.2914428710938,79.0,-11.956000328063965
3301978438,Anaxyrus americanus,-69.620314,44.546261,2021,7.013000011444092,1027.0211181640625,66.0,-13.904000282287598,1027.0211181640625,66.0,-13.904000282287598
3301960930,Dryophytes versicolor,-68.061379,44.332656,2021,,,,,,,
3301957911,Anaxyrus americanus,-70.936897,44.583995,2018,3.9838333129882812,1029.8885498046875,69.0,-16.739999771118164,1029.8885498046875,69.0,-16.739999771118164
3301955844,Anaxyrus americanus,-70.901864,44.571717,2017,4.391166687011719,1019.8433837890625,71.0,-16.24799919128418,1019.8433837890625,71.0,-16.24799919128418
3301896026,Anaxyrus americanus,-70.947996,44.590598,2018,3.9838333129882812,1029.8885498046875,69.0,-16.739999771118164,1029.8885498046875,69.0,-16.739999771118164
3301845938,Dryophytes versicolor,-70.796221,44.418807,2020,5.888333320617676,1025.17626953125,65.0,-15.263999938964844,1025.17626953125,65.0,-15.263999938964844
3301840975,Anaxyrus americanus,-69.134339,44.215492,2021,6.7704997062683105,946.8226928710938,84.0,-11.696000099182129,946.8226928710938,84.0,-11.696000099182129
3301837062,Dryophytes versicolor,-70.76673,43.201542,2021,8.294333457946777,928.5087890625,83.0,-10.107999801635742,928.5087890625,83.0,-10.107999801635742
3301835107,Anaxyrus americanus,-70.350395,44.729878,2021,4.340666770935059,1032.7373046875,76.0,-16.583999633789062,1032.7373046875,76.0,-16.583999633789062
3124829150,Dryophytes versicolor,-70.708358,44.053856,2015,6.552000045776367,1006.482177734375,81.0,-14.652000427246094,1006.482177734375,81.0,-14.652000427246094
3124713821,Anaxyrus americanus,-70.893044,44.412083,2021,5.713666915893555,1019.891357421875,68.0,-15.199999809265137,1019.891357421875,68.0,-15.199999809265137
3124681723,Dryophytes versicolor,-70.707267,44.052831,2016,6.709499835968018,1007.33544921875,80.0,-14.435999870300293,1007.33544921875,80.0,-14.435999870300293
3124616603,Dryophytes versicolor,-67.806422,45.200426,2021,5.734833240509033,1028.9547119140625,81.0,-15.460000038146973,1028.9547119140625,81.0,-15.460000038146973
3124540561,Anaxyrus americanus,-67.995163,46.672871,2021,3.9779999256134033,1140.88134765625,48.0,-18.16400146484375,1140.88134765625,48.0,-18.16400146484375
3124529971,Anaxyrus americanus,-70.034325,44.321513,2021,6.668833255767822,1011.173828125,75.0,-13.612000465393066,1011.173828125,75.0,-13.612000465393066
3124521299,Anaxyrus americanus,-70.27023,44.568703,2021,5.910833358764648,1027.4239501953125,72.0,-15.288000106811523,1027.4239501953125,72.0,-15.288000106811523
3124511564,Anaxyrus americanus,-69.462875,43.899108,2017,7.535745620727539,883.2525634765625,78.0,-9.421052932739258,883.2525634765625,78.0,-9.421052932739258
3118508675,Anaxyrus americanus,-69.748872,44.708247,2021,6.234833240509033,1028.6566162109375,66.0,-14.887999534606934,1028.6566162109375,66.0,-14.887999534606934
3118443440,Dryophytes versicolor,-70.047208,44.328518,2021,6.735833644866943,1014.5154418945312,74.0,-13.652000427246094,1014.5154418945312,74.0,-13.652000427246094
3118395937,Anaxyrus americanus,-70.304582,43.683352,2021,7.831333160400391,959.189208984375,81.0,-11.355999946594238,959.189208984375,81.0,-11.355999946594238
3118208301,Anaxyrus americanus,-70.572913,43.28793,2021,,,,,,,
3117831828,Anaxyrus americanus,-69.637279,44.547217,2021,6.94350004196167,1025.3370361328125,66.0,-13.927999496459961,1025.3370361328125,66.0,-13.927999496459961
3117781924,Anaxyrus americanus,-70.688125,44.110978,2020,6.677666664123535,1008.8466796875,80.0,-14.491999626159668,1008.8466796875,80.0,-14.491999626159668
3117758950,Anaxyrus americanus,-70.688369,44.110583,2020,6.677666664123535,1008.8466796875,80.0,-14.491999626159668,1008.8466796875,80.0,-14.491999626159668
3113690716,Dryophytes versicolor,-70.282554,43.963036,2021,7.0351667404174805,978.0534057617188,81.0,-12.583999633789062,978.0534057617188,81.0,-12.583999633789062
3113633847,Anaxyrus americanus,-70.576565,43.637509,2021,7.243833541870117,966.8086547851562,83.0,-12.748000144958496,966.8086547851562,83.0,-12.748000144958496
3113430371,Anaxyrus americanus,-69.479892,43.902658,2020,7.535745620727539,883.2525634765625,78.0,-9.421052932739258,883.2525634765625,78.0,-9.421052932739258
3113429355,Anaxyrus americanus,-69.479892,43.902658,2020,7.535745620727539,883.2525634765625,78.0,-9.421052932739258,883.2525634765625,78.0,-9.421052932739258
3113394806,Dryophytes versicolor,-70.812365,44.420763,2021,5.888333320617676,1025.17626953125,65.0,-15.263999938964844,1025.17626953125,65.0,-15.263999938964844
3113279367,Dryophytes versicolor,-69.476761,43.915239,2020,7.535745620727539,883.2525634765625,78.0,-9.421052932739258,883.2525634765625,78.0,-9.421052932739258
3112574604,Anaxyrus americanus,-70.87213,43.125439,2021,,,,,,,
3112307709,Anaxyrus americanus,-71.000446,44.854337,2019,4.144833564758301,1062.8548583984375,54.0,-17.488000869750977,1062.8548583984375,54.0,-17.488000869750977
3112297587,Anaxyrus americanus,-69.937112,43.873588,2021,,,,,,,
3109336552,Dryophytes versicolor,-70.393861,43.454769,2021,7.86566686630249,900.4729614257812,80.0,-10.079999923706055,900.4729614257812,80.0,-10.079999923706055
3109114566,Anaxyrus americanus,-70.42791,43.478361,2021,7.889999866485596,928.1427001953125,81.0,-10.684000015258789,928.1427001953125,81.0,-10.684000015258789
3097371569,Dryophytes versicolor,-70.482733,43.354612,2021,8.032675743103027,906.893310546875,80.0,-9.942105293273926,906.893310546875,80.0,-9.942105293273926
3097279279,Anaxyrus americanus,-70.33995,43.758647,2021,7.260000228881836,961.2611694335938,82.0,-12.208000183105469,961.2611694335938,82.0,-12.208000183105469
3097124507,Dryophytes versicolor,-70.482047,43.354908,2021,8.032675743103027,906.893310546875,80.0,-9.942105293273926,906.893310546875,80.0,-9.942105293273926
3097123608,Dryophytes versicolor,-70.482217,43.355055,2021,8.032675743103027,906.893310546875,80.0,-9.942105293273926,906.893310546875,80.0,-9.942105293273926
3097074005,Anaxyrus americanus,-69.826255,44.037597,2021,,,,,,,
3097011476,Dryophytes versicolor,-69.210412,45.133053,2017,5.3493332862854,1053.2672119140625,72.0,-16.196001052856445,1053.2672119140625,72.0,-16.196001052856445
3097000445,Anaxyrus americanus,-70.145639,44.66567,2020,5.921999931335449,1037.581298828125,73.0,-15.687999725341797,1037.581298828125,73.0,-15.687999725341797
3096992436,Anaxyrus americanus,-70.145728,44.665737,2020,5.921999931335449,1037.581298828125,73.0,-15.687999725341797,1037.581298828125,73.0,-15.687999725341797
3090845936,Anaxyrus americanus,-70.580521,43.322233,2018,8.149106979370117,917.0646362304688,81.0,-10.04285717010498,917.0646362304688,81.0,-10.04285717010498
3090803765,Anaxyrus americanus,-70.99714,44.562688,2020,3.3511667251586914,1020.5671997070312,89.0,-16.851999282836914,1020.5671997070312,89.0,-16.851999282836914
3090692480,Lithobates pipiens,-68.818589,44.927272,2021,6.328499794006348,1025.414794921875,68.0,-14.34000015258789,1025.414794921875,68.0,-14.34000015258789
3070777878,Anaxyrus americanus,-69.09274,45.831823,2019,3.880666494369507,1090.758544921875,57.0,-17.944000244140625,1090.758544921875,57.0,-17.944000244140625
3070492512,Anaxyrus americanus,-69.40197,44.03633,2018,,,,,,,
3070487238,Anaxyrus americanus,-70.185617,44.257317,2015,6.728166580200195,1010.7495727539062,74.0,-13.640000343322754,1010.7495727539062,74.0,-13.640000343322754
3070440937,Anaxyrus americanus,-68.944602,45.892174,2019,1.3846666812896729,1074.52685546875,82.0,-19.531999588012695,1074.52685546875,82.0,-19.531999588012695
3068115603,Anaxyrus americanus,-70.255265,43.626023,2020,8.122618675231934,944.3306274414062,81.0,-10.671428680419922,944.3306274414062,81.0,-10.671428680419922
3068015549,Anaxyrus americanus,-70.287166,43.704232,2018,7.834469795227051,949.9675903320312,81.0,-11.068181991577148,949.9675903320312,81.0,-11.068181991577148
3067981569,Dryophytes versicolor,-70.287209,43.705587,2020,7.834469795227051,949.9675903320312,81.0,-11.068181991577148,949.9675903320312,81.0,-11.068181991577148
3067944771,Dryophytes versicolor,-69.710167,44.115403,2021,7.260166645050049,974.0995483398438,77.0,-11.944000244140625,974.0995483398438,77.0,-11.944000244140625
3067917974,Anaxyrus americanus,-70.546876,43.341823,2020,8.045666694641113,919.454345703125,81.0,-10.303999900817871,919.454345703125,81.0,-10.303999900817871
3067874376,Anaxyrus americanus,-70.927399,43.965801,2020,6.733833312988281,1010.2066040039062,84.0,-14.588000297546387,1010.2066040039062,84.0,-14.588000297546387
3067804707,Anaxyrus americanus,-70.287158,43.704313,2020,7.834469795227051,949.9675903320312,81.0,-11.068181991577148,949.9675903320312,81.0,-11.068181991577148
3067790245,Anaxyrus americanus,-70.989368,44.358174,2017,5.436166763305664,1010.6446533203125,71.0,-15.232000350952148,1010.6446533203125,71.0,-15.232000350952148
3067742759,Dryophytes versicolor,-70.287811,43.705265,2019,7.834469795227051,949.9675903320312,81.0,-11.068181991577148,949.9675903320312,81.0,-11.068181991577148
3067609636,Anaxyrus americanus,-70.546458,43.337358,2019,8.045666694641113,919.454345703125,81.0,-10.303999900817871,919.454345703125,81.0,-10.303999900817871
3061679109,Lithobates pipiens,-69.53335,45.494775,2013,3.87933349609375,1089.968994140625,63.0,-18.003999710083008,1089.968994140625,63.0,-18.003999710083008
3059063929,Dryophytes versicolor,-69.950293,43.956296,2017,7.578666687011719,964.7484130859375,79.0,-11.359999656677246,964.7484130859375,79.0,-11.359999656677246
3058919522,Dryophytes versicolor,-69.635527,44.920331,2013,5.483500003814697,1044.2437744140625,67.0,-15.97599983215332,1044.2437744140625,67.0,-15.97599983215332
3058792571,Anaxyrus americanus,-68.98467,45.895798,2006,2.928333282470703,1083.318603515625,63.0,-18.59200096130371,1083.318603515625,63.0,-18.59200096130371
3039354554,Dryophytes versicolor,-69.397255,44.041531,2020,,,,,,,
3039254223,Dryophytes versicolor,-69.920419,43.934458,2016,7.578666687011719,964.7484130859375,79.0,-11.359999656677246,964.7484130859375,79.0,-11.359999656677246
3031602841,Anaxyrus americanus,-70.583634,43.929805,2020,6.918499946594238,980.228759765625,83.0,-13.456000328063965,980.228759765625,83.0,-13.456000328063965
3008423705,Anaxyrus americanus,-70.323945,43.703503,2020,7.831333160400391,959.189208984375,81.0,-11.355999946594238,959.189208984375,81.0,-11.355999946594238
3005185684,Anaxyrus americanus,-70.249292,44.746025,2020,5.3523335456848145,1036.5020751953125,72.0,-16.07200050354004,1036.5020751953125,72.0,-16.07200050354004
2999110703,Anaxyrus americanus,-70.146867,44.666653,2020,5.921999931335449,1037.581298828125,73.0,-15.687999725341797,1037.581298828125,73.0,-15.687999725341797
2999084474,Dryophytes versicolor,-69.652242,44.437277,2020,6.842166423797607,1007.6211547851562,68.0,-13.416000366210938,1007.6211547851562,68.0,-13.416000366210938
2992885074,Dryophytes versicolor,-70.637759,43.180479,2019,8.319499969482422,908.5286865234375,81.0,-9.539999961853027,908.5286865234375,81.0,-9.539999961853027
2992768728,Lithobates pipiens,-68.81016,44.92947,2020,6.328499794006348,1025.414794921875,68.0,-14.34000015258789,1025.414794921875,68.0,-14.34000015258789
2992739470,Dryophytes versicolor,-69.577319,43.938238,2009,7.636666774749756,895.3584594726562,78.0,-9.744999885559082,895.3584594726562,78.0,-9.744999885559082
2992718470,Dryophytes versicolor,-69.577319,43.938238,2009,7.636666774749756,895.3584594726562,78.0,-9.744999885559082,895.3584594726562,78.0,-9.744999885559082
2992677069,Anaxyrus americanus,-68.342216,44.246696,2020,,,,,,,
2992658482,Lithobates pipiens,-68.75452,44.727117,2020,6.747833251953125,1006.8766479492188,75.0,-13.479999542236328,1006.8766479492188,75.0,-13.479999542236328
2988567655,Dryophytes versicolor,-68.812367,44.928992,2020,6.328499794006348,1025.414794921875,68.0,-14.34000015258789,1025.414794921875,68.0,-14.34000015258789
2988455609,Dryophytes versicolor,-69.387795,44.279087,2020,6.909666538238525,966.7813720703125,79.0,-12.175999641418457,966.7813720703125,79.0,-12.175999641418457
2988402739,Lithobates pipiens,-67.195898,44.84411,2020,6.197999954223633,951.7337036132812,78.0,-12.895999908447266,951.7337036132812,78.0,-12.895999908447266
2988285631,Dryophytes versicolor,-69.585511,44.627972,2020,6.573666572570801,1027.0716552734375,65.0,-14.407999992370605,1027.0716552734375,65.0,-14.407999992370605
2988281622,Dryophytes versicolor,-67.073087,44.972182,2020,6.224536895751953,923.81787109375,80.0,-12.283333778381348,923.81787109375,80.0,-12.283333778381348
2984561671,Lithobates pipiens,-68.808101,44.929803,2020,6.328499794006348,1025.414794921875,68.0,-14.34000015258789,1025.414794921875,68.0,-14.34000015258789
2982341317,Dryophytes versicolor,-69.74896,44.70836,2020,6.093500137329102,1036.076171875,67.0,-15.180000305175781,1036.076171875,67.0,-15.180000305175781
2982341316,Dryophytes versicolor,-70.040608,44.999189,2020,5.115499973297119,1048.348388671875,66.0,-16.559999465942383,1048.348388671875,66.0,-16.559999465942383
2982341305,Dryophytes versicolor,-70.359616,45.112025,2020,3.8416666984558105,1052.4803466796875,65.0,-17.328001022338867,1052.4803466796875,65.0,-17.328001022338867
2981085537,Dryophytes versicolor,-69.081608,45.174539,2020,5.554500102996826,1050.314453125,69.0,-15.883999824523926,1050.314453125,69.0,-15.883999824523926
2981079367,Dryophytes versicolor,-67.166677,44.681617,2020,6.133999824523926,924.7009887695312,78.0,-12.355999946594238,924.7009887695312,78.0,-12.355999946594238
2980858995,Dryophytes versicolor,-70.66897,43.44222,2019,7.795666694641113,955.4168090820312,85.0,-11.592000007629395,955.4168090820312,85.0,-11.592000007629395
2980858555,Lithobates pipiens,-68.817662,44.925657,2020,6.328499794006348,1025.414794921875,68.0,-14.34000015258789,1025.414794921875,68.0,-14.34000015258789
2980786484,Lithobates pipiens,-68.808183,44.92979,2020,6.328499794006348,1025.414794921875,68.0,-14.34000015258789,1025.414794921875,68.0,-14.34000015258789
2963932691,Lithobates pipiens,-68.817978,44.926303,2020,6.328499794006348,1025.414794921875,68.0,-14.34000015258789,1025.414794921875,68.0,-14.34000015258789
2963914919,Anaxyrus americanus,-70.289234,45.147277,2007,3.1696667671203613,1049.2166748046875,76.0,-17.743999481201172,1049.2166748046875,76.0,-17.743999481201172
2963910676,Lithobates pipiens,-68.817966,44.926255,2020,6.328499794006348,1025.414794921875,68.0,-14.34000015258789,1025.414794921875,68.0,-14.34000015258789
2963887535,Anaxyrus americanus,-68.748999,44.820385,2020,6.86566686630249,1019.4971923828125,71.0,-13.619999885559082,1019.4971923828125,71.0,-13.619999885559082
2963871655,Lithobates pipiens,-68.817907,44.926174,2020,6.328499794006348,1025.414794921875,68.0,-14.34000015258789,1025.414794921875,68.0,-14.34000015258789
2963784917,Lithobates pipiens,-68.753126,44.865155,2009,6.592499732971191,1020.1878662109375,70.0,-13.927999496459961,1020.1878662109375,70.0,-13.927999496459961
2901807590,Anaxyrus americanus,-69.158408,45.616722,2020,3.9008333683013916,1078.0762939453125,63.0,-17.687999725341797,1078.0762939453125,63.0,-17.687999725341797
2901779218,Lithobates pipiens,-68.817623,44.925577,2020,6.328499794006348,1025.414794921875,68.0,-14.34000015258789,1025.414794921875,68.0,-14.34000015258789
2901728097,Dryophytes versicolor,-70.297112,43.813325,2020,7.2158331871032715,964.1209106445312,82.0,-12.239999771118164,964.1209106445312,82.0,-12.239999771118164
2901689227,Lithobates pipiens,-68.817914,44.926204,2020,6.328499794006348,1025.414794921875,68.0,-14.34000015258789,1025.414794921875,68.0,-14.34000015258789
2901641336,Dryophytes versicolor,-70.666163,43.874034,2020,6.880666732788086,976.7943115234375,83.0,-13.520000457763672,976.7943115234375,83.0,-13.520000457763672
2901597634,Lithobates pipiens,-68.817809,44.925754,2020,6.328499794006348,1025.414794921875,68.0,-14.34000015258789,1025.414794921875,68.0,-14.34000015258789
2901581113,Anaxyrus americanus,-70.14715,44.677924,2020,5.76633358001709,1037.781982421875,73.0,-15.859999656677246,1037.781982421875,73.0,-15.859999656677246
2901575977,Anaxyrus americanus,-68.8,44.8,2020,6.762666702270508,1022.8121948242188,72.0,-13.760000228881836,1022.8121948242188,72.0,-13.760000228881836
2901535509,Anaxyrus americanus,-70.154813,44.610619,2020,5.975500106811523,1033.4898681640625,72.0,-15.46399974822998,1033.4898681640625,72.0,-15.46399974822998
2901508174,Lithobates pipiens,-68.817937,44.926262,2020,6.328499794006348,1025.414794921875,68.0,-14.34000015258789,1025.414794921875,68.0,-14.34000015258789
2898510571,Lithobates pipiens,-68.817735,44.925711,2020,6.328499794006348,1025.414794921875,68.0,-14.34000015258789,1025.414794921875,68.0,-14.34000015258789
2898485502,Anaxyrus americanus,-70.311713,43.872197,2020,7.084166526794434,966.586181640625,83.0,-12.415999412536621,966.586181640625,83.0,-12.415999412536621
2898434835,Lithobates pipiens,-68.807745,44.929861,2020,6.328499794006348,1025.414794921875,68.0,-14.34000015258789,1025.414794921875,68.0,-14.34000015258789
2898343834,Lithobates pipiens,-68.816777,44.928405,2020,6.328499794006348,1025.414794921875,68.0,-14.34000015258789,1025.414794921875,68.0,-14.34000015258789
2898329839,Lithobates pipiens,-68.817755,44.925375,2020,6.328499794006348,1025.414794921875,68.0,-14.34000015258789,1025.414794921875,68.0,-14.34000015258789
2883213729,Lithobates pipiens,-68.81786,44.925928,2020,6.328499794006348,1025.414794921875,68.0,-14.34000015258789,1025.414794921875,68.0,-14.34000015258789
2883202595,Lithobates pipiens,-68.816973,44.928382,2020,6.328499794006348,1025.414794921875,68.0,-14.34000015258789,1025.414794921875,68.0,-14.34000015258789
2883147921,Lithobates pipiens,-68.818091,44.92664,2020,6.328499794006348,1025.414794921875,68.0,-14.34000015258789,1025.414794921875,68.0,-14.34000015258789
2883107785,Anaxyrus americanus,-70.235092,43.980167,2020,7.073666572570801,974.0407104492188,81.0,-12.36400032043457,974.0407104492188,81.0,-12.36400032043457
2883070215,Lithobates pipiens,-68.81812,44.926603,2020,6.328499794006348,1025.414794921875,68.0,-14.34000015258789,1025.414794921875,68.0,-14.34000015258789
2882977785,Anaxyrus americanus,-69.146828,44.231012,2020,6.7704997062683105,946.8226928710938,84.0,-11.696000099182129,946.8226928710938,84.0,-11.696000099182129
2874042340,Anaxyrus americanus,-69.96152,43.901605,2020,7.499833106994629,951.3106079101562,79.0,-11.196000099182129,951.3106079101562,79.0,-11.196000099182129
2874035603,Dryophytes versicolor,-68.559511,44.441508,2020,6.809999942779541,957.6420288085938,78.0,-12.220000267028809,957.6420288085938,78.0,-12.220000267028809
2873999711,Lithobates pipiens,-68.818052,44.926417,2020,6.328499794006348,1025.414794921875,68.0,-14.34000015258789,1025.414794921875,68.0,-14.34000015258789
2873980490,Lithobates pipiens,-68.81838,44.927146,2020,6.328499794006348,1025.414794921875,68.0,-14.34000015258789,1025.414794921875,68.0,-14.34000015258789
2873976215,Lithobates pipiens,-68.814004,44.928846,2020,6.328499794006348,1025.414794921875,68.0,-14.34000015258789,1025.414794921875,68.0,-14.34000015258789
2873966173,Lithobates pipiens,-68.811296,44.92924,2020,6.328499794006348,1025.414794921875,68.0,-14.34000015258789,1025.414794921875,68.0,-14.34000015258789
2873962816,Lithobates pipiens,-68.807732,44.929858,2020,6.328499794006348,1025.414794921875,68.0,-14.34000015258789,1025.414794921875,68.0,-14.34000015258789
2873913322,Anaxyrus americanus,-70.003464,45.534483,2020,3.2173333168029785,1092.2406005859375,61.0,-18.336000442504883,1092.2406005859375,61.0,-18.336000442504883
2873906131,Lithobates pipiens,-68.817891,44.926121,2020,6.328499794006348,1025.414794921875,68.0,-14.34000015258789,1025.414794921875,68.0,-14.34000015258789
2873886477,Anaxyrus americanus,-68.466417,44.83103,2020,6.180500030517578,1005.5964965820312,82.0,-14.0,1005.5964965820312,82.0,-14.0
2873886258,Lithobates pipiens,-68.80977,44.929554,2020,6.328499794006348,1025.414794921875,68.0,-14.34000015258789,1025.414794921875,68.0,-14.34000015258789
2873835982,Dryophytes versicolor,-69.588318,44.067069,2020,7.418000221252441,948.1199340820312,79.0,-11.13599967956543,948.1199340820312,79.0,-11.13599967956543
2873829305,Lithobates pipiens,-68.817803,44.925865,2020,6.328499794006348,1025.414794921875,68.0,-14.34000015258789,1025.414794921875,68.0,-14.34000015258789
2873796997,Lithobates pipiens,-68.817932,44.926399,2020,6.328499794006348,1025.414794921875,68.0,-14.34000015258789,1025.414794921875,68.0,-14.34000015258789
2873792001,Lithobates pipiens,-68.818298,44.926933,2020,6.328499794006348,1025.414794921875,68.0,-14.34000015258789,1025.414794921875,68.0,-14.34000015258789
2873787238,Lithobates pipiens,-68.814428,44.928746,2020,6.328499794006348,1025.414794921875,68.0,-14.34000015258789,1025.414794921875,68.0,-14.34000015258789
2873786221,Lithobates pipiens,-68.817969,44.926181,2020,6.328499794006348,1025.414794921875,68.0,-14.34000015258789,1025.414794921875,68.0,-14.34000015258789
2873771905,Lithobates pipiens,-68.81799,44.925761,2020,6.328499794006348,1025.414794921875,68.0,-14.34000015258789,1025.414794921875,68.0,-14.34000015258789
2868402658,Anaxyrus americanus,-70.986316,44.181846,2016,6.4688334465026855,1006.5697631835938,77.0,-14.572000503540039,1006.5697631835938,77.0,-14.572000503540039
2868358664,Anaxyrus americanus,-69.855642,43.727076,2020,7.704807758331299,862.8372192382812,76.0,-8.992307662963867,862.8372192382812,76.0,-8.992307662963867
2868260250,Dryophytes versicolor,-70.894824,43.366169,2020,7.756499767303467,958.7108764648438,84.0,-11.748000144958496,958.7108764648438,84.0,-11.748000144958496
2868206948,Anaxyrus americanus,-70.496512,43.68505,2020,7.269833564758301,968.3546142578125,82.0,-12.564000129699707,968.3546142578125,82.0,-12.564000129699707
2868107551,Anaxyrus americanus,-69.03115,45.88027,2020,3.693333387374878,1090.853271484375,55.0,-18.148000717163086,1090.853271484375,55.0,-18.148000717163086
2868099105,Lithobates pipiens,-69.184433,44.746898,2010,6.289999961853027,1015.9970092773438,74.0,-14.284000396728516,1015.9970092773438,74.0,-14.284000396728516
2868080073,Dryophytes versicolor,-69.182266,44.749471,2017,6.289999961853027,1015.9970092773438,74.0,-14.284000396728516,1015.9970092773438,74.0,-14.284000396728516
2864841378,Anaxyrus americanus,-70.26493,43.817528,2020,7.257833480834961,958.3055419921875,82.0,-11.996000289916992,958.3055419921875,82.0,-11.996000289916992
2864828084,Anaxyrus americanus,-70.624998,44.128666,2020,6.467833518981934,1002.6340942382812,79.0,-14.343999862670898,1002.6340942382812,79.0,-14.343999862670898
2864818725,Lithobates pipiens,-68.76693,44.824783,2020,7.00333309173584,1028.0465087890625,72.0,-13.616000175476074,1028.0465087890625,72.0,-13.616000175476074
2864636644,Anaxyrus americanus,-67.001509,44.85282,2015,6.387744903564453,877.0745849609375,77.0,-11.24117660522461,877.0745849609375,77.0,-11.24117660522461
2864624700,Dryophytes versicolor,-69.59741,43.952561,2020,7.624275207519531,907.6475219726562,78.0,-9.960869789123535,907.6475219726562,78.0,-9.960869789123535
2864614570,Lithobates pipiens,-68.808044,44.929705,2020,6.328499794006348,1025.414794921875,68.0,-14.34000015258789,1025.414794921875,68.0,-14.34000015258789
2864588961,Lithobates pipiens,-68.76583,44.824547,2020,7.00333309173584,1028.0465087890625,72.0,-13.616000175476074,1028.0465087890625,72.0,-13.616000175476074
2864588191,Dryophytes versicolor,-70.628368,43.842697,2020,6.880666732788086,976.7943115234375,83.0,-13.520000457763672,976.7943115234375,83.0,-13.520000457763672
2864583791,Lithobates pipiens,-69.255692,46.756025,2020,3.1663331985473633,1126.8846435546875,53.0,-19.520000457763672,1126.8846435546875,53.0,-19.520000457763672
2862654382,Anaxyrus americanus,-70.257897,43.822283,2020,7.257833480834961,958.3055419921875,82.0,-11.996000289916992,958.3055419921875,82.0,-11.996000289916992
2862588420,Anaxyrus americanus,-70.147836,44.679326,2020,5.76633358001709,1037.781982421875,73.0,-15.859999656677246,1037.781982421875,73.0,-15.859999656677246
2862537862,Anaxyrus americanus,-69.43457,43.933512,2020,7.5550923347473145,898.7481689453125,77.0,-9.655555725097656,898.7481689453125,77.0,-9.655555725097656
2862527699,Dryophytes versicolor,-69.077664,44.415185,2020,6.892499923706055,958.8275146484375,84.0,-12.116000175476074,958.8275146484375,84.0,-12.116000175476074
2862502725,Lithobates pipiens,-68.94053,44.944848,2020,6.230833053588867,1027.0938720703125,69.0,-14.564000129699707,1027.0938720703125,69.0,-14.564000129699707
2862499604,Lithobates pipiens,-68.814835,44.928689,2020,6.328499794006348,1025.414794921875,68.0,-14.34000015258789,1025.414794921875,68.0,-14.34000015258789
2862488035,Lithobates pipiens,-70.190495,44.247152,2020,6.722833156585693,1005.3626098632812,76.0,-13.447999954223633,1005.3626098632812,76.0,-13.447999954223633
2862487721,Anaxyrus americanus,-69.382483,44.192303,2020,7.148499965667725,959.2625732421875,80.0,-11.607999801635742,959.2625732421875,80.0,-11.607999801635742
2862485251,Anaxyrus americanus,-69.194745,46.937349,2020,3.0436668395996094,1126.4432373046875,55.0,-19.631999969482422,1126.4432373046875,55.0,-19.631999969482422
2862433888,Anaxyrus americanus,-70.610148,43.288415,2020,8.165398597717285,912.9607543945312,81.0,-9.92173957824707,912.9607543945312,81.0,-9.92173957824707
2862381652,Lithobates pipiens,-68.627802,44.868561,2020,6.544000148773193,1010.6740112304688,70.0,-13.751999855041504,1010.6740112304688,70.0,-13.751999855041504
2862380205,Anaxyrus americanus,-70.450592,43.68568,2020,7.3466668128967285,965.3731079101562,81.0,-12.319999694824219,965.3731079101562,81.0,-12.319999694824219
2862355891,Dryophytes versicolor,-69.898895,44.325165,2020,6.9618330001831055,1008.0593872070312,71.0,-13.279999732971191,1008.0593872070312,71.0,-13.279999732971191
2862313533,Anaxyrus americanus,-70.610225,43.288658,2020,8.165398597717285,912.9607543945312,81.0,-9.92173957824707,912.9607543945312,81.0,-9.92173957824707
2862304284,Anaxyrus americanus,-69.180078,44.190717,2020,6.9741668701171875,944.03466796875,82.0,-11.395999908447266,944.03466796875,82.0,-11.395999908447266
2862302069,Dryophytes versicolor,-70.219172,43.65725,2020,8.066319465637207,926.9019165039062,80.0,-10.366666793823242,926.9019165039062,80.0,-10.366666793823242
2862292109,Dryophytes versicolor,-70.300739,43.621207,2020,7.96999979019165,946.7254028320312,80.0,-10.892000198364258,946.7254028320312,80.0,-10.892000198364258
2862282593,Lithobates pipiens,-68.81266,44.929046,2020,6.328499794006348,1025.414794921875,68.0,-14.34000015258789,1025.414794921875,68.0,-14.34000015258789
2860183881,Anaxyrus americanus,-70.451598,43.691402,2020,7.3466668128967285,965.3731079101562,81.0,-12.319999694824219,965.3731079101562,81.0,-12.319999694824219
2860127719,Lithobates pipiens,-69.375458,46.319699,2020,3.438500165939331,1113.6993408203125,52.0,-19.011999130249023,1113.6993408203125,52.0,-19.011999130249023
2860110157,Anaxyrus americanus,-69.74762,44.70533,2020,6.234833240509033,1028.6566162109375,66.0,-14.887999534606934,1028.6566162109375,66.0,-14.887999534606934
2860080203,Lithobates pipiens,-69.255625,46.756058,2020,3.1663331985473633,1126.8846435546875,53.0,-19.520000457763672,1126.8846435546875,53.0,-19.520000457763672
2859987150,Dryophytes versicolor,-69.416485,43.977886,2020,,,,,,,
2859972533,Dryophytes versicolor,-70.59928,43.915808,2020,7.1623334884643555,958.4794311523438,83.0,-12.604000091552734,958.4794311523438,83.0,-12.604000091552734
2859963103,Dryophytes versicolor,-68.789987,45.093095,2020,5.994999885559082,1037.5826416015625,68.0,-15.084000587463379,1037.5826416015625,68.0,-15.084000587463379
2859962132,Anaxyrus americanus,-68.710547,44.28688,2020,,,,,,,
2859962026,Dryophytes versicolor,-68.72481,44.842603,2020,6.577000141143799,1016.5341796875,70.0,-13.859999656677246,1016.5341796875,70.0,-13.859999656677246
2859935648,Dryophytes versicolor,-69.913543,43.885652,2020,7.660984992980957,941.482666015625,78.0,-10.759090423583984,941.482666015625,78.0,-10.759090423583984
2859931901,Lithobates pipiens,-68.807506,44.929712,2020,6.328499794006348,1025.414794921875,68.0,-14.34000015258789,1025.414794921875,68.0,-14.34000015258789
2859926056,Dryophytes versicolor,-67.029362,44.91156,2020,,,,,,,
2859922540,Lithobates pipiens,-68.161815,46.091871,2020,4.18583345413208,1107.2666015625,58.0,-18.176000595092773,1107.2666015625,58.0,-18.176000595092773
2859900135,Anaxyrus americanus,-69.383639,44.350958,2020,6.715000152587891,977.3143310546875,78.0,-12.699999809265137,977.3143310546875,78.0,-12.699999809265137
2859894407,Anaxyrus americanus,-70.823207,43.208934,2020,8.292166709899902,947.2133178710938,81.0,-10.619999885559082,947.2133178710938,81.0,-10.619999885559082
2856779490,Anaxyrus americanus,-70.864122,44.883846,2020,4.021166801452637,1056.0396728515625,58.0,-17.583999633789062,1056.0396728515625,58.0,-17.583999633789062
2856738653,Dryophytes versicolor,-69.367183,44.105692,2020,7.170000076293945,941.9762573242188,80.0,-11.0600004196167,941.9762573242188,80.0,-11.0600004196167
2856718640,Anaxyrus americanus,-69.035392,44.329422,2020,7.0291666984558105,938.0237426757812,82.0,-11.472000122070312,938.0237426757812,82.0,-11.472000122070312
2856679466,Anaxyrus americanus,-68.842326,45.735035,2020,4.942333221435547,1092.2025146484375,58.0,-16.979999542236328,1092.2025146484375,58.0,-16.979999542236328
2856662534,Anaxyrus americanus,-70.833458,44.470825,2020,5.41349983215332,1024.60498046875,66.0,-15.519999504089355,1024.60498046875,66.0,-15.519999504089355
2856633457,Anaxyrus americanus,-70.30517,43.624767,2020,7.96999979019165,946.7254028320312,80.0,-10.892000198364258,946.7254028320312,80.0,-10.892000198364258
2856631504,Anaxyrus americanus,-70.783997,43.165039,2020,8.51883316040039,925.3447875976562,81.0,-9.751999855041504,925.3447875976562,81.0,-9.751999855041504
2856623499,Anaxyrus americanus,-70.184538,45.48738,2020,3.0863335132598877,1083.6534423828125,64.0,-18.45599937438965,1083.6534423828125,64.0,-18.45599937438965
2856615935,Dryophytes versicolor,-68.164919,44.600382,2020,6.622499942779541,976.6190185546875,77.0,-13.164000511169434,976.6190185546875,77.0,-13.164000511169434
2856578570,Anaxyrus americanus,-68.950109,45.77883,2020,4.784333229064941,1088.001220703125,56.0,-17.11600112915039,1088.001220703125,56.0,-17.11600112915039
2856567534,Anaxyrus americanus,-68.817854,44.92584,2020,6.328499794006348,1025.414794921875,68.0,-14.34000015258789,1025.414794921875,68.0,-14.34000015258789
2856563614,Lithobates pipiens,-68.815942,44.928557,2020,6.328499794006348,1025.414794921875,68.0,-14.34000015258789,1025.414794921875,68.0,-14.34000015258789
2856550423,Anaxyrus americanus,-69.615233,43.873478,2020,,,,,,,
2856547504,Lithobates pipiens,-68.789742,45.093197,2020,5.994999885559082,1037.5826416015625,68.0,-15.084000587463379,1037.5826416015625,68.0,-15.084000587463379
2856529482,Anaxyrus americanus,-68.817571,44.925611,2020,6.328499794006348,1025.414794921875,68.0,-14.34000015258789,1025.414794921875,68.0,-14.34000015258789
2856521616,Lithobates pipiens,-68.815676,44.928725,2020,6.328499794006348,1025.414794921875,68.0,-14.34000015258789,1025.414794921875,68.0,-14.34000015258789
2856515493,Anaxyrus americanus,-69.029861,44.326747,2020,7.0291666984558105,938.0237426757812,82.0,-11.472000122070312,938.0237426757812,82.0,-11.472000122070312
2856488112,Anaxyrus americanus,-69.11713,44.269263,2020,7.117166519165039,948.5928344726562,82.0,-11.54800033569336,948.5928344726562,82.0,-11.54800033569336
2851322432,Lithobates pipiens,-68.80896,44.929643,2020,6.328499794006348,1025.414794921875,68.0,-14.34000015258789,1025.414794921875,68.0,-14.34000015258789
2851302492,Lithobates pipiens,-68.812142,44.928983,2020,6.328499794006348,1025.414794921875,68.0,-14.34000015258789,1025.414794921875,68.0,-14.34000015258789
2851301351,Dryophytes versicolor,-68.503063,44.508647,2020,6.770500183105469,973.273193359375,79.0,-12.65999984741211,973.273193359375,79.0,-12.65999984741211
2851291086,Lithobates pipiens,-68.761432,44.829841,2020,7.00333309173584,1028.0465087890625,72.0,-13.616000175476074,1028.0465087890625,72.0,-13.616000175476074
2851284775,Anaxyrus americanus,-69.512454,45.487949,2020,3.87933349609375,1089.968994140625,63.0,-18.003999710083008,1089.968994140625,63.0,-18.003999710083008
2851275196,Anaxyrus americanus,-70.041458,43.893963,2020,7.3520002365112305,946.6617431640625,80.0,-11.315999984741211,946.6617431640625,80.0,-11.315999984741211
2851266744,Dryophytes versicolor,-70.193747,44.098239,2020,7.293666362762451,1008.8617553710938,79.0,-12.704000473022461,1008.8617553710938,79.0,-12.704000473022461
2851262690,Dryophytes versicolor,-70.624192,43.899395,2020,7.1623334884643555,958.4794311523438,83.0,-12.604000091552734,958.4794311523438,83.0,-12.604000091552734
2851231606,Anaxyrus americanus,-69.043258,45.818437,2020,3.9605000019073486,1087.7091064453125,57.0,-17.804000854492188,1087.7091064453125,57.0,-17.804000854492188
2851228490,Dryophytes versicolor,-70.027936,44.820342,2020,5.330166816711426,1039.529052734375,71.0,-16.18400001525879,1039.529052734375,71.0,-16.18400001525879
2851218486,Anaxyrus americanus,-70.586068,43.91261,2020,7.1623334884643555,958.4794311523438,83.0,-12.604000091552734,958.4794311523438,83.0,-12.604000091552734
2851207417,Anaxyrus americanus,-70.586105,43.912522,2020,7.1623334884643555,958.4794311523438,83.0,-12.604000091552734,958.4794311523438,83.0,-12.604000091552734
2851139414,Lithobates pipiens,-68.813179,44.929002,2020,6.328499794006348,1025.414794921875,68.0,-14.34000015258789,1025.414794921875,68.0,-14.34000015258789
2851132388,Lithobates pipiens,-68.812254,44.929145,2020,6.328499794006348,1025.414794921875,68.0,-14.34000015258789,1025.414794921875,68.0,-14.34000015258789
2851110918,Anaxyrus americanus,-70.608952,43.685683,2020,7.1616668701171875,975.1774291992188,84.0,-13.15999984741211,975.1774291992188,84.0,-13.15999984741211
2851063027,Anaxyrus americanus,-70.595843,44.432297,2020,5.404333114624023,1020.9861450195312,73.0,-15.368000030517578,1020.9861450195312,73.0,-15.368000030517578
2851057744,Anaxyrus americanus,-70.739655,43.8848,2020,6.555833339691162,996.0956420898438,85.0,-14.415999412536621,996.0956420898438,85.0,-14.415999412536621
2851051167,Dryophytes versicolor,-68.020447,44.448112,2020,6.816468238830566,924.1453247070312,75.0,-11.819047927856445,924.1453247070312,75.0,-11.819047927856445
2851043570,Anaxyrus americanus,-69.48728,44.189462,2020,7.314499855041504,965.78955078125,77.0,-11.720000267028809,965.78955078125,77.0,-11.720000267028809
2850922425,Lithobates pipiens,-68.807826,44.929594,2020,6.328499794006348,1025.414794921875,68.0,-14.34000015258789,1025.414794921875,68.0,-14.34000015258789
2850914143,Anaxyrus americanus,-70.449739,43.693422,2020,7.3466668128967285,965.3731079101562,81.0,-12.319999694824219,965.3731079101562,81.0,-12.319999694824219
2850896424,Lithobates pipiens,-68.818358,44.924769,2020,6.328499794006348,1025.414794921875,68.0,-14.34000015258789,1025.414794921875,68.0,-14.34000015258789
2850880731,Anaxyrus americanus,-69.135911,45.822783,2020,3.886833429336548,1093.435791015625,56.0,-18.007999420166016,1093.435791015625,56.0,-18.007999420166016
2850875586,Anaxyrus americanus,-69.024825,45.808618,2020,4.309333324432373,1086.5076904296875,55.0,-17.503999710083008,1086.5076904296875,55.0,-17.503999710083008
2850873544,Dryophytes versicolor,-70.19,44.1,2020,7.293666362762451,1008.8617553710938,79.0,-12.704000473022461,1008.8617553710938,79.0,-12.704000473022461
2850827462,Lithobates pipiens,-68.405388,46.633257,2020,3.49916672706604,1148.640869140625,50.0,-20.331998825073242,1148.640869140625,50.0,-20.331998825073242
2850804074,Dryophytes versicolor,-70.452912,43.682243,2020,7.3466668128967285,965.3731079101562,81.0,-12.319999694824219,965.3731079101562,81.0,-12.319999694824219
2850774058,Anaxyrus americanus,-70.508519,43.926405,2020,6.952499866485596,980.5855102539062,84.0,-13.276000022888184,980.5855102539062,84.0,-13.276000022888184
2850754062,Anaxyrus americanus,-70.1519,44.665928,2020,5.921999931335449,1037.581298828125,73.0,-15.687999725341797,1037.581298828125,73.0,-15.687999725341797
2850747974,Anaxyrus americanus,-70.96397,44.395796,2020,5.6504998207092285,1017.6448364257812,67.0,-15.251999855041504,1017.6448364257812,67.0,-15.251999855041504
2850743497,Dryophytes versicolor,-69.385308,44.447413,2020,6.376500129699707,987.0676879882812,78.0,-13.303999900817871,987.0676879882812,78.0,-13.303999900817871
2850742650,Anaxyrus americanus,-69.032915,44.460743,2020,6.892166614532471,965.5928955078125,82.0,-12.444000244140625,965.5928955078125,82.0,-12.444000244140625
2850742001,Dryophytes versicolor,-69.570062,45.56358,2020,3.9783334732055664,1083.577392578125,59.0,-17.895999908447266,1083.577392578125,59.0,-17.895999908447266
2850738465,Dryophytes versicolor,-68.705995,44.617563,2020,6.751500129699707,989.9302368164062,82.0,-13.01200008392334,989.9302368164062,82.0,-13.01200008392334
2850737806,Dryophytes versicolor,-70.624,43.899372,2020,7.1623334884643555,958.4794311523438,83.0,-12.604000091552734,958.4794311523438,83.0,-12.604000091552734
2850708703,Dryophytes versicolor,-70.433299,43.735922,2020,7.2769999504089355,967.3765869140625,81.0,-12.423999786376953,967.3765869140625,81.0,-12.423999786376953
2850694058,Anaxyrus americanus,-70.264808,43.817458,2020,7.257833480834961,958.3055419921875,82.0,-11.996000289916992,958.3055419921875,82.0,-11.996000289916992
2850691790,Anaxyrus americanus,-69.512392,45.487902,2020,3.87933349609375,1089.968994140625,63.0,-18.003999710083008,1089.968994140625,63.0,-18.003999710083008
2850680056,Anaxyrus americanus,-69.058311,45.873403,2020,4.078500270843506,1091.1790771484375,54.0,-17.76799964904785,1091.1790771484375,54.0,-17.76799964904785
2850663852,Dryophytes versicolor,-69.710197,44.115489,2020,7.260166645050049,974.0995483398438,77.0,-11.944000244140625,974.0995483398438,77.0,-11.944000244140625
2850654892,Anaxyrus americanus,-69.921464,43.889945,2020,7.652651786804199,950.5384521484375,78.0,-10.940909385681152,950.5384521484375,78.0,-10.940909385681152
2850633022,Anaxyrus americanus,-70.700653,43.904658,2020,6.617666721343994,990.1669921875,85.0,-14.17199993133545,990.1669921875,85.0,-14.17199993133545
2850628174,Anaxyrus americanus,-68.421372,45.402058,2020,5.62166690826416,1066.9757080078125,70.0,-16.0,1066.9757080078125,70.0,-16.0
2850604253,Anaxyrus americanus,-69.512137,45.488076,2020,3.87933349609375,1089.968994140625,63.0,-18.003999710083008,1089.968994140625,63.0,-18.003999710083008
2850577946,Anaxyrus americanus,-70.673492,44.560597,2020,5.437166690826416,1032.3094482421875,64.0,-15.644000053405762,1032.3094482421875,64.0,-15.644000053405762
2826482154,Anaxyrus americanus,-68.909745,44.352851,2020,7.161403179168701,886.3173217773438,80.0,-10.59999942779541,886.3173217773438,80.0,-10.59999942779541
2826443859,Dryophytes versicolor,-68.196122,44.517967,2020,6.713949203491211,940.5792236328125,76.0,-12.386956214904785,940.5792236328125,76.0,-12.386956214904785
2826435016,Anaxyrus americanus,-68.972258,45.895358,2020,2.928333282470703,1083.318603515625,63.0,-18.59200096130371,1083.318603515625,63.0,-18.59200096130371
2826373729,Anaxyrus americanus,-70.581411,43.321323,2020,8.149106979370117,917.0646362304688,81.0,-10.04285717010498,917.0646362304688,81.0,-10.04285717010498
2826343939,Anaxyrus americanus,-69.391655,44.059742,2020,7.426811695098877,929.7979736328125,78.0,-10.617391586303711,929.7979736328125,78.0,-10.617391586303711
2826324038,Anaxyrus americanus,-70.409321,43.683508,2020,7.487333297729492,961.6553344726562,81.0,-12.008000373840332,961.6553344726562,81.0,-12.008000373840332
2826312128,Anaxyrus americanus,-70.627969,43.84265,2020,6.880666732788086,976.7943115234375,83.0,-13.520000457763672,976.7943115234375,83.0,-13.520000457763672
2826308021,Anaxyrus americanus,-69.418128,45.314522,2020,4.915500164031982,1066.39208984375,64.0,-16.831998825073242,1066.39208984375,64.0,-16.831998825073242
2826305045,Anaxyrus americanus,-69.418128,45.314797,2020,4.915500164031982,1066.39208984375,64.0,-16.831998825073242,1066.39208984375,64.0,-16.831998825073242
2826296937,Anaxyrus americanus,-69.4003,44.042264,2020,7.426811695098877,929.7979736328125,78.0,-10.617391586303711,929.7979736328125,78.0,-10.617391586303711
2826289700,Lithobates pipiens,-68.750812,44.725551,2020,6.747833251953125,1006.8766479492188,75.0,-13.479999542236328,1006.8766479492188,75.0,-13.479999542236328
2826259301,Anaxyrus americanus,-70.041541,43.893819,2020,7.3520002365112305,946.6617431640625,80.0,-11.315999984741211,946.6617431640625,80.0,-11.315999984741211
2826176781,Anaxyrus americanus,-70.58892,43.82707,2020,6.97866678237915,970.3174438476562,84.0,-13.156000137329102,970.3174438476562,84.0,-13.156000137329102
2826140930,Anaxyrus americanus,-69.109772,44.169147,2020,7.210999965667725,931.3956298828125,81.0,-10.927999496459961,931.3956298828125,81.0,-10.927999496459961
2826129003,Anaxyrus americanus,-70.041458,43.893822,2020,7.3520002365112305,946.6617431640625,80.0,-11.315999984741211,946.6617431640625,80.0,-11.315999984741211
2823408607,Dryophytes versicolor,-69.011008,44.39448,2020,7.017666816711426,955.3396606445312,82.0,-11.9399995803833,955.3396606445312,82.0,-11.9399995803833
2823394611,Anaxyrus americanus,-69.711168,45.484213,2020,2.994166612625122,1078.884033203125,70.0,-18.472000122070312,1078.884033203125,70.0,-18.472000122070312
2823393507,Anaxyrus americanus,-69.118478,44.273109,2020,7.117166519165039,948.5928344726562,82.0,-11.54800033569336,948.5928344726562,82.0,-11.54800033569336
2823339921,Anaxyrus americanus,-70.4094,45.173717,2020,4.15500020980835,1072.3448486328125,59.0,-17.459999084472656,1072.3448486328125,59.0,-17.459999084472656
2823319561,Anaxyrus americanus,-69.682847,44.369983,2020,6.968999862670898,998.5376586914062,71.0,-13.02400016784668,998.5376586914062,71.0,-13.02400016784668
2823305931,Dryophytes versicolor,-67.959572,44.710137,2020,6.373166561126709,994.1586303710938,79.0,-13.935999870300293,994.1586303710938,79.0,-13.935999870300293
2823287285,Anaxyrus americanus,-70.61872,43.90482,2020,7.1623334884643555,958.4794311523438,83.0,-12.604000091552734,958.4794311523438,83.0,-12.604000091552734
2823278370,Anaxyrus americanus,-69.707213,45.474908,2020,3.429499864578247,1081.62158203125,65.0,-18.191999435424805,1081.62158203125,65.0,-18.191999435424805
2823274674,Dryophytes versicolor,-69.083095,44.222517,2020,6.89965295791626,935.4232177734375,83.0,-11.337499618530273,935.4232177734375,83.0,-11.337499618530273
2823252338,Anaxyrus americanus,-69.498549,44.479782,2019,6.701666831970215,1001.9522705078125,72.0,-13.447999954223633,1001.9522705078125,72.0,-13.447999954223633
2823252264,Dryophytes versicolor,-70.822654,43.965389,2020,6.5898332595825195,1003.4649658203125,83.0,-14.600000381469727,1003.4649658203125,83.0,-14.600000381469727
2823224265,Anaxyrus americanus,-70.350203,43.785301,2020,7.260000228881836,961.2611694335938,82.0,-12.208000183105469,961.2611694335938,82.0,-12.208000183105469
2823222620,Dryophytes versicolor,-69.605022,44.481841,2020,6.796333312988281,1007.442626953125,68.0,-13.555999755859375,1007.442626953125,68.0,-13.555999755859375
2823173575,Anaxyrus americanus,-69.605277,44.481263,2020,6.796333312988281,1007.442626953125,68.0,-13.555999755859375,1007.442626953125,68.0,-13.555999755859375
2823155085,Anaxyrus americanus,-70.304703,43.6247,2020,7.96999979019165,946.7254028320312,80.0,-10.892000198364258,946.7254028320312,80.0,-10.892000198364258
2823123920,Anaxyrus americanus,-70.962881,44.022268,2020,6.725333213806152,1017.3042602539062,83.0,-14.604000091552734,1017.3042602539062,83.0,-14.604000091552734
2823108786,Anaxyrus americanus,-67.790567,44.546213,2020,6.729924201965332,893.4232788085938,76.0,-11.754545211791992,893.4232788085938,76.0,-11.754545211791992
2823107044,Dryophytes versicolor,-69.986292,43.879418,2020,7.499833106994629,951.3106079101562,79.0,-11.196000099182129,951.3106079101562,79.0,-11.196000099182129
2823091670,Anaxyrus americanus,-70.30981,43.683942,2020,7.831333160400391,959.189208984375,81.0,-11.355999946594238,959.189208984375,81.0,-11.355999946594238
2818771032,Anaxyrus americanus,-70.769105,43.323246,2020,7.957666873931885,944.5081787109375,85.0,-11.027999877929688,944.5081787109375,85.0,-11.027999877929688
2818737792,Anaxyrus americanus,-70.344639,43.750275,2020,7.260000228881836,961.2611694335938,82.0,-12.208000183105469,961.2611694335938,82.0,-12.208000183105469
2818733627,Anaxyrus americanus,-70.371419,44.997813,2020,2.632833242416382,1041.229736328125,87.0,-17.892000198364258,1041.229736328125,87.0,-17.892000198364258
2818655313,Anaxyrus americanus,-69.710433,44.115356,2020,7.260166645050049,974.0995483398438,77.0,-11.944000244140625,974.0995483398438,77.0,-11.944000244140625
2818619321,Dryophytes versicolor,-68.19535,44.534961,2019,6.713949203491211,940.5792236328125,76.0,-12.386956214904785,940.5792236328125,76.0,-12.386956214904785
2818579961,Anaxyrus americanus,-70.304795,43.80833,2020,7.2158331871032715,964.1209106445312,82.0,-12.239999771118164,964.1209106445312,82.0,-12.239999771118164
2818578851,Dryophytes versicolor,-69.724209,44.062003,2020,7.2164998054504395,962.75146484375,79.0,-11.696000099182129,962.75146484375,79.0,-11.696000099182129
2818566938,Dryophytes versicolor,-69.253146,44.116967,2020,7.324833393096924,937.2228393554688,80.0,-10.803999900817871,937.2228393554688,80.0,-10.803999900817871
2818556587,Anaxyrus americanus,-70.370218,44.981059,2020,2.632833242416382,1041.229736328125,87.0,-17.892000198364258,1041.229736328125,87.0,-17.892000198364258
2818509980,Anaxyrus americanus,-69.714405,44.549236,2020,6.504000186920166,1021.0947875976562,67.0,-14.244000434875488,1021.0947875976562,67.0,-14.244000434875488
2814452252,Anaxyrus americanus,-70.343987,44.654312,2020,4.7143330574035645,1028.7208251953125,76.0,-16.27199935913086,1028.7208251953125,76.0,-16.27199935913086
2814355649,Anaxyrus americanus,-69.502762,43.951,2020,7.555166721343994,901.4869995117188,78.0,-9.87600040435791,901.4869995117188,78.0,-9.87600040435791
2814352371,Lithobates pipiens,-68.818465,44.927285,2020,6.328499794006348,1025.414794921875,68.0,-14.34000015258789,1025.414794921875,68.0,-14.34000015258789
2814346031,Anaxyrus americanus,-68.58669,44.413966,2017,6.983333110809326,952.0177612304688,78.0,-11.847999572753906,952.0177612304688,78.0,-11.847999572753906
2814345383,Anaxyrus americanus,-67.023147,44.85418,2020,6.387744903564453,877.0745849609375,77.0,-11.24117660522461,877.0745849609375,77.0,-11.24117660522461
2814321322,Dryophytes versicolor,-68.896387,44.83072,2020,6.488666534423828,1016.676513671875,72.0,-14.027999877929688,1016.676513671875,72.0,-14.027999877929688
2814299253,Anaxyrus americanus,-70.953393,44.223812,2020,6.256666660308838,1004.6489868164062,77.0,-14.628000259399414,1004.6489868164062,77.0,-14.628000259399414
2814292361,Anaxyrus americanus,-70.14939,44.680403,2020,5.76633358001709,1037.781982421875,73.0,-15.859999656677246,1037.781982421875,73.0,-15.859999656677246
2814275484,Dryophytes versicolor,-68.963613,44.494849,2020,6.820000171661377,965.5169067382812,83.0,-12.531999588012695,965.5169067382812,83.0,-12.531999588012695
2814264856,Dryophytes versicolor,-70.793592,44.016519,2020,6.287166595458984,1002.5038452148438,87.0,-14.680000305175781,1002.5038452148438,87.0,-14.680000305175781
2814264650,Dryophytes versicolor,-70.746878,43.858276,2020,6.481333255767822,986.9087524414062,87.0,-14.144000053405762,986.9087524414062,87.0,-14.144000053405762
2814263165,Anaxyrus americanus,-70.342086,43.778627,2020,7.260000228881836,961.2611694335938,82.0,-12.208000183105469,961.2611694335938,82.0,-12.208000183105469
2814224527,Lithobates pipiens,-68.756534,44.729515,2020,6.747833251953125,1006.8766479492188,75.0,-13.479999542236328,1006.8766479492188,75.0,-13.479999542236328
2814198985,Anaxyrus americanus,-70.863525,43.749058,2020,6.764500141143799,984.9513549804688,87.0,-13.920000076293945,984.9513549804688,87.0,-13.920000076293945
2814051977,Dryophytes versicolor,-70.858571,43.17692,2020,,,,,,,
2814045372,Lithobates pipiens,-68.817491,44.925146,2020,6.328499794006348,1025.414794921875,68.0,-14.34000015258789,1025.414794921875,68.0,-14.34000015258789
2813982729,Anaxyrus americanus,-70.259408,43.822497,2020,7.257833480834961,958.3055419921875,82.0,-11.996000289916992,958.3055419921875,82.0,-11.996000289916992
2813950882,Anaxyrus americanus,-68.913513,45.924587,2020,1.9283332824707031,1081.6168212890625,72.0,-19.04400062561035,1081.6168212890625,72.0,-19.04400062561035
2813912820,Anaxyrus americanus,-69.617394,43.951466,2020,7.624275207519531,907.6475219726562,78.0,-9.960869789123535,907.6475219726562,78.0,-9.960869789123535
2813910840,Anaxyrus americanus,-69.654638,44.554426,2020,6.94350004196167,1025.3370361328125,66.0,-13.927999496459961,1025.3370361328125,66.0,-13.927999496459961
2803160389,Anaxyrus americanus,-70.229933,43.63957,2020,8.066319465637207,926.9019165039062,80.0,-10.366666793823242,926.9019165039062,80.0,-10.366666793823242
2803152823,Anaxyrus americanus,-70.448324,43.605944,2020,7.513999938964844,948.3323364257812,81.0,-11.704000473022461,948.3323364257812,81.0,-11.704000473022461
2803124957,Anaxyrus americanus,-70.54164,43.725088,2020,7.113833427429199,970.32763671875,83.0,-12.871999740600586,970.32763671875,83.0,-12.871999740600586
2803106892,Anaxyrus americanus,-69.057183,44.236825,2020,6.89965295791626,935.4232177734375,83.0,-11.337499618530273,935.4232177734375,83.0,-11.337499618530273
2803090877,Anaxyrus americanus,-70.179542,43.929313,2020,7.1551666259765625,966.578369140625,81.0,-12.079999923706055,966.578369140625,81.0,-12.079999923706055
2803070436,Anaxyrus americanus,-68.99563,44.33879,2020,6.944999694824219,942.6117553710938,83.0,-11.652000427246094,942.6117553710938,83.0,-11.652000427246094
2803052783,Anaxyrus americanus,-69.178595,44.685539,2020,6.294666767120361,1009.5563354492188,75.0,-14.095999717712402,1009.5563354492188,75.0,-14.095999717712402
2803009807,Anaxyrus americanus,-68.297088,45.505238,2020,5.459333419799805,1062.631591796875,68.0,-16.100000381469727,1062.631591796875,68.0,-16.100000381469727
2802985365,Dryophytes versicolor,-70.230356,44.138307,2020,7.008666515350342,1000.6619262695312,77.0,-13.027999877929688,1000.6619262695312,77.0,-13.027999877929688
2802944122,Dryophytes versicolor,-67.060955,44.915425,2020,,,,,,,
2802913873,Dryophytes versicolor,-68.300934,44.403647,2020,7.011833190917969,935.604248046875,75.0,-11.715999603271484,935.604248046875,75.0,-11.715999603271484
2802894946,Anaxyrus americanus,-69.287739,45.480295,2020,4.2241668701171875,1067.6583251953125,65.0,-17.299999237060547,1067.6583251953125,65.0,-17.299999237060547
2802856928,Anaxyrus americanus,-70.707709,43.963114,2020,6.5901665687561035,998.140380859375,83.0,-14.371999740600586,998.140380859375,83.0,-14.371999740600586
2802826500,Anaxyrus americanus,-70.223652,43.872889,2020,7.278833389282227,962.320556640625,81.0,-11.98799991607666,962.320556640625,81.0,-11.98799991607666
2802761407,Anaxyrus americanus,-69.06869,44.275587,2020,6.795333385467529,941.8868408203125,84.0,-11.631999969482422,941.8868408203125,84.0,-11.631999969482422
2802738028,Anaxyrus americanus,-69.745484,45.699076,2020,3.886833429336548,1083.54248046875,56.0,-17.90399932861328,1083.54248046875,56.0,-17.90399932861328
2802733792,Lithobates pipiens,-68.517691,44.976425,2020,6.1536664962768555,1020.2416381835938,71.0,-14.455999374389648,1020.2416381835938,71.0,-14.455999374389648
2802730244,Dryophytes versicolor,-68.301006,44.403208,2020,7.011833190917969,935.604248046875,75.0,-11.715999603271484,935.604248046875,75.0,-11.715999603271484
2802722640,Anaxyrus americanus,-69.925998,43.930356,2020,7.578666687011719,964.7484130859375,79.0,-11.359999656677246,964.7484130859375,79.0,-11.359999656677246
2802690337,Anaxyrus americanus,-69.288533,45.479492,2020,4.2241668701171875,1067.6583251953125,65.0,-17.299999237060547,1067.6583251953125,65.0,-17.299999237060547
2802663995,Anaxyrus americanus,-69.582092,44.752463,2020,6.146833419799805,1030.965087890625,67.0,-14.979999542236328,1030.965087890625,67.0,-14.979999542236328
2802636544,Anaxyrus americanus,-68.995553,44.338728,2020,6.944999694824219,942.6117553710938,83.0,-11.652000427246094,942.6117553710938,83.0,-11.652000427246094
2802628299,Dryophytes versicolor,-68.53213,44.297469,2020,,,,,,,
2802624123,Anaxyrus americanus,-70.258413,43.824088,2020,7.257833480834961,958.3055419921875,82.0,-11.996000289916992,958.3055419921875,82.0,-11.996000289916992
2802622121,Lithobates pipiens,-68.784037,44.989633,2020,6.2838335037231445,1025.2115478515625,68.0,-14.415999412536621,1025.2115478515625,68.0,-14.415999412536621
2641615538,Dryophytes versicolor,-69.973138,43.89482,2020,7.499833106994629,951.3106079101562,79.0,-11.196000099182129,951.3106079101562,79.0,-11.196000099182129
2641539121,Dryophytes versicolor,-68.709953,44.907917,2020,6.447999954223633,1016.3721923828125,68.0,-13.955999374389648,1016.3721923828125,68.0,-13.955999374389648
2641532787,Dryophytes versicolor,-70.795224,43.441422,2020,7.465333461761475,959.8737182617188,86.0,-12.104000091552734,959.8737182617188,86.0,-12.104000091552734
2641500140,Anaxyrus americanus,-70.566239,44.486837,2020,5.2208333015441895,1023.1513671875,74.0,-15.567999839782715,1023.1513671875,74.0,-15.567999839782715
2641418604,Anaxyrus americanus,-70.783538,43.156861,2020,8.51883316040039,925.3447875976562,81.0,-9.751999855041504,925.3447875976562,81.0,-9.751999855041504
2641417926,Anaxyrus americanus,-70.417061,43.733109,2020,7.2769999504089355,967.3765869140625,81.0,-12.423999786376953,967.3765869140625,81.0,-12.423999786376953
2641371840,Lithobates pipiens,-67.746325,45.18666,2020,5.818166732788086,1023.8869018554688,80.0,-15.296000480651855,1023.8869018554688,80.0,-15.296000480651855
2641351853,Dryophytes versicolor,-67.708984,45.211649,2020,5.731333255767822,1025.068603515625,79.0,-15.427999496459961,1025.068603515625,79.0,-15.427999496459961
2641305005,Anaxyrus americanus,-70.789306,43.438564,2020,7.79116678237915,964.0722045898438,84.0,-11.85200023651123,964.0722045898438,84.0,-11.85200023651123
2634609396,Anaxyrus americanus,-70.677208,43.291393,2020,8.07349967956543,927.5001220703125,84.0,-10.404000282287598,927.5001220703125,84.0,-10.404000282287598
2634519817,Lithobates pipiens,-68.523199,44.974799,2020,6.1536664962768555,1020.2416381835938,71.0,-14.455999374389648,1020.2416381835938,71.0,-14.455999374389648
2634507368,Anaxyrus americanus,-70.30213,43.676045,2020,7.831333160400391,959.189208984375,81.0,-11.355999946594238,959.189208984375,81.0,-11.355999946594238
2634488360,Anaxyrus americanus,-69.071908,44.232508,2020,6.89965295791626,935.4232177734375,83.0,-11.337499618530273,935.4232177734375,83.0,-11.337499618530273
2634488148,Dryophytes versicolor,-70.898063,43.166609,2020,,,,,,,
2634435624,Dryophytes versicolor,-69.97322,43.894794,2020,7.499833106994629,951.3106079101562,79.0,-11.196000099182129,951.3106079101562,79.0,-11.196000099182129
2634415941,Dryophytes versicolor,-68.856881,44.796256,2020,6.523499965667725,1015.9869384765625,72.0,-13.9399995803833,1015.9869384765625,72.0,-13.9399995803833
2634408957,Anaxyrus americanus,-68.984741,44.324686,2020,7.0054168701171875,931.9403076171875,82.0,-11.350000381469727,931.9403076171875,82.0,-11.350000381469727
2634361933,Anaxyrus americanus,-69.749275,44.70842,2020,6.093500137329102,1036.076171875,67.0,-15.180000305175781,1036.076171875,67.0,-15.180000305175781
2634262783,Anaxyrus americanus,-70.110333,43.879137,2016,7.24233341217041,954.9291381835938,81.0,-11.696000099182129,954.9291381835938,81.0,-11.696000099182129
2634223534,Lithobates pipiens,-68.950199,46.025551,2013,2.5945000648498535,1104.54296875,62.0,-19.288000106811523,1104.54296875,62.0,-19.288000106811523
2634100374,Anaxyrus americanus,-69.576133,44.461087,2020,6.75,1004.2815551757812,69.0,-13.484000205993652,1004.2815551757812,69.0,-13.484000205993652
2634092524,Anaxyrus americanus,-68.355596,44.307227,2020,6.921166896820068,925.7542724609375,76.0,-11.420000076293945,925.7542724609375,76.0,-11.420000076293945
2634089103,Anaxyrus americanus,-70.35031,43.785328,2020,7.260000228881836,961.2611694335938,82.0,-12.208000183105469,961.2611694335938,82.0,-12.208000183105469
2634062977,Dryophytes versicolor,-69.838587,44.007638,2020,7.473090171813965,964.9923706054688,79.0,-11.508333206176758,964.9923706054688,79.0,-11.508333206176758
2634056098,Dryophytes versicolor,-67.798948,45.310029,2020,5.522333145141602,1041.06494140625,78.0,-15.863999366760254,1041.06494140625,78.0,-15.863999366760254
2634055981,Anaxyrus americanus,-70.168442,43.951867,2020,7.1551666259765625,966.578369140625,81.0,-12.079999923706055,966.578369140625,81.0,-12.079999923706055
2634048010,Dryophytes versicolor,-70.715642,43.31435,2020,8.016666412353516,942.5143432617188,84.0,-10.871999740600586,942.5143432617188,84.0,-10.871999740600586
2626682304,Dryophytes versicolor,-70.110333,43.879137,2017,7.24233341217041,954.9291381835938,81.0,-11.696000099182129,954.9291381835938,81.0,-11.696000099182129
2626674235,Dryophytes versicolor,-70.110333,43.879137,2017,7.24233341217041,954.9291381835938,81.0,-11.696000099182129,954.9291381835938,81.0,-11.696000099182129
2626667417,Dryophytes versicolor,-70.110333,43.879137,2017,7.24233341217041,954.9291381835938,81.0,-11.696000099182129,954.9291381835938,81.0,-11.696000099182129
2626665824,Dryophytes versicolor,-70.110333,43.879137,2009,7.24233341217041,954.9291381835938,81.0,-11.696000099182129,954.9291381835938,81.0,-11.696000099182129
2626642995,Dryophytes versicolor,-70.110333,43.879137,2009,7.24233341217041,954.9291381835938,81.0,-11.696000099182129,954.9291381835938,81.0,-11.696000099182129
2626565987,Dryophytes versicolor,-68.149844,44.564569,2020,6.57183313369751,968.9462890625,78.0,-12.996000289916992,968.9462890625,78.0,-12.996000289916992
2626545385,Anaxyrus americanus,-70.459253,43.46143,2020,7.818833351135254,935.7440185546875,82.0,-11.0,935.7440185546875,82.0,-11.0
2626459985,Anaxyrus americanus,-70.918312,44.253588,2020,5.559999942779541,1003.0223999023438,80.0,-15.027999877929688,1003.0223999023438,80.0,-15.027999877929688
2626443768,Anaxyrus americanus,-70.250631,43.801818,2020,7.257833480834961,958.3055419921875,82.0,-11.996000289916992,958.3055419921875,82.0,-11.996000289916992
2626418810,Anaxyrus americanus,-70.110333,43.879137,2016,7.24233341217041,954.9291381835938,81.0,-11.696000099182129,954.9291381835938,81.0,-11.696000099182129
2626368115,Anaxyrus americanus,-69.659399,43.874164,2020,7.671229839324951,873.7918701171875,77.0,-9.295238494873047,873.7918701171875,77.0,-9.295238494873047
2626328133,Anaxyrus americanus,-68.868964,46.099802,2017,2.68833327293396,1120.9989013671875,63.0,-19.444000244140625,1120.9989013671875,63.0,-19.444000244140625
2626109296,Anaxyrus americanus,-69.659657,43.870885,2020,7.671229839324951,873.7918701171875,77.0,-9.295238494873047,873.7918701171875,77.0,-9.295238494873047
2620036696,Anaxyrus americanus,-69.38565,44.447475,2020,6.376500129699707,987.0676879882812,78.0,-13.303999900817871,987.0676879882812,78.0,-13.303999900817871
2609284167,Anaxyrus americanus,-70.415039,43.679602,2020,7.487333297729492,961.6553344726562,81.0,-12.008000373840332,961.6553344726562,81.0,-12.008000373840332
2609243622,Anaxyrus americanus,-69.393677,44.451267,2020,6.376500129699707,987.0676879882812,78.0,-13.303999900817871,987.0676879882812,78.0,-13.303999900817871
2603510358,Dryophytes versicolor,-69.462673,44.473788,2019,6.701666831970215,1001.9522705078125,72.0,-13.447999954223633,1001.9522705078125,72.0,-13.447999954223633
2603468964,Anaxyrus americanus,-69.926833,43.880275,2020,7.652651786804199,950.5384521484375,78.0,-10.940909385681152,950.5384521484375,78.0,-10.940909385681152
2603443241,Anaxyrus americanus,-70.009086,44.13062,2020,6.880833625793457,994.9031372070312,79.0,-12.835999488830566,994.9031372070312,79.0,-12.835999488830566
2603425051,Anaxyrus americanus,-70.802825,44.023789,2019,6.287166595458984,1002.5038452148438,87.0,-14.680000305175781,1002.5038452148438,87.0,-14.680000305175781
2603354953,Anaxyrus americanus,-70.416278,43.510667,2018,7.800347328186035,931.6404418945312,80.0,-10.804166793823242,931.6404418945312,80.0,-10.804166793823242
2603339610,Anaxyrus americanus,-70.232788,43.642025,2020,8.066319465637207,926.9019165039062,80.0,-10.366666793823242,926.9019165039062,80.0,-10.366666793823242
2603334682,Dryophytes versicolor,-70.164851,44.177743,2020,6.784999847412109,999.8377685546875,78.0,-13.164000511169434,999.8377685546875,78.0,-13.164000511169434
2603302660,Anaxyrus americanus,-70.359413,43.842231,2020,7.060999870300293,969.4967041015625,83.0,-12.584000587463379,969.4967041015625,83.0,-12.584000587463379
2603291129,Anaxyrus americanus,-70.765678,43.317001,2013,7.957666873931885,944.5081787109375,85.0,-11.027999877929688,944.5081787109375,85.0,-11.027999877929688
2597885057,Anaxyrus americanus,-69.658864,43.87169,2020,7.671229839324951,873.7918701171875,77.0,-9.295238494873047,873.7918701171875,77.0,-9.295238494873047
2597840075,Anaxyrus americanus,-69.662075,43.869088,2020,7.671229839324951,873.7918701171875,77.0,-9.295238494873047,873.7918701171875,77.0,-9.295238494873047
2597744006,Anaxyrus americanus,-69.6585,43.872688,2020,7.671229839324951,873.7918701171875,77.0,-9.295238494873047,873.7918701171875,77.0,-9.295238494873047
2597742912,Anaxyrus americanus,-69.934883,43.875533,2020,7.652651786804199,950.5384521484375,78.0,-10.940909385681152,950.5384521484375,78.0,-10.940909385681152
2597738939,Anaxyrus americanus,-70.358796,43.842767,2020,7.060999870300293,969.4967041015625,83.0,-12.584000587463379,969.4967041015625,83.0,-12.584000587463379
2597728790,Lithobates pipiens,-68.751056,44.725737,2019,6.747833251953125,1006.8766479492188,75.0,-13.479999542236328,1006.8766479492188,75.0,-13.479999542236328
2597694283,Dryophytes versicolor,-70.318702,43.595231,2019,7.96999979019165,946.7254028320312,80.0,-10.892000198364258,946.7254028320312,80.0,-10.892000198364258
2576300338,Lithobates pipiens,-68.217781,45.239171,2010,5.711666584014893,1044.6785888671875,75.0,-15.555999755859375,1044.6785888671875,75.0,-15.555999755859375
2574083303,Anaxyrus americanus,-69.059592,44.227816,2017,6.89965295791626,935.4232177734375,83.0,-11.337499618530273,935.4232177734375,83.0,-11.337499618530273
2573996314,Dryophytes versicolor,-68.994684,44.493918,2013,6.820000171661377,965.5169067382812,83.0,-12.531999588012695,965.5169067382812,83.0,-12.531999588012695
2557821055,Dryophytes versicolor,-69.950345,43.956212,2017,7.578666687011719,964.7484130859375,79.0,-11.359999656677246,964.7484130859375,79.0,-11.359999656677246
2557820599,Dryophytes versicolor,-69.950367,43.956266,2018,7.578666687011719,964.7484130859375,79.0,-11.359999656677246,964.7484130859375,79.0,-11.359999656677246
2557809973,Dryophytes versicolor,-70.765678,43.317001,2017,7.957666873931885,944.5081787109375,85.0,-11.027999877929688,944.5081787109375,85.0,-11.027999877929688
2532976245,Lithobates pipiens,-70.5453,44.2139,,6.454833507537842,1014.0440673828125,76.0,-14.503999710083008,1014.0440673828125,76.0,-14.503999710083008
2518985317,Lithobates pipiens,-68.5833,44.7919,,6.529333114624023,1011.2703857421875,74.0,-13.795999526977539,1011.2703857421875,74.0,-13.795999526977539
2465149077,Anaxyrus americanus,-70.815208,44.504814,2016,5.333499908447266,1024.16259765625,65.0,-15.656000137329102,1024.16259765625,65.0,-15.656000137329102
2465148971,Anaxyrus americanus,-70.131047,44.489072,2014,6.2166666984558105,1024.0994873046875,74.0,-14.751999855041504,1024.0994873046875,74.0,-14.751999855041504
2429428083,Anaxyrus americanus,-67.766014,45.183627,2019,5.727499961853027,1025.4698486328125,81.0,-15.411999702453613,1025.4698486328125,81.0,-15.411999702453613
2423211257,Anaxyrus americanus,-69.088129,44.252617,2019,7.117166519165039,948.5928344726562,82.0,-11.54800033569336,948.5928344726562,82.0,-11.54800033569336
2423206692,Lithobates pipiens,-68.548858,44.995232,2019,6.215666770935059,1022.820556640625,70.0,-14.45199966430664,1022.820556640625,70.0,-14.45199966430664
2423205046,Dryophytes versicolor,-70.679755,43.520937,2019,7.483500003814697,958.3976440429688,84.0,-12.2839994430542,958.3976440429688,84.0,-12.2839994430542
2423179409,Dryophytes versicolor,-69.589255,44.066219,2019,7.418000221252441,948.1199340820312,79.0,-11.13599967956543,948.1199340820312,79.0,-11.13599967956543
2423178169,Anaxyrus americanus,-69.653932,44.56255,2019,6.94350004196167,1025.3370361328125,66.0,-13.927999496459961,1025.3370361328125,66.0,-13.927999496459961
2423165265,Lithobates pipiens,-68.790038,45.092995,2019,5.994999885559082,1037.5826416015625,68.0,-15.084000587463379,1037.5826416015625,68.0,-15.084000587463379
2423086465,Lithobates pipiens,-68.522354,44.990467,2019,6.1536664962768555,1020.2416381835938,71.0,-14.455999374389648,1020.2416381835938,71.0,-14.455999374389648
2423083814,Lithobates pipiens,-68.522022,44.99048,2019,6.1536664962768555,1020.2416381835938,71.0,-14.455999374389648,1020.2416381835938,71.0,-14.455999374389648
2423083648,Lithobates pipiens,-68.78838,44.887959,2019,6.487833023071289,1021.14892578125,68.0,-14.032000541687012,1021.14892578125,68.0,-14.032000541687012
2423082017,Dryophytes versicolor,-69.09226,44.231925,2017,7.1670002937316895,940.2926635742188,81.0,-11.227999687194824,940.2926635742188,81.0,-11.227999687194824
2423081127,Anaxyrus americanus,-69.09226,44.232582,2018,7.1670002937316895,940.2926635742188,81.0,-11.227999687194824,940.2926635742188,81.0,-11.227999687194824
2423040082,Anaxyrus americanus,-69.383055,44.4472,2019,6.376500129699707,987.0676879882812,78.0,-13.303999900817871,987.0676879882812,78.0,-13.303999900817871
2423024102,Anaxyrus americanus,-69.578659,43.935494,2019,7.636666774749756,895.3584594726562,78.0,-9.744999885559082,895.3584594726562,78.0,-9.744999885559082
2422968883,Dryophytes versicolor,-69.523452,44.438559,2019,6.851833343505859,1001.3907470703125,71.0,-13.260000228881836,1001.3907470703125,71.0,-13.260000228881836
2422909307,Lithobates pipiens,-69.199893,44.755256,2019,6.313833236694336,1021.4426879882812,72.0,-14.392000198364258,1021.4426879882812,72.0,-14.392000198364258
2422889578,Anaxyrus americanus,-69.474937,43.90118,2019,7.535745620727539,883.2525634765625,78.0,-9.421052932739258,883.2525634765625,78.0,-9.421052932739258
2422888904,Anaxyrus americanus,-70.149704,43.865805,2019,7.3495001792907715,950.70849609375,81.0,-11.5,950.70849609375,81.0,-11.5
2422877824,Anaxyrus americanus,-70.875155,44.213408,2019,6.544000148773193,1009.128662109375,75.0,-14.53600025177002,1009.128662109375,75.0,-14.53600025177002
2397640445,Anaxyrus americanus,-69.382912,44.447283,2019,6.376500129699707,987.0676879882812,78.0,-13.303999900817871,987.0676879882812,78.0,-13.303999900817871
2397640166,Dryophytes versicolor,-69.724382,45.582301,2019,3.821499824523926,1088.4014892578125,57.0,-18.027999877929688,1088.4014892578125,57.0,-18.027999877929688
2397625793,Dryophytes versicolor,-69.334023,44.600361,2019,6.595666885375977,1005.7623291015625,72.0,-13.748000144958496,1005.7623291015625,72.0,-13.748000144958496
2397569664,Anaxyrus americanus,-68.845875,46.978431,2019,2.3526666164398193,1140.662353515625,59.0,-20.648000717163086,1140.662353515625,59.0,-20.648000717163086
2397564252,Dryophytes versicolor,-69.384057,44.44844,2019,6.376500129699707,987.0676879882812,78.0,-13.303999900817871,987.0676879882812,78.0,-13.303999900817871
2397535112,Dryophytes versicolor,-70.447136,43.769391,2019,7.198833465576172,970.1478271484375,82.0,-12.576000213623047,970.1478271484375,82.0,-12.576000213623047
2397522509,Anaxyrus americanus,-67.103071,44.731455,2019,6.153273582458496,924.5128173828125,77.0,-12.214285850524902,924.5128173828125,77.0,-12.214285850524902
2397522006,Anaxyrus americanus,-70.67893,45.054593,2019,3.0381667613983154,1063.4249267578125,74.0,-18.256000518798828,1063.4249267578125,74.0,-18.256000518798828
2397517904,Anaxyrus americanus,-70.458153,45.187062,2019,4.184166431427002,1077.7916259765625,59.0,-17.531999588012695,1077.7916259765625,59.0,-17.531999588012695
2397508186,Dryophytes versicolor,-69.800953,43.918704,2019,,,,,,,
2397473417,Dryophytes versicolor,-68.035263,44.486568,2019,6.757341384887695,938.4678955078125,75.0,-12.204761505126953,938.4678955078125,75.0,-12.204761505126953
2366152512,Anaxyrus americanus,-70.082302,43.822716,2019,,,,,,,
2366121500,Dryophytes versicolor,-68.061763,44.326428,2019,,,,,,,
2366086082,Anaxyrus americanus,-68.94265,44.282001,2019,7.385648250579834,863.5211181640625,79.0,-9.811111450195312,863.5211181640625,79.0,-9.811111450195312
2366083859,Anaxyrus americanus,-70.52738,43.830158,2019,7.276000022888184,948.9324340820312,83.0,-12.12399959564209,948.9324340820312,83.0,-12.12399959564209
2366076025,Lithobates pipiens,-68.724613,44.87087,2019,6.577000141143799,1016.5341796875,70.0,-13.859999656677246,1016.5341796875,70.0,-13.859999656677246
2366065030,Dryophytes versicolor,-67.764887,44.621505,2019,6.561174392700195,929.960205078125,78.0,-12.550000190734863,929.960205078125,78.0,-12.550000190734863
2366056408,Dryophytes versicolor,-69.559822,44.584866,2019,6.761666774749756,1025.1197509765625,66.0,-14.104000091552734,1025.1197509765625,66.0,-14.104000091552734
2366055823,Lithobates pipiens,-68.72753,44.896978,2019,6.447999954223633,1016.3721923828125,68.0,-13.955999374389648,1016.3721923828125,68.0,-13.955999374389648
2350431080,Anaxyrus americanus,-69.065277,44.231388,2019,6.89965295791626,935.4232177734375,83.0,-11.337499618530273,935.4232177734375,83.0,-11.337499618530273
2350404810,Anaxyrus americanus,-69.375158,46.322473,2019,3.438500165939331,1113.6993408203125,52.0,-19.011999130249023,1113.6993408203125,52.0,-19.011999130249023
2331930657,Dryophytes versicolor,-70.43202,43.581773,2019,7.587833404541016,939.9948120117188,82.0,-11.392000198364258,939.9948120117188,82.0,-11.392000198364258
2311380431,Anaxyrus americanus,-70.812221,44.421044,2019,5.888333320617676,1025.17626953125,65.0,-15.263999938964844,1025.17626953125,65.0,-15.263999938964844
2311379148,Anaxyrus americanus,-69.036597,44.23223,2019,,,,,,,
2311360339,Anaxyrus americanus,-69.588248,44.067126,2019,7.418000221252441,948.1199340820312,79.0,-11.13599967956543,948.1199340820312,79.0,-11.13599967956543
2311320108,Anaxyrus americanus,-69.82002,43.944927,2019,,,,,,,
2294683395,Anaxyrus americanus,-67.030197,44.771278,2019,6.132500171661377,910.2307739257812,78.0,-11.880000114440918,910.2307739257812,78.0,-11.880000114440918
2294663131,Anaxyrus americanus,-70.559801,44.581036,2019,5.852833271026611,1035.06640625,65.0,-15.223999977111816,1035.06640625,65.0,-15.223999977111816
2294580526,Anaxyrus americanus,-69.31495,45.48373,2019,4.0908331871032715,1068.1163330078125,64.0,-17.43199920654297,1068.1163330078125,64.0,-17.43199920654297
2294576719,Lithobates pipiens,-68.719529,45.40116,2015,5.49066686630249,1057.259765625,66.0,-15.871999740600586,1057.259765625,66.0,-15.871999740600586
2294575758,Lithobates pipiens,-68.720428,45.405122,2015,5.49066686630249,1057.259765625,66.0,-15.871999740600586,1057.259765625,66.0,-15.871999740600586
2294574957,Anaxyrus americanus,-68.720461,45.40497,2014,5.49066686630249,1057.259765625,66.0,-15.871999740600586,1057.259765625,66.0,-15.871999740600586
2294529456,Lithobates pipiens,-68.719903,45.40708,2019,5.49066686630249,1057.259765625,66.0,-15.871999740600586,1057.259765625,66.0,-15.871999740600586
2294520774,Dryophytes versicolor,-68.023211,44.275161,2018,,,,,,,
2294465830,Dryophytes versicolor,-70.706051,43.152055,2019,8.510833740234375,913.4719848632812,80.0,-9.432000160217285,913.4719848632812,80.0,-9.432000160217285
2294456570,Anaxyrus americanus,-70.425298,45.161855,2019,4.193166732788086,1068.5885009765625,60.0,-17.447999954223633,1068.5885009765625,60.0,-17.447999954223633
2283253802,Anaxyrus americanus,-68.858192,45.92113,2019,2.86299991607666,1079.739013671875,64.0,-18.31999969482422,1079.739013671875,64.0,-18.31999969482422
2283217805,Anaxyrus americanus,-70.997964,44.235917,2019,6.218166828155518,1003.9236450195312,76.0,-14.64799976348877,1003.9236450195312,76.0,-14.64799976348877
2283162345,Anaxyrus americanus,-70.944977,44.234169,2019,6.256666660308838,1004.6489868164062,77.0,-14.628000259399414,1004.6489868164062,77.0,-14.628000259399414
2283085638,Anaxyrus americanus,-70.517729,43.824656,2019,7.276000022888184,948.9324340820312,83.0,-12.12399959564209,948.9324340820312,83.0,-12.12399959564209
2283082361,Anaxyrus americanus,-70.517303,43.823938,2019,7.276000022888184,948.9324340820312,83.0,-12.12399959564209,948.9324340820312,83.0,-12.12399959564209
2283076946,Anaxyrus americanus,-69.851644,43.719872,2019,7.704807758331299,862.8372192382812,76.0,-8.992307662963867,862.8372192382812,76.0,-8.992307662963867
2283048968,Dryophytes versicolor,-69.816109,43.915554,2019,,,,,,,
2283046325,Lithobates pipiens,-68.723624,44.870121,2018,6.577000141143799,1016.5341796875,70.0,-13.859999656677246,1016.5341796875,70.0,-13.859999656677246
2283038991,Dryophytes versicolor,-69.270852,43.951969,2019,,,,,,,
2273218509,Anaxyrus americanus,-69.346608,44.172081,2019,7.100333213806152,956.4146118164062,81.0,-11.5600004196167,956.4146118164062,81.0,-11.5600004196167
2269323260,Anaxyrus americanus,-69.780205,44.461563,2019,6.676000118255615,1018.5675659179688,67.0,-13.932000160217285,1018.5675659179688,67.0,-13.932000160217285
2269286357,Anaxyrus americanus,-69.238057,44.47014,2019,6.266333103179932,975.586669921875,82.0,-13.204000473022461,975.586669921875,82.0,-13.204000473022461
2269277672,Anaxyrus americanus,-70.464622,43.98327,2019,6.802999973297119,990.3799438476562,85.0,-13.628000259399414,990.3799438476562,85.0,-13.628000259399414
2269272495,Dryophytes versicolor,-70.766372,43.201164,2019,8.294333457946777,928.5087890625,83.0,-10.107999801635742,928.5087890625,83.0,-10.107999801635742
2269225149,Dryophytes versicolor,-70.465492,43.983608,2019,6.802999973297119,990.3799438476562,85.0,-13.628000259399414,990.3799438476562,85.0,-13.628000259399414
2265866129,Dryophytes versicolor,-68.858428,44.496637,2019,6.981249809265137,944.7589111328125,81.0,-12.03499984741211,944.7589111328125,81.0,-12.03499984741211
2265834793,Dryophytes versicolor,-69.973145,43.894847,2019,7.499833106994629,951.3106079101562,79.0,-11.196000099182129,951.3106079101562,79.0,-11.196000099182129
2265814115,Dryophytes versicolor,-70.432022,43.581828,2019,7.587833404541016,939.9948120117188,82.0,-11.392000198364258,939.9948120117188,82.0,-11.392000198364258
2265804023,Dryophytes versicolor,-69.333114,44.612191,2019,6.544333457946777,1005.1400756835938,73.0,-13.779999732971191,1005.1400756835938,73.0,-13.779999732971191
2265803999,Anaxyrus americanus,-70.821883,44.0272,2019,6.287166595458984,1002.5038452148438,87.0,-14.680000305175781,1002.5038452148438,87.0,-14.680000305175781
2252017706,Dryophytes versicolor,-70.015861,44.339069,2019,6.632166862487793,1014.8817749023438,73.0,-13.779999732971191,1014.8817749023438,73.0,-13.779999732971191
2251925160,Anaxyrus americanus,-70.706278,43.151357,2019,8.510833740234375,913.4719848632812,80.0,-9.432000160217285,913.4719848632812,80.0,-9.432000160217285
2251894078,Anaxyrus americanus,-70.966524,44.12267,2019,6.5911664962768555,1019.6726684570312,81.0,-14.744000434875488,1019.6726684570312,81.0,-14.744000434875488
2237450085,Anaxyrus americanus,-68.117012,45.310468,2013,5.489500045776367,1048.047607421875,77.0,-15.87600040435791,1048.047607421875,77.0,-15.87600040435791
2235539371,Anaxyrus americanus,-69.43853,44.499738,2017,6.563000202178955,998.5548095703125,74.0,-13.427999496459961,998.5548095703125,74.0,-13.427999496459961
2234790050,Dryophytes versicolor,-69.588887,44.067212,2016,7.418000221252441,948.1199340820312,79.0,-11.13599967956543,948.1199340820312,79.0,-11.13599967956543
2028504568,Anaxyrus americanus,-69.777695,44.05658,2016,7.35366678237915,968.6555786132812,78.0,-11.711999893188477,968.6555786132812,78.0,-11.711999893188477
2012969843,Anaxyrus americanus,-69.562087,44.761895,2018,6.146833419799805,1030.965087890625,67.0,-14.979999542236328,1030.965087890625,67.0,-14.979999542236328
2006055770,Anaxyrus americanus,-67.610993,44.559968,2018,6.5348334312438965,880.8522338867188,77.0,-11.736000061035156,880.8522338867188,77.0,-11.736000061035156
1993782621,Anaxyrus americanus,-70.405167,44.449828,2017,5.83050012588501,1018.1381225585938,75.0,-14.923999786376953,1018.1381225585938,75.0,-14.923999786376953
1990604339,Dryophytes versicolor,-70.438125,43.920467,2018,6.845666885375977,981.4913940429688,85.0,-13.260000228881836,981.4913940429688,85.0,-13.260000228881836
1987228266,Lithobates pipiens,-68.62198,45.864772,1943,4.9066667556762695,1089.0892333984375,59.0,-17.07200050354004,1089.0892333984375,59.0,-17.07200050354004
1987223131,Anaxyrus americanus,-68.671977,44.883125,1942,6.562333106994629,1017.734375,68.0,-13.807999610900879,1017.734375,68.0,-13.807999610900879
1987219414,Anaxyrus americanus,-69.312433,44.387277,1941,6.6875,977.5900268554688,80.0,-12.776000022888184,977.5900268554688,80.0,-12.776000022888184
1987219286,Lithobates pipiens,-70.791474,44.944193,1939,3.883666753768921,1060.10498046875,61.0,-17.756000518798828,1060.10498046875,61.0,-17.756000518798828
1987217956,Anaxyrus americanus,-70.952141,44.036938,1931,6.763999938964844,1016.60302734375,83.0,-14.596000671386719,1016.60302734375,83.0,-14.596000671386719
1987215980,Anaxyrus americanus,-70.846844,44.148765,1944,6.438666820526123,1007.8982543945312,80.0,-14.692000389099121,1007.8982543945312,80.0,-14.692000389099121
1987209211,Lithobates pipiens,-69.882281,45.051426,1942,5.293666839599609,1054.0712890625,63.0,-16.483999252319336,1054.0712890625,63.0,-16.483999252319336
1987208837,Anaxyrus americanus,-70.589421,43.53438,1937,7.540333271026611,952.433349609375,84.0,-11.984000205993652,952.433349609375,84.0,-11.984000205993652
1987203044,Anaxyrus americanus,-70.232195,43.837357,1928,7.278833389282227,962.320556640625,81.0,-11.98799991607666,962.320556640625,81.0,-11.98799991607666
1987199861,Lithobates pipiens,-70.876658,44.205598,1939,6.575833320617676,1012.11328125,77.0,-14.555999755859375,1012.11328125,77.0,-14.555999755859375
1987197599,Anaxyrus americanus,-67.334712,44.977577,1943,5.999333381652832,986.3516845703125,79.0,-14.164000511169434,986.3516845703125,79.0,-14.164000511169434
1987196843,Anaxyrus americanus,-68.568358,45.277906,1942,5.836999893188477,1049.0882568359375,70.0,-15.383999824523926,1049.0882568359375,70.0,-15.383999824523926
1987190191,Lithobates pipiens,-68.360347,45.624701,1942,5.248833179473877,1071.4515380859375,66.0,-16.43199920654297,1071.4515380859375,66.0,-16.43199920654297
1987189139,Lithobates pipiens,-68.1774,44.84475,1942,6.047500133514404,1005.8612060546875,83.0,-14.399999618530273,1005.8612060546875,83.0,-14.399999618530273
1987188335,Lithobates pipiens,-69.353288,44.404572,1941,6.567999839782715,979.5513305664062,79.0,-12.935999870300293,979.5513305664062,79.0,-12.935999870300293
1987185127,Lithobates pipiens,-68.69871,45.988787,1942,4.480666637420654,1093.577392578125,56.0,-17.516000747680664,1093.577392578125,56.0,-17.516000747680664
1987181528,Lithobates pipiens,-68.686422,44.908402,1941,6.562333106994629,1017.734375,68.0,-13.807999610900879,1017.734375,68.0,-13.807999610900879
1987181477,Anaxyrus americanus,-69.720352,44.790474,1942,6.184333324432373,1042.116943359375,65.0,-15.2839994430542,1042.116943359375,65.0,-15.2839994430542
1987178628,Dryophytes versicolor,-70.470333,43.901464,1931,7.081833362579346,973.9547729492188,83.0,-12.895999908447266,973.9547729492188,83.0,-12.895999908447266
1987173859,Anaxyrus americanus,-68.622335,45.900691,1942,4.756999969482422,1090.1136474609375,59.0,-17.18000030517578,1090.1136474609375,59.0,-17.18000030517578
1987172509,Anaxyrus americanus,-69.158454,45.824879,1940,3.886833429336548,1093.435791015625,56.0,-18.007999420166016,1093.435791015625,56.0,-18.007999420166016
1987168985,Anaxyrus americanus,-69.84195,46.183814,1936,2.8498334884643555,1116.1048583984375,60.0,-19.26799964904785,1116.1048583984375,60.0,-19.26799964904785
1987167124,Anaxyrus americanus,-67.476664,45.274239,1943,5.822999954223633,1025.964599609375,75.0,-15.227999687194824,1025.964599609375,75.0,-15.227999687194824
1987157595,Lithobates pipiens,-70.861738,44.883943,1939,4.021166801452637,1056.0396728515625,58.0,-17.583999633789062,1056.0396728515625,58.0,-17.583999633789062
1987136390,Lithobates pipiens,-70.471122,43.73624,1937,7.199999809265137,971.0001220703125,82.0,-12.704000473022461,971.0001220703125,82.0,-12.704000473022461
1987130805,Anaxyrus americanus,-68.370018,44.438967,,,,,,,,
1987128740,Lithobates pipiens,-68.568358,45.277906,1942,5.836999893188477,1049.0882568359375,70.0,-15.383999824523926,1049.0882568359375,70.0,-15.383999824523926
1987128496,Lithobates pipiens,-68.665454,44.900394,1942,6.609499931335449,1018.5863647460938,68.0,-13.807999610900879,1018.5863647460938,68.0,-13.807999610900879
1987126408,Lithobates pipiens,-69.330092,44.645975,1941,6.5279998779296875,1011.83154296875,71.0,-14.03600025177002,1011.83154296875,71.0,-14.03600025177002
1987125843,Anaxyrus americanus,-69.923575,46.080971,1936,2.5808334350585938,1119.999267578125,62.0,-19.27199935913086,1119.999267578125,62.0,-19.27199935913086
1987123937,Lithobates pipiens,-68.485895,44.996216,1938,6.079666614532471,1019.1895751953125,73.0,-14.527999877929688,1019.1895751953125,73.0,-14.527999877929688
1987113907,Anaxyrus americanus,-70.768689,45.137002,1939,3.0918333530426025,1065.704345703125,71.0,-18.280000686645508,1065.704345703125,71.0,-18.280000686645508
1987110491,Anaxyrus americanus,-68.397445,44.314408,1942,7.01649284362793,903.1987915039062,76.0,-11.041666984558105,903.1987915039062,76.0,-11.041666984558105
1987105452,Anaxyrus americanus,-69.496911,45.618041,1944,3.6498334407806396,1092.4471435546875,60.0,-18.243999481201172,1092.4471435546875,60.0,-18.243999481201172
1987104307,Lithobates pipiens,-70.706278,44.980268,1939,3.6678333282470703,1069.7291259765625,64.0,-18.09600067138672,1069.7291259765625,64.0,-18.09600067138672
1987102960,Anaxyrus americanus,-68.283504,45.62839,1942,5.25166654586792,1074.134033203125,65.0,-16.555999755859375,1074.134033203125,65.0,-16.555999755859375
1987096356,Lithobates pipiens,-69.376091,45.146558,1939,5.275333404541016,1055.6348876953125,68.0,-16.3439998626709,1055.6348876953125,68.0,-16.3439998626709
1987092493,Lithobates pipiens,-67.841131,46.230884,1936,4.332333564758301,1104.598876953125,59.0,-17.775999069213867,1104.598876953125,59.0,-17.775999069213867
1987092294,Anaxyrus americanus,-70.66379,44.137109,1965,6.452166557312012,1005.82666015625,80.0,-14.51200008392334,1005.82666015625,80.0,-14.51200008392334
1987086688,Anaxyrus americanus,-69.923575,46.080971,1936,2.5808334350585938,1119.999267578125,62.0,-19.27199935913086,1119.999267578125,62.0,-19.27199935913086
1987085063,Anaxyrus americanus,-69.44252,45.474863,1939,3.4839999675750732,1087.879150390625,68.0,-18.20400047302246,1087.879150390625,68.0,-18.20400047302246
1987078355,Lithobates pipiens,-68.671977,44.883125,1942,6.562333106994629,1017.734375,68.0,-13.807999610900879,1017.734375,68.0,-13.807999610900879
1987075826,Lithobates pipiens,-69.711365,45.652148,1944,3.82366681098938,1092.9212646484375,57.0,-18.09600067138672,1092.9212646484375,57.0,-18.09600067138672
1987075203,Anaxyrus americanus,-70.693992,44.945412,1939,3.924999952316284,1060.7750244140625,63.0,-17.756000518798828,1060.7750244140625,63.0,-17.756000518798828
1987074596,Lithobates pipiens,-68.955195,44.869234,1939,6.388000011444092,1020.64404296875,70.0,-14.276000022888184,1020.64404296875,70.0,-14.276000022888184
1987073446,Dryophytes versicolor,-68.655537,44.934234,1942,6.517666816711426,1025.43017578125,68.0,-14.072000503540039,1025.43017578125,68.0,-14.072000503540039
1987070518,Anaxyrus americanus,-68.71004,45.993641,1942,4.248000144958496,1093.37158203125,57.0,-17.70400047302246,1093.37158203125,57.0,-17.70400047302246
1987068025,Lithobates pipiens,-68.700255,45.991215,1942,4.480666637420654,1093.577392578125,56.0,-17.516000747680664,1093.577392578125,56.0,-17.516000747680664
1987067000,Anaxyrus americanus,-70.66379,44.137109,1965,6.452166557312012,1005.82666015625,80.0,-14.51200008392334,1005.82666015625,80.0,-14.51200008392334
1987061999,Lithobates pipiens,-68.702635,44.883121,1942,6.562333106994629,1017.734375,68.0,-13.807999610900879,1017.734375,68.0,-13.807999610900879
1987055811,Anaxyrus americanus,-68.6408,44.669511,1942,6.4651665687561035,995.5755615234375,81.0,-13.484000205993652,995.5755615234375,81.0,-13.484000205993652
1987055654,Lithobates pipiens,-70.470333,43.901464,1931,7.081833362579346,973.9547729492188,83.0,-12.895999908447266,973.9547729492188,83.0,-12.895999908447266
1987049529,Lithobates pipiens,-68.833629,44.974573,1938,6.251999855041504,1026.4354248046875,68.0,-14.53600025177002,1026.4354248046875,68.0,-14.53600025177002
1987044140,Lithobates pipiens,-69.50306,45.71705,1944,3.5185000896453857,1104.427490234375,58.0,-18.52400016784668,1104.427490234375,58.0,-18.52400016784668
1987042956,Dryophytes versicolor,-68.665368,44.901245,1942,6.609499931335449,1018.5863647460938,68.0,-13.807999610900879,1018.5863647460938,68.0,-13.807999610900879
1987035157,Anaxyrus americanus,-68.673694,44.925437,1942,6.475833415985107,1022.7228393554688,67.0,-14.04800033569336,1022.7228393554688,67.0,-14.04800033569336
1987033131,Lithobates pipiens,-70.842296,44.158271,1939,6.438666820526123,1007.8982543945312,80.0,-14.692000389099121,1007.8982543945312,80.0,-14.692000389099121
1987033003,Lithobates pipiens,-68.633651,46.14338,1943,4.022500038146973,1112.4180908203125,53.0,-18.743999481201172,1112.4180908203125,53.0,-18.743999481201172
1950034908,Anaxyrus americanus,-70.212678,43.746958,2017,7.533522605895996,934.5509643554688,80.0,-11.022727012634277,934.5509643554688,80.0,-11.022727012634277
1946019417,Dryophytes versicolor,-68.356967,46.306287,2018,3.4028334617614746,1127.9923095703125,54.0,-19.54400062561035,1127.9923095703125,54.0,-19.54400062561035
1946019413,Lithobates pipiens,-69.232948,46.815014,2017,3.0263333320617676,1124.3175048828125,54.0,-19.6560001373291,1124.3175048828125,54.0,-19.6560001373291
1946019412,Dryophytes versicolor,-68.799131,46.13466,2018,3.8475000858306885,1115.0443115234375,54.0,-18.775999069213867,1115.0443115234375,54.0,-18.775999069213867
1932333963,Dryophytes versicolor,-67.285496,45.15739,2018,6.078500270843506,997.8213500976562,78.0,-14.211999893188477,997.8213500976562,78.0,-14.211999893188477
1931499106,Lithobates pipiens,-68.161789,46.77348,2018,3.7306666374206543,1140.508056640625,49.0,-19.011999130249023,1140.508056640625,49.0,-19.011999130249023
1920843954,Anaxyrus americanus,-68.872711,44.365974,2018,,,,,,,
1920838437,Anaxyrus americanus,-68.909851,44.353111,2018,7.161403179168701,886.3173217773438,80.0,-10.59999942779541,886.3173217773438,80.0,-10.59999942779541
1920791933,Anaxyrus americanus,-69.792741,44.601776,2018,6.414166450500488,1031.680419921875,66.0,-14.720000267028809,1031.680419921875,66.0,-14.720000267028809
1920788187,Anaxyrus americanus,-70.453507,43.683334,2018,7.3466668128967285,965.3731079101562,81.0,-12.319999694824219,965.3731079101562,81.0,-12.319999694824219
1920786980,Anaxyrus americanus,-70.404749,43.645798,2018,7.560999870300293,954.7894897460938,80.0,-11.751999855041504,954.7894897460938,80.0,-11.751999855041504
1914342254,Anaxyrus americanus,-68.910015,44.353047,2015,7.161403179168701,886.3173217773438,80.0,-10.59999942779541,886.3173217773438,80.0,-10.59999942779541
1914322373,Anaxyrus americanus,-70.644469,43.408475,2018,7.875333309173584,946.164306640625,84.0,-11.248000144958496,946.164306640625,84.0,-11.248000144958496
1914228330,Anaxyrus americanus,-69.065043,44.240568,2018,6.89965295791626,935.4232177734375,83.0,-11.337499618530273,935.4232177734375,83.0,-11.337499618530273
1914224986,Dryophytes versicolor,-68.990034,44.339959,2018,6.944999694824219,942.6117553710938,83.0,-11.652000427246094,942.6117553710938,83.0,-11.652000427246094
1914209649,Anaxyrus americanus,-70.457657,44.107929,2018,6.679666519165039,998.5344848632812,80.0,-13.739999771118164,998.5344848632812,80.0,-13.739999771118164
1913197096,Dryophytes versicolor,-70.626111,43.420001,2018,7.7773332595825195,949.5455322265625,85.0,-11.5,949.5455322265625,85.0,-11.5
1913194664,Anaxyrus americanus,-70.504055,43.76524,2018,7.12833309173584,962.2102661132812,83.0,-12.668000221252441,962.2102661132812,83.0,-12.668000221252441
1913174952,Anaxyrus americanus,-69.130118,45.87731,2018,3.7879998683929443,1104.6046142578125,53.0,-18.284000396728516,1104.6046142578125,53.0,-18.284000396728516
1901070687,Anaxyrus americanus,-69.257057,44.283729,2018,7.014666557312012,962.6718139648438,82.0,-11.956000328063965,962.6718139648438,82.0,-11.956000328063965
1901055207,Anaxyrus americanus,-70.449976,43.606394,2014,7.513999938964844,948.3323364257812,81.0,-11.704000473022461,948.3323364257812,81.0,-11.704000473022461
1901045667,Anaxyrus americanus,-69.624168,44.115002,2018,7.291666507720947,959.4895629882812,78.0,-11.53600025177002,959.4895629882812,78.0,-11.53600025177002
1901031292,Anaxyrus americanus,-70.460792,43.974655,2018,6.802999973297119,990.3799438476562,85.0,-13.628000259399414,990.3799438476562,85.0,-13.628000259399414
1899814513,Anaxyrus americanus,-70.682486,44.376965,2017,5.877166748046875,1023.9049682617188,70.0,-15.144000053405762,1023.9049682617188,70.0,-15.144000053405762
1899812603,Anaxyrus americanus,-69.661565,44.5643,2016,6.94350004196167,1025.3370361328125,66.0,-13.927999496459961,1025.3370361328125,66.0,-13.927999496459961
1899811680,Anaxyrus americanus,-70.894858,45.081642,2015,3.509666681289673,1069.699951171875,63.0,-18.016000747680664,1069.699951171875,63.0,-18.016000747680664
1899805948,Anaxyrus americanus,-68.744394,44.81778,2018,6.86566686630249,1019.4971923828125,71.0,-13.619999885559082,1019.4971923828125,71.0,-13.619999885559082
1899801284,Anaxyrus americanus,-70.86956,44.57333,2018,5.023333549499512,1025.68505859375,64.0,-15.96399974822998,1025.68505859375,64.0,-15.96399974822998
1899786494,Lithobates pipiens,-68.7315,44.861187,2018,6.577000141143799,1016.5341796875,70.0,-13.859999656677246,1016.5341796875,70.0,-13.859999656677246
1898838846,Anaxyrus americanus,-68.743295,44.815191,2018,6.86566686630249,1019.4971923828125,71.0,-13.619999885559082,1019.4971923828125,71.0,-13.619999885559082
1898807216,Anaxyrus americanus,-68.973719,45.782247,2018,4.67716646194458,1088.1475830078125,55.0,-17.215999603271484,1088.1475830078125,55.0,-17.215999603271484
1891342012,Anaxyrus americanus,-68.981648,45.897624,2018,2.928333282470703,1083.318603515625,63.0,-18.59200096130371,1083.318603515625,63.0,-18.59200096130371
1890700029,Dryophytes versicolor,-67.113682,44.895575,2018,,,,,,,
1890680870,Anaxyrus americanus,-69.066981,44.24119,2018,6.89965295791626,935.4232177734375,83.0,-11.337499618530273,935.4232177734375,83.0,-11.337499618530273
1890092030,Anaxyrus americanus,-70.719895,44.181063,2018,6.141833305358887,1003.2992553710938,80.0,-14.711999893188477,1003.2992553710938,80.0,-14.711999893188477
1890079001,Anaxyrus americanus,-70.622458,43.393628,2018,7.929999828338623,939.15185546875,83.0,-11.015999794006348,939.15185546875,83.0,-11.015999794006348
1890076237,Lithobates pipiens,-69.319253,44.902347,2018,6.002500057220459,1037.68017578125,69.0,-15.236000061035156,1037.68017578125,69.0,-15.236000061035156
1890062515,Anaxyrus americanus,-69.384238,44.448445,2018,6.376500129699707,987.0676879882812,78.0,-13.303999900817871,987.0676879882812,78.0,-13.303999900817871
1883965584,Lithobates pipiens,-69.317597,44.89868,2018,6.002500057220459,1037.68017578125,69.0,-15.236000061035156,1037.68017578125,69.0,-15.236000061035156
1883951864,Anaxyrus americanus,-70.637469,43.825378,2018,6.920333385467529,979.8250732421875,84.0,-13.588000297546387,979.8250732421875,84.0,-13.588000297546387
1883556503,Lithobates pipiens,-67.285573,45.157182,2014,6.078500270843506,997.8213500976562,78.0,-14.211999893188477,997.8213500976562,78.0,-14.211999893188477
1883556396,Lithobates pipiens,-67.287503,45.147828,2014,6.078500270843506,997.8213500976562,78.0,-14.211999893188477,997.8213500976562,78.0,-14.211999893188477
1883539784,Dryophytes versicolor,-68.064035,44.340139,2018,6.8611979484558105,866.7794799804688,75.0,-10.793749809265137,866.7794799804688,75.0,-10.793749809265137
1883530817,Anaxyrus americanus,-70.597073,43.917183,2018,6.918499946594238,980.228759765625,83.0,-13.456000328063965,980.228759765625,83.0,-13.456000328063965
1883497034,Anaxyrus americanus,-70.987132,44.29646,2018,5.081333160400391,1003.8718872070312,78.0,-15.331999778747559,1003.8718872070312,78.0,-15.331999778747559
1883484382,Anaxyrus americanus,-70.848018,44.466603,2018,5.41349983215332,1024.60498046875,66.0,-15.519999504089355,1024.60498046875,66.0,-15.519999504089355
1883475979,Anaxyrus americanus,-69.475919,43.901519,2018,7.535745620727539,883.2525634765625,78.0,-9.421052932739258,883.2525634765625,78.0,-9.421052932739258
1880496956,Anaxyrus americanus,-69.655421,44.562312,2018,6.94350004196167,1025.3370361328125,66.0,-13.927999496459961,1025.3370361328125,66.0,-13.927999496459961
1880489599,Anaxyrus americanus,-70.590958,43.915432,2018,7.1623334884643555,958.4794311523438,83.0,-12.604000091552734,958.4794311523438,83.0,-12.604000091552734
1880483441,Anaxyrus americanus,-68.983992,45.895813,2018,2.928333282470703,1083.318603515625,63.0,-18.59200096130371,1083.318603515625,63.0,-18.59200096130371
1852454763,Anaxyrus americanus,-70.9811,44.0164,1946,6.725333213806152,1017.3042602539062,83.0,-14.604000091552734,1017.3042602539062,83.0,-14.604000091552734
1852444378,Anaxyrus americanus,-70.9733,44.3942,1939,5.6504998207092285,1017.6448364257812,67.0,-15.251999855041504,1017.6448364257812,67.0,-15.251999855041504
1850932164,Anaxyrus americanus,-70.808237,44.47644,2018,5.67383337020874,1024.9317626953125,65.0,-15.404000282287598,1024.9317626953125,65.0,-15.404000282287598
1850927607,Lithobates pipiens,-68.567616,44.808696,2018,6.529333114624023,1011.2703857421875,74.0,-13.795999526977539,1011.2703857421875,74.0,-13.795999526977539
1848802412,Dryophytes versicolor,-69.973035,43.89485,2018,7.499833106994629,951.3106079101562,79.0,-11.196000099182129,951.3106079101562,79.0,-11.196000099182129
1848779010,Dryophytes versicolor,-70.220656,43.75446,2018,7.390000343322754,945.397705078125,81.0,-11.435999870300293,945.397705078125,81.0,-11.435999870300293
1848772543,Dryophytes versicolor,-69.973068,43.894894,2018,7.499833106994629,951.3106079101562,79.0,-11.196000099182129,951.3106079101562,79.0,-11.196000099182129
1848765571,Anaxyrus americanus,-69.311555,45.451197,2018,3.805333375930786,1068.4505615234375,69.0,-17.555999755859375,1068.4505615234375,69.0,-17.555999755859375
1847602130,Dryophytes versicolor,-68.826574,44.899759,2018,6.436833381652832,1022.7091674804688,69.0,-14.131999969482422,1022.7091674804688,69.0,-14.131999969482422
1847574737,Lithobates pipiens,-67.193283,44.875872,2018,,,,,,,
1847491902,Anaxyrus americanus,-67.765245,44.6213,2018,6.561174392700195,929.960205078125,78.0,-12.550000190734863,929.960205078125,78.0,-12.550000190734863
1841332419,Lithobates pipiens,-68.685797,44.909155,2016,6.562333106994629,1017.734375,68.0,-13.807999610900879,1017.734375,68.0,-13.807999610900879
1839276913,Anaxyrus americanus,-70.82543,44.317444,2017,5.793333530426025,1009.2984619140625,74.0,-15.027999877929688,1009.2984619140625,74.0,-15.027999877929688
1807806322,Lithobates pipiens,-70.35575,43.69828,1898,7.69350004196167,959.7823486328125,81.0,-11.640000343322754,959.7823486328125,81.0,-11.640000343322754
1805369943,Anaxyrus americanus,-69.30748,46.220497,2017,3.5320000648498535,1113.5908203125,52.0,-18.88800048828125,1113.5908203125,52.0,-18.88800048828125
1804134263,Anaxyrus americanus,-70.9565,44.6437,1972,4.222166538238525,1042.07080078125,62.0,-16.940000534057617,1042.07080078125,62.0,-16.940000534057617
1800551310,Dryophytes versicolor,-69.421,43.9738,1997,7.5020833015441895,911.857177734375,78.0,-10.022222518920898,911.857177734375,78.0,-10.022222518920898
1702464584,Anaxyrus americanus,-69.070806,45.966747,2017,3.123166561126709,1103.7056884765625,57.0,-18.899999618530273,1103.7056884765625,57.0,-18.899999618530273
1702462015,Anaxyrus americanus,-69.662134,44.557771,2017,6.94350004196167,1025.3370361328125,66.0,-13.927999496459961,1025.3370361328125,66.0,-13.927999496459961
1699383141,Anaxyrus americanus,-69.950146,43.956408,2017,7.578666687011719,964.7484130859375,79.0,-11.359999656677246,964.7484130859375,79.0,-11.359999656677246
1699366124,Dryophytes versicolor,-68.405268,44.4272,2017,7.0722222328186035,919.9544067382812,76.0,-11.438095092773438,919.9544067382812,76.0,-11.438095092773438
1671719159,Anaxyrus americanus,-69.16525,45.820674,2017,3.886833429336548,1093.435791015625,56.0,-18.007999420166016,1093.435791015625,56.0,-18.007999420166016
1668884967,Anaxyrus americanus,-70.191788,44.244415,2017,6.722833156585693,1005.3626098632812,76.0,-13.447999954223633,1005.3626098632812,76.0,-13.447999954223633
1640061092,Lithobates pipiens,-68.614941,45.907569,2017,4.756999969482422,1090.1136474609375,59.0,-17.18000030517578,1090.1136474609375,59.0,-17.18000030517578
1640057430,Anaxyrus americanus,-69.627298,44.66288,2017,6.508166790008545,1025.691162109375,65.0,-14.460000038146973,1025.691162109375,65.0,-14.460000038146973
1640053870,Anaxyrus americanus,-68.070278,44.841945,2017,5.938166618347168,1000.8165283203125,82.0,-14.47599983215332,1000.8165283203125,82.0,-14.47599983215332
1640046508,Dryophytes versicolor,-69.658163,44.557113,2017,6.94350004196167,1025.3370361328125,66.0,-13.927999496459961,1025.3370361328125,66.0,-13.927999496459961
1640044074,Dryophytes versicolor,-69.97254,43.894907,2017,7.499833106994629,951.3106079101562,79.0,-11.196000099182129,951.3106079101562,79.0,-11.196000099182129
1621795939,Anaxyrus americanus,-70.350419,43.785481,2017,7.260000228881836,961.2611694335938,82.0,-12.208000183105469,961.2611694335938,82.0,-12.208000183105469
1621781650,Anaxyrus americanus,-69.654762,44.55843,2017,6.94350004196167,1025.3370361328125,66.0,-13.927999496459961,1025.3370361328125,66.0,-13.927999496459961
1586945667,Lithobates pipiens,-67.282183,45.137413,2017,6.078500270843506,997.8213500976562,78.0,-14.211999893188477,997.8213500976562,78.0,-14.211999893188477
1586156936,Dryophytes versicolor,-70.30177,44.142731,2017,6.6498332023620605,996.42724609375,79.0,-13.444000244140625,996.42724609375,79.0,-13.444000244140625
1586147214,Lithobates pipiens,-68.567775,44.808927,2017,6.529333114624023,1011.2703857421875,74.0,-13.795999526977539,1011.2703857421875,74.0,-13.795999526977539
1586128299,Dryophytes versicolor,-70.299369,44.142148,2017,6.6498332023620605,996.42724609375,79.0,-13.444000244140625,996.42724609375,79.0,-13.444000244140625
1586102613,Anaxyrus americanus,-70.242633,44.193924,2017,6.800333499908447,1004.172119140625,77.0,-13.300000190734863,1004.172119140625,77.0,-13.300000190734863
1586093242,Dryophytes versicolor,-69.824638,43.930601,2017,,,,,,,
1584434812,Dryophytes versicolor,-70.971179,44.236457,2017,6.218166828155518,1003.9236450195312,76.0,-14.64799976348877,1003.9236450195312,76.0,-14.64799976348877
1584432505,Anaxyrus americanus,-70.82543,44.317444,2017,5.793333530426025,1009.2984619140625,74.0,-15.027999877929688,1009.2984619140625,74.0,-15.027999877929688
1580515371,Anaxyrus americanus,-70.45249,43.684071,2017,7.3466668128967285,965.3731079101562,81.0,-12.319999694824219,965.3731079101562,81.0,-12.319999694824219
1580490152,Anaxyrus americanus,-68.879016,45.843553,2017,3.7321667671203613,1079.7442626953125,59.0,-17.77199935913086,1079.7442626953125,59.0,-17.77199935913086
1580487428,Anaxyrus americanus,-70.810744,43.28154,2017,8.090666770935059,948.1780395507812,83.0,-10.9399995803833,948.1780395507812,83.0,-10.9399995803833
1572380326,Anaxyrus americanus,-69.596178,43.951831,2017,7.624275207519531,907.6475219726562,78.0,-9.960869789123535,907.6475219726562,78.0,-9.960869789123535
1572364723,Anaxyrus americanus,-68.892195,46.11439,2017,3.265000104904175,1112.347412109375,57.0,-19.104000091552734,1112.347412109375,57.0,-19.104000091552734
1571200222,Anaxyrus americanus,-68.997831,45.888754,2017,2.928333282470703,1083.318603515625,63.0,-18.59200096130371,1083.318603515625,63.0,-18.59200096130371
1571129617,Dryophytes versicolor,-69.973131,43.894792,2017,7.499833106994629,951.3106079101562,79.0,-11.196000099182129,951.3106079101562,79.0,-11.196000099182129
1571123849,Anaxyrus americanus,-70.168878,43.95157,2017,7.1551666259765625,966.578369140625,81.0,-12.079999923706055,966.578369140625,81.0,-12.079999923706055
1571104919,Lithobates pipiens,-68.534247,44.969556,2017,6.1536664962768555,1020.2416381835938,71.0,-14.455999374389648,1020.2416381835938,71.0,-14.455999374389648
1457586966,Dryophytes versicolor,-69.382997,44.447354,2016,6.376500129699707,987.0676879882812,78.0,-13.303999900817871,987.0676879882812,78.0,-13.303999900817871
1455572714,Anaxyrus americanus,-69.382997,44.447323,2015,6.376500129699707,987.0676879882812,78.0,-13.303999900817871,987.0676879882812,78.0,-13.303999900817871
1453209801,Anaxyrus americanus,-69.663757,44.563682,2016,6.94350004196167,1025.3370361328125,66.0,-13.927999496459961,1025.3370361328125,66.0,-13.927999496459961
1453190476,Anaxyrus americanus,-67.931805,44.459182,2016,6.672826290130615,918.2078857421875,75.0,-12.017391204833984,918.2078857421875,75.0,-12.017391204833984
1453187167,Anaxyrus americanus,-69.663733,44.566114,2016,6.94350004196167,1025.3370361328125,66.0,-13.927999496459961,1025.3370361328125,66.0,-13.927999496459961
1453173589,Anaxyrus americanus,-69.661592,44.564238,2016,6.94350004196167,1025.3370361328125,66.0,-13.927999496459961,1025.3370361328125,66.0,-13.927999496459961
1453163556,Anaxyrus americanus,-69.662138,44.563401,2016,6.94350004196167,1025.3370361328125,66.0,-13.927999496459961,1025.3370361328125,66.0,-13.927999496459961
1453163039,Anaxyrus americanus,-69.661545,44.564312,2016,6.94350004196167,1025.3370361328125,66.0,-13.927999496459961,1025.3370361328125,66.0,-13.927999496459961
1453157717,Anaxyrus americanus,-69.631712,44.552011,2016,6.94350004196167,1025.3370361328125,66.0,-13.927999496459961,1025.3370361328125,66.0,-13.927999496459961
1453157367,Anaxyrus americanus,-69.661558,44.564335,2016,6.94350004196167,1025.3370361328125,66.0,-13.927999496459961,1025.3370361328125,66.0,-13.927999496459961
1453157360,Anaxyrus americanus,-69.663742,44.566053,2016,6.94350004196167,1025.3370361328125,66.0,-13.927999496459961,1025.3370361328125,66.0,-13.927999496459961
1450585139,Dryophytes versicolor,-67.48,45.53,1989,5.466833114624023,1036.3485107421875,69.0,-15.687999725341797,1036.3485107421875,69.0,-15.687999725341797
1450585135,Dryophytes versicolor,-67.48,45.53,1989,5.466833114624023,1036.3485107421875,69.0,-15.687999725341797,1036.3485107421875,69.0,-15.687999725341797
1450585121,Dryophytes versicolor,-67.48,45.53,1989,5.466833114624023,1036.3485107421875,69.0,-15.687999725341797,1036.3485107421875,69.0,-15.687999725341797
1450585119,Dryophytes versicolor,-67.48,45.53,1989,5.466833114624023,1036.3485107421875,69.0,-15.687999725341797,1036.3485107421875,69.0,-15.687999725341797
1450585112,Dryophytes versicolor,-67.48,45.53,1989,5.466833114624023,1036.3485107421875,69.0,-15.687999725341797,1036.3485107421875,69.0,-15.687999725341797
1450585107,Dryophytes versicolor,-67.48,45.53,1989,5.466833114624023,1036.3485107421875,69.0,-15.687999725341797,1036.3485107421875,69.0,-15.687999725341797
1450585096,Dryophytes versicolor,-67.28,45.13,1989,6.078500270843506,997.8213500976562,78.0,-14.211999893188477,997.8213500976562,78.0,-14.211999893188477
1450585095,Dryophytes versicolor,-67.48,45.53,1989,5.466833114624023,1036.3485107421875,69.0,-15.687999725341797,1036.3485107421875,69.0,-15.687999725341797
1450584961,Dryophytes versicolor,-67.48,45.53,1989,5.466833114624023,1036.3485107421875,69.0,-15.687999725341797,1036.3485107421875,69.0,-15.687999725341797
1450584927,Dryophytes versicolor,-67.48,45.53,1989,5.466833114624023,1036.3485107421875,69.0,-15.687999725341797,1036.3485107421875,69.0,-15.687999725341797
1450583596,Anaxyrus americanus,-67.4,45.16,1997,6.062833309173584,1007.3968505859375,78.0,-14.600000381469727,1007.3968505859375,78.0,-14.600000381469727
1450582917,Dryophytes versicolor,-67.28,45.13,1989,6.078500270843506,997.8213500976562,78.0,-14.211999893188477,997.8213500976562,78.0,-14.211999893188477
1450582907,Dryophytes versicolor,-67.28,45.13,1988,6.078500270843506,997.8213500976562,78.0,-14.211999893188477,997.8213500976562,78.0,-14.211999893188477
1450582806,Dryophytes versicolor,-67.48,45.53,1989,5.466833114624023,1036.3485107421875,69.0,-15.687999725341797,1036.3485107421875,69.0,-15.687999725341797
1450582615,Lithobates pipiens,-67.3,45.03,1972,5.960666656494141,988.7095947265625,80.0,-14.15999984741211,988.7095947265625,80.0,-14.15999984741211
1434747672,Lithobates pipiens,-69.308715,44.681316,2016,6.443833351135254,1014.2817993164062,71.0,-14.263999938964844,1014.2817993164062,71.0,-14.263999938964844
1323002279,Anaxyrus americanus,-67.787353,45.192178,2016,5.727499961853027,1025.4698486328125,81.0,-15.411999702453613,1025.4698486328125,81.0,-15.411999702453613
1322867449,Dryophytes versicolor,-69.8914,43.9889,1975,7.5020833015441895,959.797607421875,79.0,-11.34999942779541,959.797607421875,79.0,-11.34999942779541
1322675144,Anaxyrus americanus,-68.1928,44.3125,1985,,,,,,,
1322425110,Anaxyrus americanus,-70.3769,43.6769,,7.487333297729492,961.6553344726562,81.0,-12.008000373840332,961.6553344726562,81.0,-12.008000373840332
1322391605,Lithobates pipiens,-67.2458,45.0211,1893,6.14633321762085,984.9557495117188,80.0,-13.760000228881836,984.9557495117188,80.0,-13.760000228881836
1322296111,Anaxyrus americanus,-70.3769,43.6769,,7.487333297729492,961.6553344726562,81.0,-12.008000373840332,961.6553344726562,81.0,-12.008000373840332
1322002944,Anaxyrus americanus,-70.3769,43.6769,,7.487333297729492,961.6553344726562,81.0,-12.008000373840332,961.6553344726562,81.0,-12.008000373840332
1321937673,Anaxyrus americanus,-70.3769,43.6769,,7.487333297729492,961.6553344726562,81.0,-12.008000373840332,961.6553344726562,81.0,-12.008000373840332
1321799416,Lithobates pipiens,-67.2458,45.0211,1893,6.14633321762085,984.9557495117188,80.0,-13.760000228881836,984.9557495117188,80.0,-13.760000228881836
1321731244,Lithobates pipiens,-68.3278,47.1156,1903,3.181666612625122,1153.251708984375,62.0,-20.355998992919922,1153.251708984375,62.0,-20.355998992919922
1321449186,Lithobates pipiens,-68.5697,44.2661,1897,7.139484405517578,901.86083984375,75.0,-10.65238094329834,901.86083984375,75.0,-10.65238094329834
1320718941,Anaxyrus americanus,-68.4206,44.4969,1949,,,,,,,
1320039028,Anaxyrus americanus,-70.3769,43.6769,,7.487333297729492,961.6553344726562,81.0,-12.008000373840332,961.6553344726562,81.0,-12.008000373840332
1319966626,Anaxyrus americanus,-66.9906,44.9061,1872,,,,,,,
1319404839,Lithobates pipiens,-67.2939,45.1489,1893,,,,,,,
1319351196,Lithobates pipiens,-69.9775,44.305,1937,6.815000057220459,1010.205078125,73.0,-13.472000122070312,1010.205078125,73.0,-13.472000122070312
1319105120,Anaxyrus americanus,-68.05,46.98,1986,3.2925000190734863,1128.6451416015625,57.0,-19.411998748779297,1128.6451416015625,57.0,-19.411998748779297
1318974627,Anaxyrus americanus,-70.3769,43.6769,,7.487333297729492,961.6553344726562,81.0,-12.008000373840332,961.6553344726562,81.0,-12.008000373840332
1318709443,Anaxyrus americanus,-70.3769,43.6769,,7.487333297729492,961.6553344726562,81.0,-12.008000373840332,961.6553344726562,81.0,-12.008000373840332
1318473000,Anaxyrus americanus,-70.37,43.68,1986,7.69350004196167,959.7823486328125,81.0,-11.640000343322754,959.7823486328125,81.0,-11.640000343322754
1317713821,Anaxyrus americanus,-70.3769,43.6769,,7.487333297729492,961.6553344726562,81.0,-12.008000373840332,961.6553344726562,81.0,-12.008000373840332
1317618443,Lithobates pipiens,-67.2458,45.0211,1893,6.14633321762085,984.9557495117188,80.0,-13.760000228881836,984.9557495117188,80.0,-13.760000228881836
1315064160,Anaxyrus americanus,-69.017658,45.948848,2008,2.3434998989105225,1091.3916015625,69.0,-19.200000762939453,1091.3916015625,69.0,-19.200000762939453
1315053195,Dryophytes versicolor,-70.903612,43.082958,2016,,,,,,,
1305141208,Anaxyrus americanus,-67.936964,44.463038,2016,6.672826290130615,918.2078857421875,75.0,-12.017391204833984,918.2078857421875,75.0,-12.017391204833984
1305129726,Anaxyrus americanus,-70.28875,43.737912,2015,7.567666530609131,948.2005004882812,81.0,-11.359999656677246,948.2005004882812,81.0,-11.359999656677246
1291135391,Anaxyrus americanus,-70.978683,44.265899,2016,5.476166725158691,1000.5040893554688,80.0,-15.03600025177002,1000.5040893554688,80.0,-15.03600025177002
1273853682,Anaxyrus americanus,-70.632843,43.391466,2016,7.875333309173584,946.164306640625,84.0,-11.248000144958496,946.164306640625,84.0,-11.248000144958496
1270057707,Lithobates pipiens,-68.517566,44.984459,2016,6.1536664962768555,1020.2416381835938,71.0,-14.455999374389648,1020.2416381835938,71.0,-14.455999374389648
1270057619,Anaxyrus americanus,-70.662142,44.393559,2016,5.840666770935059,1022.7996826171875,71.0,-15.128000259399414,1022.7996826171875,71.0,-15.128000259399414
1270049716,Anaxyrus americanus,-70.84618,44.308677,2016,5.49233341217041,1005.8324584960938,77.0,-15.13599967956543,1005.8324584960938,77.0,-15.13599967956543
1269582170,Anaxyrus americanus,-70.684427,44.384973,2016,5.877166748046875,1023.9049682617188,70.0,-15.144000053405762,1023.9049682617188,70.0,-15.144000053405762
1269571772,Anaxyrus americanus,-70.160123,44.559859,2015,5.888166904449463,1027.3656005859375,75.0,-15.276000022888184,1027.3656005859375,75.0,-15.276000022888184
1269571670,Anaxyrus americanus,-70.663403,44.75871,2012,4.215000152587891,1050.8768310546875,65.0,-17.06399917602539,1050.8768310546875,65.0,-17.06399917602539
1269571659,Anaxyrus americanus,-70.16012,44.559855,2013,5.888166904449463,1027.3656005859375,75.0,-15.276000022888184,1027.3656005859375,75.0,-15.276000022888184
1265537899,Anaxyrus americanus,-70.949967,44.280301,2011,5.559999942779541,1003.0223999023438,80.0,-15.027999877929688,1003.0223999023438,80.0,-15.027999877929688
1211976503,Anaxyrus americanus,-70.983265,44.352646,2012,5.436166763305664,1010.6446533203125,71.0,-15.232000350952148,1010.6446533203125,71.0,-15.232000350952148
1211003654,Dryophytes versicolor,-69.837782,43.839772,2015,7.632465362548828,910.4086303710938,78.0,-10.191666603088379,910.4086303710938,78.0,-10.191666603088379
1211003649,Anaxyrus americanus,-69.83887,43.839349,2015,7.632465362548828,910.4086303710938,78.0,-10.191666603088379,910.4086303710938,78.0,-10.191666603088379
1211003642,Dryophytes versicolor,-69.764868,44.622348,2015,6.454833507537842,1027.7020263671875,66.0,-14.5600004196167,1027.7020263671875,66.0,-14.5600004196167
1147218813,Dryophytes versicolor,-67.739639,44.661584,1996,6.44783353805542,952.99169921875,78.0,-13.083999633789062,952.99169921875,78.0,-13.083999633789062
1147202528,Dryophytes versicolor,-67.739639,44.661584,1996,6.44783353805542,952.99169921875,78.0,-13.083999633789062,952.99169921875,78.0,-13.083999633789062
1147127439,Dryophytes versicolor,-67.739639,44.661584,1996,6.44783353805542,952.99169921875,78.0,-13.083999633789062,952.99169921875,78.0,-13.083999633789062
1146714402,Anaxyrus americanus,-69.9358,43.90958,1912,7.652651786804199,950.5384521484375,78.0,-10.940909385681152,950.5384521484375,78.0,-10.940909385681152
1146714373,Anaxyrus americanus,-69.9358,43.90958,1900,7.652651786804199,950.5384521484375,78.0,-10.940909385681152,950.5384521484375,78.0,-10.940909385681152
1146714367,Anaxyrus americanus,-69.9358,43.90958,1900,7.652651786804199,950.5384521484375,78.0,-10.940909385681152,950.5384521484375,78.0,-10.940909385681152
1143518879,Dryophytes versicolor,-69.625322,44.170074,2014,7.1545000076293945,975.701171875,75.0,-12.168000221252441,975.701171875,75.0,-12.168000221252441
1122681267,Dryophytes versicolor,-69.417,43.9776,2015,7.5020833015441895,911.857177734375,78.0,-10.022222518920898,911.857177734375,78.0,-10.022222518920898
1099968379,Anaxyrus americanus,-69.255951,45.460127,1998,4.2241668701171875,1067.6583251953125,65.0,-17.299999237060547,1067.6583251953125,65.0,-17.299999237060547
1065580180,Dryophytes versicolor,-70.565063,43.606287,2014,7.396833419799805,960.0033569335938,83.0,-12.411999702453613,960.0033569335938,83.0,-12.411999702453613
1055063544,Anaxyrus americanus,-70.683652,44.551064,2014,5.437166690826416,1032.3094482421875,64.0,-15.644000053405762,1032.3094482421875,64.0,-15.644000053405762
1039487472,Anaxyrus americanus,-69.967284,45.336162,2005,4.26966667175293,1072.6165771484375,57.0,-17.564001083374023,1072.6165771484375,57.0,-17.564001083374023
1039484954,Anaxyrus americanus,-69.967284,45.336162,2005,4.26966667175293,1072.6165771484375,57.0,-17.564001083374023,1072.6165771484375,57.0,-17.564001083374023
1039484343,Anaxyrus americanus,-70.2006,43.5636,1978,,,,,,,
1039483868,Anaxyrus americanus,-68.9264,45.3233,1984,5.458333492279053,1046.8919677734375,68.0,-15.776000022888184,1046.8919677734375,68.0,-15.776000022888184
1039482712,Anaxyrus americanus,-69.05806,46.353131,1985,3.071666717529297,1125.005615234375,54.0,-19.736000061035156,1125.005615234375,54.0,-19.736000061035156
1039481389,Anaxyrus americanus,-69.967284,45.336162,2005,4.26966667175293,1072.6165771484375,57.0,-17.564001083374023,1072.6165771484375,57.0,-17.564001083374023
1039477472,Anaxyrus americanus,-69.749096,44.708536,2012,6.093500137329102,1036.076171875,67.0,-15.180000305175781,1036.076171875,67.0,-15.180000305175781
1039477189,Anaxyrus americanus,-69.967284,45.336162,2005,4.26966667175293,1072.6165771484375,57.0,-17.564001083374023,1072.6165771484375,57.0,-17.564001083374023
1039475754,Anaxyrus americanus,-69.967284,45.336162,2005,4.26966667175293,1072.6165771484375,57.0,-17.564001083374023,1072.6165771484375,57.0,-17.564001083374023
1039474973,Lithobates pipiens,-68.0164,46.6811,1987,4.0941667556762695,1139.5782470703125,47.0,-18.1200008392334,1139.5782470703125,47.0,-18.1200008392334
1039474125,Anaxyrus americanus,-69.967284,45.336162,2005,4.26966667175293,1072.6165771484375,57.0,-17.564001083374023,1072.6165771484375,57.0,-17.564001083374023
1039473831,Dryophytes versicolor,-68.34872,45.161621,1984,5.641666412353516,1035.297119140625,77.0,-15.324000358581543,1035.297119140625,77.0,-15.324000358581543
1039472644,Dryophytes versicolor,-70.366495,44.10152,2008,6.805166721343994,997.453857421875,79.0,-13.368000030517578,997.453857421875,79.0,-13.368000030517578
1039472632,Anaxyrus americanus,-69.967284,45.336162,2005,4.26966667175293,1072.6165771484375,57.0,-17.564001083374023,1072.6165771484375,57.0,-17.564001083374023
1039471488,Lithobates pipiens,-68.0164,46.6811,1987,4.0941667556762695,1139.5782470703125,47.0,-18.1200008392334,1139.5782470703125,47.0,-18.1200008392334
1039468636,Anaxyrus americanus,-69.963662,43.960647,2007,7.333333492279053,967.0189208984375,80.0,-11.723999977111816,967.0189208984375,80.0,-11.723999977111816
1039466499,Lithobates pipiens,-70.0367,45.3969,1984,3.86899995803833,1077.8416748046875,58.0,-17.86400032043457,1077.8416748046875,58.0,-17.86400032043457
1039464929,Anaxyrus americanus,-70.2006,43.5636,1978,,,,,,,
1039464567,Anaxyrus americanus,-69.967284,45.336162,2005,4.26966667175293,1072.6165771484375,57.0,-17.564001083374023,1072.6165771484375,57.0,-17.564001083374023
1039458582,Anaxyrus americanus,-69.967284,45.336162,2005,4.26966667175293,1072.6165771484375,57.0,-17.564001083374023,1072.6165771484375,57.0,-17.564001083374023
1039454212,Anaxyrus americanus,-68.9264,45.3233,1984,5.458333492279053,1046.8919677734375,68.0,-15.776000022888184,1046.8919677734375,68.0,-15.776000022888184
1039453762,Anaxyrus americanus,-69.967284,45.336162,2005,4.26966667175293,1072.6165771484375,57.0,-17.564001083374023,1072.6165771484375,57.0,-17.564001083374023
1039453743,Dryophytes versicolor,-67.956834,45.023362,2013,5.721166610717773,1018.4268798828125,84.0,-15.140000343322754,1018.4268798828125,84.0,-15.140000343322754
1019065889,Dryophytes versicolor,-69.417,43.9776,2014,7.5020833015441895,911.857177734375,78.0,-10.022222518920898,911.857177734375,78.0,-10.022222518920898
1019035008,Dryophytes versicolor,-69.45,44.0167,1955,7.448500156402588,925.861328125,78.0,-10.435999870300293,925.861328125,78.0,-10.435999870300293
1019030665,Dryophytes versicolor,-69.45,44.0167,1954,7.448500156402588,925.861328125,78.0,-10.435999870300293,925.861328125,78.0,-10.435999870300293
923915660,Dryophytes versicolor,-69.441541,43.965447,2014,7.5020833015441895,911.857177734375,78.0,-10.022222518920898,911.857177734375,78.0,-10.022222518920898
911491116,Anaxyrus americanus,-69.520111,45.762158,2013,3.193166732788086,1101.1087646484375,62.0,-18.756000518798828,1101.1087646484375,62.0,-18.756000518798828
899942038,Anaxyrus americanus,-70.63458,44.906038,2013,3.119166612625122,1060.19482421875,76.0,-18.04400062561035,1060.19482421875,76.0,-18.04400062561035
895437672,Lithobates pipiens,-69.5525,45.3353,1979,3.9648334980010986,1074.4100341796875,66.0,-17.76799964904785,1074.4100341796875,66.0,-17.76799964904785
891065809,Anaxyrus americanus,-69.240432,45.191005,2011,5.382166862487793,1058.4385986328125,72.0,-16.27199935913086,1058.4385986328125,72.0,-16.27199935913086
861693790,Lithobates pipiens,-69.2498,45.5003,1977,3.253833293914795,1066.4791259765625,71.0,-17.944000244140625,1066.4791259765625,71.0,-17.944000244140625
786480049,Lithobates pipiens,-69.96,44.24,1937,7.054499626159668,1004.9155883789062,74.0,-12.960000038146973,1004.9155883789062,74.0,-12.960000038146973
786479267,Lithobates pipiens,-69.95,44.23,1941,7.130166530609131,1003.1016235351562,74.0,-12.800000190734863,1003.1016235351562,74.0,-12.800000190734863
786479265,Lithobates pipiens,-69.95,44.23,1941,7.130166530609131,1003.1016235351562,74.0,-12.800000190734863,1003.1016235351562,74.0,-12.800000190734863
786479263,Lithobates pipiens,-69.95,44.23,1941,7.130166530609131,1003.1016235351562,74.0,-12.800000190734863,1003.1016235351562,74.0,-12.800000190734863
786479260,Lithobates pipiens,-69.95,44.23,1941,7.130166530609131,1003.1016235351562,74.0,-12.800000190734863,1003.1016235351562,74.0,-12.800000190734863
786479258,Lithobates pipiens,-69.95,44.23,1941,7.130166530609131,1003.1016235351562,74.0,-12.800000190734863,1003.1016235351562,74.0,-12.800000190734863
786479255,Lithobates pipiens,-69.95,44.23,1941,7.130166530609131,1003.1016235351562,74.0,-12.800000190734863,1003.1016235351562,74.0,-12.800000190734863
786479252,Lithobates pipiens,-69.95,44.23,1941,7.130166530609131,1003.1016235351562,74.0,-12.800000190734863,1003.1016235351562,74.0,-12.800000190734863
786479249,Lithobates pipiens,-69.95,44.23,1941,7.130166530609131,1003.1016235351562,74.0,-12.800000190734863,1003.1016235351562,74.0,-12.800000190734863
786479246,Lithobates pipiens,-69.95,44.23,1941,7.130166530609131,1003.1016235351562,74.0,-12.800000190734863,1003.1016235351562,74.0,-12.800000190734863
786479243,Lithobates pipiens,-69.95,44.23,1941,7.130166530609131,1003.1016235351562,74.0,-12.800000190734863,1003.1016235351562,74.0,-12.800000190734863
786478568,Anaxyrus americanus,-69.96,44.24,1941,7.054499626159668,1004.9155883789062,74.0,-12.960000038146973,1004.9155883789062,74.0,-12.960000038146973
786478565,Anaxyrus americanus,-69.96,44.24,1941,7.054499626159668,1004.9155883789062,74.0,-12.960000038146973,1004.9155883789062,74.0,-12.960000038146973
786478562,Anaxyrus americanus,-69.96,44.24,1935,7.054499626159668,1004.9155883789062,74.0,-12.960000038146973,1004.9155883789062,74.0,-12.960000038146973
786478561,Anaxyrus americanus,-69.96,44.24,1935,7.054499626159668,1004.9155883789062,74.0,-12.960000038146973,1004.9155883789062,74.0,-12.960000038146973
786478558,Anaxyrus americanus,-69.96,44.24,1935,7.054499626159668,1004.9155883789062,74.0,-12.960000038146973,1004.9155883789062,74.0,-12.960000038146973
786443069,Anaxyrus americanus,-70.47,43.36,1988,8.032675743103027,906.893310546875,80.0,-9.942105293273926,906.893310546875,80.0,-9.942105293273926
786135128,Anaxyrus americanus,-70.74,45.11,1931,3.255666732788086,1065.60498046875,68.0,-18.24799919128418,1065.60498046875,68.0,-18.24799919128418
786135123,Anaxyrus americanus,-70.77,45.13,1931,3.0918333530426025,1065.704345703125,71.0,-18.280000686645508,1065.704345703125,71.0,-18.280000686645508
786135117,Anaxyrus americanus,-70.77,45.1,1931,3.241833209991455,1062.334228515625,69.0,-18.131999969482422,1062.334228515625,69.0,-18.131999969482422
786135111,Anaxyrus americanus,-70.64,44.96,1931,3.7065000534057617,1073.615478515625,64.0,-18.148000717163086,1073.615478515625,64.0,-18.148000717163086
786133386,Anaxyrus americanus,-70.77,45.1,1924,3.241833209991455,1062.334228515625,69.0,-18.131999969482422,1062.334228515625,69.0,-18.131999969482422
786133382,Anaxyrus americanus,-70.77,45.1,1924,3.241833209991455,1062.334228515625,69.0,-18.131999969482422,1062.334228515625,69.0,-18.131999969482422
786089063,Anaxyrus americanus,-68.32,44.27,1950,,,,,,,
785974124,Anaxyrus americanus,-69.38,46.49,1929,2.9713335037231445,1118.435546875,55.0,-19.600000381469727,1118.435546875,55.0,-19.600000381469727
735685687,Dryophytes versicolor,-70.910278,43.534167,1932,7.148333549499512,975.4763793945312,87.0,-12.944000244140625,975.4763793945312,87.0,-12.944000244140625
735685686,Dryophytes versicolor,-70.910278,43.534167,1932,7.148333549499512,975.4763793945312,87.0,-12.944000244140625,975.4763793945312,87.0,-12.944000244140625
735685684,Dryophytes versicolor,-70.910278,43.534167,1932,7.148333549499512,975.4763793945312,87.0,-12.944000244140625,975.4763793945312,87.0,-12.944000244140625
687002652,Lithobates pipiens,-69.3839,44.7825,1998,6.307833194732666,1027.23974609375,68.0,-14.715999603271484,1027.23974609375,68.0,-14.715999603271484
687000273,Lithobates pipiens,-69.3839,44.7825,1998,6.307833194732666,1027.23974609375,68.0,-14.715999603271484,1027.23974609375,68.0,-14.715999603271484
543710027,Anaxyrus americanus,-68.662752,44.568044,1938,6.709333419799805,983.5159912109375,81.0,-12.928000450134277,983.5159912109375,81.0,-12.928000450134277
543710026,Anaxyrus americanus,-68.662752,44.568044,1938,6.709333419799805,983.5159912109375,81.0,-12.928000450134277,983.5159912109375,81.0,-12.928000450134277
543710025,Anaxyrus americanus,-68.662752,44.568044,1938,6.709333419799805,983.5159912109375,81.0,-12.928000450134277,983.5159912109375,81.0,-12.928000450134277
543710024,Anaxyrus americanus,-68.662752,44.568044,1938,6.709333419799805,983.5159912109375,81.0,-12.928000450134277,983.5159912109375,81.0,-12.928000450134277
543710023,Anaxyrus americanus,-68.662752,44.568044,1938,6.709333419799805,983.5159912109375,81.0,-12.928000450134277,983.5159912109375,81.0,-12.928000450134277
543710020,Anaxyrus americanus,-68.662752,44.568044,1938,6.709333419799805,983.5159912109375,81.0,-12.928000450134277,983.5159912109375,81.0,-12.928000450134277
543710019,Anaxyrus americanus,-68.662752,44.568044,1938,6.709333419799805,983.5159912109375,81.0,-12.928000450134277,983.5159912109375,81.0,-12.928000450134277
543710018,Anaxyrus americanus,-68.662752,44.568044,1938,6.709333419799805,983.5159912109375,81.0,-12.928000450134277,983.5159912109375,81.0,-12.928000450134277
543710017,Anaxyrus americanus,-68.662752,44.568044,1938,6.709333419799805,983.5159912109375,81.0,-12.928000450134277,983.5159912109375,81.0,-12.928000450134277
543710016,Anaxyrus americanus,-68.662752,44.568044,1938,6.709333419799805,983.5159912109375,81.0,-12.928000450134277,983.5159912109375,81.0,-12.928000450134277
543710015,Anaxyrus americanus,-68.662752,44.568044,1938,6.709333419799805,983.5159912109375,81.0,-12.928000450134277,983.5159912109375,81.0,-12.928000450134277
543710014,Anaxyrus americanus,-68.662752,44.568044,1938,6.709333419799805,983.5159912109375,81.0,-12.928000450134277,983.5159912109375,81.0,-12.928000450134277
543710013,Anaxyrus americanus,-68.662752,44.568044,1938,6.709333419799805,983.5159912109375,81.0,-12.928000450134277,983.5159912109375,81.0,-12.928000450134277
543710012,Anaxyrus americanus,-68.662752,44.568044,1938,6.709333419799805,983.5159912109375,81.0,-12.928000450134277,983.5159912109375,81.0,-12.928000450134277
543710011,Anaxyrus americanus,-68.662752,44.568044,1938,6.709333419799805,983.5159912109375,81.0,-12.928000450134277,983.5159912109375,81.0,-12.928000450134277
543641603,Lithobates pipiens,-70.9292,43.7269,1921,6.673666477203369,983.27392578125,89.0,-13.843999862670898,983.27392578125,89.0,-13.843999862670898
543474405,Dryophytes versicolor,-70.4983,43.8553,1906,7.190333366394043,964.6398315429688,83.0,-12.515999794006348,964.6398315429688,83.0,-12.515999794006348
543474394,Lithobates pipiens,-70.6272,43.8414,1906,6.880666732788086,976.7943115234375,83.0,-13.520000457763672,976.7943115234375,83.0,-13.520000457763672
476783773,Anaxyrus americanus,-70.2336,43.6889,1989,7.707639217376709,930.7933349609375,80.0,-10.75,930.7933349609375,80.0,-10.75
476783594,Dryophytes versicolor,-69.8608,44.3244,1914,6.881333351135254,1005.9871215820312,72.0,-13.192000389099121,1005.9871215820312,72.0,-13.192000389099121
476783485,Anaxyrus americanus,-69.9658,43.9144,1912,7.499833106994629,951.3106079101562,79.0,-11.196000099182129,951.3106079101562,79.0,-11.196000099182129
476783484,Anaxyrus americanus,-69.9658,43.9144,1912,7.499833106994629,951.3106079101562,79.0,-11.196000099182129,951.3106079101562,79.0,-11.196000099182129
476638610,Anaxyrus americanus,-68.4786,46.7625,,3.3380000591278076,1144.573974609375,52.0,-20.275999069213867,1144.573974609375,52.0,-20.275999069213867
476638504,Anaxyrus americanus,-70.5453,44.2139,1860,6.454833507537842,1014.0440673828125,76.0,-14.503999710083008,1014.0440673828125,76.0,-14.503999710083008
476634541,Lithobates pipiens,-70.54105,43.85125,,7.247499942779541,947.6463012695312,83.0,-12.0600004196167,947.6463012695312,83.0,-12.0600004196167
476634540,Lithobates pipiens,-70.54105,43.85125,,7.247499942779541,947.6463012695312,83.0,-12.0600004196167,947.6463012695312,83.0,-12.0600004196167
476632727,Lithobates pipiens,-71.01062,44.69425,1863,4.192333221435547,1052.97509765625,59.0,-17.148000717163086,1052.97509765625,59.0,-17.148000717163086
476632726,Lithobates pipiens,-71.01062,44.69425,1863,4.192333221435547,1052.97509765625,59.0,-17.148000717163086,1052.97509765625,59.0,-17.148000717163086
476632610,Lithobates pipiens,-71.01062,44.69425,1863,4.192333221435547,1052.97509765625,59.0,-17.148000717163086,1052.97509765625,59.0,-17.148000717163086
476632609,Lithobates pipiens,-71.01062,44.69425,1863,4.192333221435547,1052.97509765625,59.0,-17.148000717163086,1052.97509765625,59.0,-17.148000717163086
476628624,Lithobates pipiens,-71.01062,44.69425,1863,4.192333221435547,1052.97509765625,59.0,-17.148000717163086,1052.97509765625,59.0,-17.148000717163086
476628623,Lithobates pipiens,-71.01062,44.69425,1863,4.192333221435547,1052.97509765625,59.0,-17.148000717163086,1052.97509765625,59.0,-17.148000717163086
476624627,Anaxyrus americanus,-69.0653,44.23867,1979,6.89965295791626,935.4232177734375,83.0,-11.337499618530273,935.4232177734375,83.0,-11.337499618530273
476624626,Anaxyrus americanus,-69.2561,44.20586,1979,7.30150032043457,953.2941284179688,80.0,-11.319999694824219,953.2941284179688,80.0,-11.319999694824219
476624625,Anaxyrus americanus,-69.1467,44.195,1979,7.0395002365112305,939.052490234375,82.0,-11.211999893188477,939.052490234375,82.0,-11.211999893188477
476604991,Anaxyrus americanus,-70.05075,44.96035,1978,5.327166557312012,1050.2247314453125,63.0,-16.468000411987305,1050.2247314453125,63.0,-16.468000411987305
476604990,Anaxyrus americanus,-70.05075,44.96035,1978,5.327166557312012,1050.2247314453125,63.0,-16.468000411987305,1050.2247314453125,63.0,-16.468000411987305
476604989,Anaxyrus americanus,-70.05075,44.96035,1978,5.327166557312012,1050.2247314453125,63.0,-16.468000411987305,1050.2247314453125,63.0,-16.468000411987305
476602694,Anaxyrus americanus,-68.9639,45.6628,1978,4.921000003814697,1082.060302734375,58.0,-16.775999069213867,1082.060302734375,58.0,-16.775999069213867
476602693,Anaxyrus americanus,-68.9639,45.6628,1978,4.921000003814697,1082.060302734375,58.0,-16.775999069213867,1082.060302734375,58.0,-16.775999069213867
476602375,Anaxyrus americanus,-70.51558,44.9969,1978,3.390500068664551,1056.7633056640625,70.0,-17.847999572753906,1056.7633056640625,70.0,-17.847999572753906
476602374,Anaxyrus americanus,-68.9639,45.6628,1978,4.921000003814697,1082.060302734375,58.0,-16.775999069213867,1082.060302734375,58.0,-16.775999069213867
476601071,Anaxyrus americanus,-70.0272,43.8231,1962,,,,,,,
476572870,Anaxyrus americanus,-70.5453,44.2139,,6.454833507537842,1014.0440673828125,76.0,-14.503999710083008,1014.0440673828125,76.0,-14.503999710083008
476572869,Lithobates pipiens,-70.5453,44.2139,,6.454833507537842,1014.0440673828125,76.0,-14.503999710083008,1014.0440673828125,76.0,-14.503999710083008
476572571,Anaxyrus americanus,-70.5453,44.2139,,6.454833507537842,1014.0440673828125,76.0,-14.503999710083008,1014.0440673828125,76.0,-14.503999710083008
476572568,Dryophytes versicolor,-70.5453,44.2139,,6.454833507537842,1014.0440673828125,76.0,-14.503999710083008,1014.0440673828125,76.0,-14.503999710083008
476568040,Anaxyrus americanus,-70.7531,44.9472,,3.883666753768921,1060.10498046875,61.0,-17.756000518798828,1060.10498046875,61.0,-17.756000518798828
476565860,Anaxyrus americanus,-70.7911,44.4042,,5.93916654586792,1025.2254638671875,68.0,-15.196000099182129,1025.2254638671875,68.0,-15.196000099182129
476565859,Anaxyrus americanus,-68.3706,44.4389,1860,,,,,,,
476565759,Anaxyrus americanus,-68.3706,44.4389,1860,,,,,,,
476565758,Anaxyrus americanus,-68.3706,44.4389,1860,,,,,,,
476565757,Anaxyrus americanus,-68.3706,44.4389,1860,,,,,,,
476565756,Anaxyrus americanus,-68.3706,44.4389,1860,,,,,,,
476565553,Anaxyrus americanus,-68.4786,46.7625,,3.3380000591278076,1144.573974609375,52.0,-20.275999069213867,1144.573974609375,52.0,-20.275999069213867
476559582,Lithobates pipiens,-68.5833,44.7919,,6.529333114624023,1011.2703857421875,74.0,-13.795999526977539,1011.2703857421875,74.0,-13.795999526977539
476558768,Anaxyrus americanus,-70.7911,44.4042,,5.93916654586792,1025.2254638671875,68.0,-15.196000099182129,1025.2254638671875,68.0,-15.196000099182129
476558764,Anaxyrus americanus,-70.7911,44.4042,,5.93916654586792,1025.2254638671875,68.0,-15.196000099182129,1025.2254638671875,68.0,-15.196000099182129
476558445,Anaxyrus americanus,-66.99026,44.8798,1859,,,,,,,
476552816,Lithobates pipiens,-71.01062,44.69425,,4.192333221435547,1052.97509765625,59.0,-17.148000717163086,1052.97509765625,59.0,-17.148000717163086
476552812,Dryophytes versicolor,-70.5453,44.2139,,6.454833507537842,1014.0440673828125,76.0,-14.503999710083008,1014.0440673828125,76.0,-14.503999710083008
476552718,Lithobates pipiens,-70.5453,44.2139,1863,6.454833507537842,1014.0440673828125,76.0,-14.503999710083008,1014.0440673828125,76.0,-14.503999710083008
476552522,Anaxyrus americanus,-69.6781,44.4592,,6.860833168029785,1014.2239990234375,65.0,-13.616000175476074,1014.2239990234375,65.0,-13.616000175476074
476552521,Lithobates pipiens,-69.6781,44.4592,,6.860833168029785,1014.2239990234375,65.0,-13.616000175476074,1014.2239990234375,65.0,-13.616000175476074
476552318,Anaxyrus americanus,-68.3706,44.4389,1860,,,,,,,
476542940,Anaxyrus americanus,-68.9972,45.8872,1911,2.928333282470703,1083.318603515625,63.0,-18.59200096130371,1083.318603515625,63.0,-18.59200096130371
476538309,Anaxyrus americanus,-70.5453,44.2139,,6.454833507537842,1014.0440673828125,76.0,-14.503999710083008,1014.0440673828125,76.0,-14.503999710083008
476531240,Dryophytes versicolor,-70.6272,43.8414,1968,6.880666732788086,976.7943115234375,83.0,-13.520000457763672,976.7943115234375,83.0,-13.520000457763672
476526445,Lithobates pipiens,-67.40472,45.15702,1940,6.062833309173584,1007.3968505859375,78.0,-14.600000381469727,1007.3968505859375,78.0,-14.600000381469727
476526444,Lithobates pipiens,-67.40472,45.15702,1940,6.062833309173584,1007.3968505859375,78.0,-14.600000381469727,1007.3968505859375,78.0,-14.600000381469727
476526443,Lithobates pipiens,-67.40472,45.15702,1940,6.062833309173584,1007.3968505859375,78.0,-14.600000381469727,1007.3968505859375,78.0,-14.600000381469727
476526442,Lithobates pipiens,-67.40472,45.15702,1940,6.062833309173584,1007.3968505859375,78.0,-14.600000381469727,1007.3968505859375,78.0,-14.600000381469727
476526441,Lithobates pipiens,-67.40472,45.15702,1940,6.062833309173584,1007.3968505859375,78.0,-14.600000381469727,1007.3968505859375,78.0,-14.600000381469727
476526440,Lithobates pipiens,-67.40472,45.15702,1940,6.062833309173584,1007.3968505859375,78.0,-14.600000381469727,1007.3968505859375,78.0,-14.600000381469727
476526129,Lithobates pipiens,-67.40472,45.15702,1940,6.062833309173584,1007.3968505859375,78.0,-14.600000381469727,1007.3968505859375,78.0,-14.600000381469727
476524862,Lithobates pipiens,-67.40472,45.15702,1940,6.062833309173584,1007.3968505859375,78.0,-14.600000381469727,1007.3968505859375,78.0,-14.600000381469727
476512843,Dryophytes versicolor,-69.9658,43.9144,1900,7.499833106994629,951.3106079101562,79.0,-11.196000099182129,951.3106079101562,79.0,-11.196000099182129
476512815,Anaxyrus americanus,-69.8608,44.3244,1916,6.881333351135254,1005.9871215820312,72.0,-13.192000389099121,1005.9871215820312,72.0,-13.192000389099121
476510655,Lithobates pipiens,-70.15111,45.95194,1992,2.746000051498413,1112.502197265625,59.0,-19.052000045776367,1112.502197265625,59.0,-19.052000045776367
476484224,Anaxyrus americanus,-70.05075,44.96035,1978,5.327166557312012,1050.2247314453125,63.0,-16.468000411987305,1050.2247314453125,63.0,-16.468000411987305
476483388,Anaxyrus americanus,-70.0236,45.22911,1978,4.2143330574035645,1069.87158203125,62.0,-17.423999786376953,1069.87158203125,62.0,-17.423999786376953
476473989,Lithobates pipiens,-70.5453,44.2139,,6.454833507537842,1014.0440673828125,76.0,-14.503999710083008,1014.0440673828125,76.0,-14.503999710083008
476471512,Lithobates pipiens,-67.40472,45.15702,1940,6.062833309173584,1007.3968505859375,78.0,-14.600000381469727,1007.3968505859375,78.0,-14.600000381469727
476471496,Lithobates pipiens,-67.40472,45.15702,1940,6.062833309173584,1007.3968505859375,78.0,-14.600000381469727,1007.3968505859375,78.0,-14.600000381469727
